path,run,I,N,R,S,antigenicDiversity,antigenic_movement_per_year,cases,diversity,endDate,epitopeAcceptance,netau,nonEpitopeAcceptance,serialInterval,tmrca,side_branch_epitope_mutations,side_branch_epitope_to_non-epitope_ratio,side_branch_non-epitope_mutations,trunk_epitope_mutations,trunk_epitope_to_non-epitope_ratio,trunk_non-epitope_mutations,branches_parse_failed
../antigen-experiments/experiments/2026-07-04-reviewer-runs/simulations/nonEpitopeAcceptance_0.25_epitopeAcceptance_0.75/run_13,13,,,,,,,,,,0.75,,0.25,,,,,,,,,True
../antigen-experiments/experiments/2026-07-04-reviewer-runs/simulations/nonEpitopeAcceptance_0.25_epitopeAcceptance_0.75/run_10,10,114095.2072,90000000.0,0.0,89885904.7928,0.4299,1.3281497856296256,159808.3804,3.9318,30.0,0.75,inf,0.25,0.01366,3.6836,856.0,0.2935528120713306,2916.0,41.0,1.3666666666666667,30.0,False
../antigen-experiments/experiments/2026-07-04-reviewer-runs/simulations/nonEpitopeAcceptance_0.25_epitopeAcceptance_0.75/run_14,14,143788.4182,90000000.0,0.0,89856211.5818,0.4751,1.4883975584534335,201270.9316,3.439,30.0,0.75,inf,0.25,0.01366,3.3435,959.0,0.31660614064047543,3029.0,50.0,1.9230769230769231,26.0,False
../antigen-experiments/experiments/2026-07-04-reviewer-runs/simulations/nonEpitopeAcceptance_0.25_epitopeAcceptance_0.75/run_18,18,161635.5288,90000000.0,0.0,89838364.4712,0.5375,1.8566538908068604,226527.3491,3.141,30.0,0.75,inf,0.25,0.0136,2.88,1007.0,0.31846932321315624,3162.0,71.0,0.922077922077922,77.0,False
../antigen-experiments/experiments/2026-07-04-reviewer-runs/simulations/nonEpitopeAcceptance_0.25_epitopeAcceptance_0.75/run_25,25,134467.8088,90000000.0,0.0,89865532.1912,0.5395,1.603081343818854,188345.2852,3.9412,30.0,0.75,inf,0.25,0.01363,3.7856,1029.0,0.3337658125202725,3083.0,45.0,4.090909090909091,11.0,False
../antigen-experiments/experiments/2026-07-04-reviewer-runs/simulations/nonEpitopeAcceptance_0.25_epitopeAcceptance_0.75/run_24,24,153949.6598,90000000.0,0.0,89846050.3402,0.6268,1.8688911695790937,215651.523,3.5752,30.0,0.75,inf,0.25,0.01365,3.2356,1046.0,0.3325914149443561,3145.0,60.0,0.9523809523809523,63.0,False
../antigen-experiments/experiments/2026-07-04-reviewer-runs/simulations/nonEpitopeAcceptance_0.25_epitopeAcceptance_0.75/run_19,19,137552.0857,90000000.0,0.0,89862447.9143,0.6882,1.841403876133664,192664.2065,4.0016,30.0,0.75,inf,0.25,0.01365,4.2602,940.0,0.31136137793971513,3019.0,63.0,0.6923076923076923,91.0,False
../antigen-experiments/experiments/2026-07-04-reviewer-runs/simulations/nonEpitopeAcceptance_0.25_epitopeAcceptance_0.75/run_21,21,166839.6515,90000000.0,0.0,89833160.3485,0.8164,1.814679185265495,233693.0428,3.7148,30.0,0.75,inf,0.25,0.01361,3.8281,1121.0,0.331558710440698,3381.0,64.0,1.0491803278688525,61.0,False
../antigen-experiments/experiments/2026-07-04-reviewer-runs/simulations/nonEpitopeAcceptance_0.25_epitopeAcceptance_0.75/run_20,20,137804.9476,90000000.0,0.0,89862195.0524,0.6404,1.5373922505052757,193035.2263,3.5428,30.0,0.75,inf,0.25,0.0136,3.528,1031.0,0.35187713310580204,2930.0,54.0,1.35,40.0,False
../antigen-experiments/experiments/2026-07-04-reviewer-runs/simulations/nonEpitopeAcceptance_0.25_epitopeAcceptance_0.75/run_2,2,147574.7065,90000000.0,0.0,89852425.2935,0.7816,1.9084510530297027,206716.1132,4.2996,30.0,0.75,inf,0.25,0.01361,3.9142,909.0,0.293036750483559,3102.0,66.0,2.357142857142857,28.0,False
../antigen-experiments/experiments/2026-07-04-reviewer-runs/simulations/nonEpitopeAcceptance_0.25_epitopeAcceptance_0.75/run_5,5,,,,,,,,,,0.75,,0.25,,,,,,,,,True
../antigen-experiments/experiments/2026-07-04-reviewer-runs/simulations/nonEpitopeAcceptance_0.25_epitopeAcceptance_0.75/run_23,23,157217.2692,90000000.0,0.0,89842782.7308,0.5568,1.7641264779195247,220100.0978,3.1214,30.0,0.75,inf,0.25,0.01368,2.8692,1003.0,0.3261788617886179,3075.0,51.0,1.9615384615384615,26.0,False
../antigen-experiments/experiments/2026-07-04-reviewer-runs/simulations/nonEpitopeAcceptance_0.25_epitopeAcceptance_0.75/run_22,22,154195.6445,90000000.0,0.0,89845804.3555,0.6766,1.7472583753971656,216009.8414,3.5904,30.0,0.75,inf,0.25,0.01361,3.3756,1012.0,0.31934364152729566,3169.0,69.0,1.6428571428571428,42.0,False
../antigen-experiments/experiments/2026-07-04-reviewer-runs/simulations/nonEpitopeAcceptance_0.25_epitopeAcceptance_0.75/run_8,8,,,,,,,,,,0.75,,0.25,,,,,,,,,True
../antigen-experiments/experiments/2026-07-04-reviewer-runs/simulations/nonEpitopeAcceptance_0.25_epitopeAcceptance_0.75/run_1,1,155175.2142,90000000.0,0.0,89844824.7858,0.5,1.810201332432555,217317.4297,3.2104,30.0,0.75,inf,0.25,0.01361,3.1841,1005.0,0.3029846246608381,3317.0,48.0,1.3714285714285714,35.0,False
../antigen-experiments/experiments/2026-07-04-reviewer-runs/simulations/nonEpitopeAcceptance_0.25_epitopeAcceptance_1.0/run_0,0,,,,,,,,,,1.0,,0.25,,,,,,,,,True
../antigen-experiments/experiments/2026-07-04-reviewer-runs/simulations/nonEpitopeAcceptance_0.25_epitopeAcceptance_0.75/run_0,0,146926.5218,90000000.0,0.0,89853073.4782,0.5986,1.681005097781953,205881.7125,3.5366,30.0,0.75,inf,0.25,0.01364,3.4585,954.0,0.323499491353001,2949.0,77.0,0.506578947368421,152.0,False
../antigen-experiments/experiments/2026-07-04-reviewer-runs/simulations/nonEpitopeAcceptance_0.25_epitopeAcceptance_0.75/run_11,11,151491.218,90000000.0,0.0,89848508.782,0.5712,1.5389803847690302,212229.0902,3.3207,30.0,0.75,inf,0.25,0.01364,3.0608,993.0,0.31826923076923075,3120.0,54.0,1.3170731707317074,41.0,False
../antigen-experiments/experiments/2026-07-04-reviewer-runs/simulations/nonEpitopeAcceptance_0.25_epitopeAcceptance_1.0/run_11,11,,,,,,,,,,1.0,,0.25,,,,,,,,,True
../antigen-experiments/experiments/2026-07-04-reviewer-runs/simulations/nonEpitopeAcceptance_0.25_epitopeAcceptance_0.75/run_17,17,132598.7932,90000000.0,0.0,89867401.2068,0.3929,1.482423414495904,185948.7304,3.6303,30.0,0.75,inf,0.25,0.01364,3.3266,918.0,0.3349142648668369,2741.0,76.0,0.6440677966101694,118.0,False
../antigen-experiments/experiments/2026-07-04-reviewer-runs/simulations/nonEpitopeAcceptance_0.25_epitopeAcceptance_0.75/run_26,26,151953.5793,90000000.0,0.0,89848046.4207,0.565,1.6523134601548437,212847.8133,3.5454,30.0,0.75,inf,0.25,0.01364,3.5291,988.0,0.3054095826893354,3235.0,43.0,2.0476190476190474,21.0,False
../antigen-experiments/experiments/2026-07-04-reviewer-runs/simulations/nonEpitopeAcceptance_0.25_epitopeAcceptance_1.0/run_14,14,,,,,,,,,,1.0,,0.25,,,,,,,,,True
../antigen-experiments/experiments/2026-07-04-reviewer-runs/simulations/nonEpitopeAcceptance_0.25_epitopeAcceptance_0.75/run_16,16,193530.7199,90000000.0,0.0,89806469.2801,1.4322,2.7923083978053587,271073.3734,4.2164,30.0,0.75,inf,0.25,0.01361,4.4566,1116.0,0.3447636700648749,3237.0,49.0,1.0425531914893618,47.0,False
../antigen-experiments/experiments/2026-07-04-reviewer-runs/simulations/nonEpitopeAcceptance_0.25_epitopeAcceptance_0.75/run_12,12,141348.7569,90000000.0,0.0,89858651.2431,0.6858,1.6457473074742028,198004.104,3.9205,30.0,0.75,inf,0.25,0.01364,3.9138,945.0,0.2900552486187845,3258.0,73.0,1.1967213114754098,61.0,False
../antigen-experiments/experiments/2026-07-04-reviewer-runs/simulations/nonEpitopeAcceptance_0.25_epitopeAcceptance_1.0/run_17,17,,,,,,,,,,1.0,,0.25,,,,,,,,,True
../antigen-experiments/experiments/2026-07-04-reviewer-runs/simulations/nonEpitopeAcceptance_0.25_epitopeAcceptance_0.75/run_15,15,150707.7749,90000000.0,0.0,89849292.2251,0.6357,1.6798182414760046,211320.7199,3.4944,30.0,0.75,inf,0.25,0.01362,3.4228,1021.0,0.33376920562275253,3059.0,73.0,0.9864864864864865,74.0,False
../antigen-experiments/experiments/2026-07-04-reviewer-runs/simulations/nonEpitopeAcceptance_0.25_epitopeAcceptance_1.0/run_19,19,,,,,,,,,,1.0,,0.25,,,,,,,,,True
../antigen-experiments/experiments/2026-07-04-reviewer-runs/simulations/nonEpitopeAcceptance_0.25_epitopeAcceptance_1.0/run_2,2,,,,,,,,,,1.0,,0.25,,,,,,,,,True
../antigen-experiments/experiments/2026-07-04-reviewer-runs/simulations/nonEpitopeAcceptance_0.25_epitopeAcceptance_1.0/run_20,20,,,,,,,,,,1.0,,0.25,,,,,,,,,True
../antigen-experiments/experiments/2026-07-04-reviewer-runs/simulations/nonEpitopeAcceptance_0.25_epitopeAcceptance_1.0/run_21,21,,,,,,,,,,1.0,,0.25,,,,,,,,,True
../antigen-experiments/experiments/2026-07-04-reviewer-runs/simulations/nonEpitopeAcceptance_0.25_epitopeAcceptance_0.75/run_27,27,152402.0697,90000000.0,0.0,89847597.9303,0.4779,1.6724631088699995,213458.3152,3.3872,30.0,0.75,inf,0.25,0.01364,3.1175,963.0,0.30263984915147707,3182.0,33.0,11.0,3.0,False
../antigen-experiments/experiments/2026-07-04-reviewer-runs/simulations/nonEpitopeAcceptance_0.25_epitopeAcceptance_0.75/run_29,29,152584.0703,90000000.0,0.0,89847415.9297,0.5176,1.6772353711837553,213619.5684,3.6007,30.0,0.75,inf,0.25,0.0137,3.3456,975.0,0.32338308457711445,3015.0,46.0,1.84,25.0,False
../antigen-experiments/experiments/2026-07-04-reviewer-runs/simulations/nonEpitopeAcceptance_0.25_epitopeAcceptance_0.75/run_28,28,159280.2602,90000000.0,0.0,89840719.7398,0.5792,1.5753263711803558,223073.6605,3.2567,30.0,0.75,inf,0.25,0.01365,3.0234,1023.0,0.3306399482870071,3094.0,57.0,2.85,20.0,False
../antigen-experiments/experiments/2026-07-04-reviewer-runs/simulations/nonEpitopeAcceptance_0.25_epitopeAcceptance_0.75/run_3,3,144188.6861,90000000.0,0.0,89855811.3139,0.5177,1.5705010616142583,201992.5045,3.3518,30.0,0.75,inf,0.25,0.01364,3.1645,936.0,0.3037974683544304,3081.0,52.0,1.1304347826086956,46.0,False
../antigen-experiments/experiments/2026-07-04-reviewer-runs/simulations/nonEpitopeAcceptance_0.25_epitopeAcceptance_0.75/run_6,6,123850.5119,90000000.0,0.0,89876149.4881,0.503,1.5797458117412475,173479.7489,3.9608,30.0,0.75,inf,0.25,0.01369,3.7912,940.0,0.3211479330372395,2927.0,56.0,0.8615384615384616,65.0,False
../antigen-experiments/experiments/2026-07-04-reviewer-runs/simulations/nonEpitopeAcceptance_0.25_epitopeAcceptance_1.0/run_27,27,,,,,,,,,,1.0,,0.25,,,,,,,,,True
../antigen-experiments/experiments/2026-07-04-reviewer-runs/simulations/nonEpitopeAcceptance_0.25_epitopeAcceptance_1.0/run_28,28,,,,,,,,,,1.0,,0.25,,,,,,,,,True
../antigen-experiments/experiments/2026-07-04-reviewer-runs/simulations/nonEpitopeAcceptance_0.25_epitopeAcceptance_1.0/run_29,29,,,,,,,,,,1.0,,0.25,,,,,,,,,True
../antigen-experiments/experiments/2026-07-04-reviewer-runs/simulations/nonEpitopeAcceptance_0.25_epitopeAcceptance_0.75/run_4,4,163304.7474,90000000.0,0.0,89836695.2526,0.6435,1.9796750848853062,228751.5416,3.2576,30.0,0.75,inf,0.25,0.01363,3.0675,938.0,0.2982511923688394,3145.0,56.0,1.3658536585365855,41.0,False
../antigen-experiments/experiments/2026-07-04-reviewer-runs/simulations/nonEpitopeAcceptance_0.25_epitopeAcceptance_0.75/run_7,7,152727.1861,90000000.0,0.0,89847272.8139,0.6227,1.8745770077685187,213809.6925,3.1428,30.0,0.75,inf,0.25,0.01364,2.9301,971.0,0.30630914826498423,3170.0,59.0,1.3409090909090908,44.0,False
../antigen-experiments/experiments/2026-07-04-reviewer-runs/simulations/nonEpitopeAcceptance_0.25_epitopeAcceptance_1.0/run_5,5,,,,,,,,,,1.0,,0.25,,,,,,,,,True
../antigen-experiments/experiments/2026-07-04-reviewer-runs/simulations/nonEpitopeAcceptance_0.25_epitopeAcceptance_1.0/run_6,6,,,,,,,,,,1.0,,0.25,,,,,,,,,True
../antigen-experiments/experiments/2026-07-04-reviewer-runs/simulations/nonEpitopeAcceptance_0.25_epitopeAcceptance_1.0/run_1,1,152954.672,90000000.0,0.0,89847045.328,0.6214,1.7035004302949541,214286.2097,3.5429,30.0,1.0,inf,0.25,0.01361,3.4733,1326.0,0.4384920634920635,3024.0,70.0,0.9859154929577465,71.0,False
../antigen-experiments/experiments/2026-07-04-reviewer-runs/simulations/nonEpitopeAcceptance_0.25_epitopeAcceptance_1.0/run_8,8,,,,,,,,,,1.0,,0.25,,,,,,,,,True
../antigen-experiments/experiments/2026-07-04-reviewer-runs/simulations/nonEpitopeAcceptance_0.25_epitopeAcceptance_1.0/run_9,9,,,,,,,,,,1.0,,0.25,,,,,,,,,True
../antigen-experiments/experiments/2026-07-04-reviewer-runs/simulations/nonEpitopeAcceptance_0.25_epitopeAcceptance_0.75/run_9,9,168905.5448,90000000.0,0.0,89831094.4552,0.4971,1.7648187388366354,236547.0761,3.2656,30.0,0.75,inf,0.25,0.01367,3.0602,1032.0,0.3198016733808491,3227.0,47.0,6.714285714285714,7.0,False
../antigen-experiments/experiments/2026-07-04-reviewer-runs/simulations/nonEpitopeAcceptance_0.25_epitopeAcceptance_1.0/run_10,10,175679.2852,90000000.0,0.0,89824320.7148,1.602,3.9354554734658005,246079.0192,4.3734,30.0,1.0,inf,0.25,0.01359,5.0869,1410.0,0.45705024311183146,3085.0,115.0,1.6666666666666667,69.0,False
../antigen-experiments/experiments/2026-07-04-reviewer-runs/simulations/nonEpitopeAcceptance_0.25_epitopeAcceptance_1.0/run_12,12,170906.6669,90000000.0,0.0,89829093.3331,0.7621,1.8343715582791789,239374.9341,3.5968,30.0,1.0,inf,0.25,0.01365,3.3458,1391.0,0.43921692453425953,3167.0,64.0,1.6,40.0,False
../antigen-experiments/experiments/2026-07-04-reviewer-runs/simulations/nonEpitopeAcceptance_0.25_epitopeAcceptance_1.0/run_13,13,169623.0128,90000000.0,0.0,89830376.9872,0.6646,1.8222530609392502,237568.5128,3.4051,30.0,1.0,inf,0.25,0.01364,3.5817,1405.0,0.45646523716699156,3078.0,51.0,8.5,6.0,False
../antigen-experiments/experiments/2026-07-04-reviewer-runs/simulations/nonEpitopeAcceptance_0.25_epitopeAcceptance_1.0/run_15,15,171790.7641,90000000.0,0.0,89828209.2359,0.5951,1.9766176544662277,240515.3951,3.2697,30.0,1.0,inf,0.25,0.01364,2.8182,1355.0,0.4296131896005073,3154.0,62.0,2.9523809523809526,21.0,False
../antigen-experiments/experiments/2026-07-04-reviewer-runs/simulations/nonEpitopeAcceptance_0.25_epitopeAcceptance_1.0/run_16,16,180396.7302,90000000.0,0.0,89819603.2698,0.9376,2.486127751299101,252620.8632,3.9966,30.0,1.0,inf,0.25,0.01365,3.906,1430.0,0.44940289126335636,3182.0,66.0,1.9411764705882353,34.0,False
../antigen-experiments/experiments/2026-07-04-reviewer-runs/simulations/nonEpitopeAcceptance_0.25_epitopeAcceptance_1.0/run_23,23,166691.5313,90000000.0,0.0,89833308.4687,0.5856,1.7828705436891403,233476.3497,3.2439,30.0,1.0,inf,0.25,0.01364,2.875,1374.0,0.4378585086042065,3138.0,62.0,1.878787878787879,33.0,False
../antigen-experiments/experiments/2026-07-04-reviewer-runs/simulations/nonEpitopeAcceptance_0.25_epitopeAcceptance_1.0/run_22,22,163977.7168,90000000.0,0.0,89836022.2832,0.6577,1.812300397380098,229552.5256,3.5903,30.0,1.0,inf,0.25,0.01367,3.3143,1377.0,0.4365884590995561,3154.0,44.0,6.285714285714286,7.0,False
../antigen-experiments/experiments/2026-07-04-reviewer-runs/simulations/nonEpitopeAcceptance_0.25_epitopeAcceptance_1.0/run_24,24,168945.6157,90000000.0,0.0,89831054.3843,1.3728,3.063422115963645,236791.3881,4.7664,30.0,1.0,inf,0.25,0.01356,5.6763,1372.0,0.41702127659574467,3290.0,119.0,1.1333333333333333,105.0,False
../antigen-experiments/experiments/2026-07-04-reviewer-runs/simulations/nonEpitopeAcceptance_0.25_epitopeAcceptance_1.0/run_18,18,185873.0058,90000000.0,0.0,89814126.9942,0.9304,2.5639650880862477,260201.5045,3.6761,30.0,1.0,inf,0.25,0.01365,4.0827,1484.0,0.4554941682013505,3258.0,56.0,7.0,8.0,False
../antigen-experiments/experiments/2026-07-04-reviewer-runs/simulations/nonEpitopeAcceptance_0.25_epitopeAcceptance_1.0/run_25,25,205332.7986,90000000.0,0.0,89794667.2014,0.8309,2.1944027403646627,287569.4936,3.1898,30.0,1.0,inf,0.25,0.01362,3.1586,1568.0,0.46335697399527187,3384.0,59.0,4.916666666666667,12.0,False
../antigen-experiments/experiments/2026-07-04-reviewer-runs/simulations/nonEpitopeAcceptance_0.25_epitopeAcceptance_1.0/run_26,26,169386.9565,90000000.0,0.0,89830613.0435,0.7626,1.9382710990817484,237268.8971,3.5902,30.0,1.0,inf,0.25,0.01361,3.5589,1366.0,0.42888540031397177,3185.0,70.0,2.3333333333333335,30.0,False
../antigen-experiments/experiments/2026-07-04-reviewer-runs/simulations/nonEpitopeAcceptance_0.25_epitopeAcceptance_1.0/run_3,3,206752.3018,90000000.0,0.0,89793247.6982,0.7714,2.3546337130942447,289577.7263,3.3127,30.0,1.0,inf,0.25,0.01365,2.9887,1330.0,0.4261454661967318,3121.0,71.0,2.5357142857142856,28.0,False
../antigen-experiments/experiments/2026-07-04-reviewer-runs/simulations/nonEpitopeAcceptance_0.25_epitopeAcceptance_1.0/run_4,4,197489.429,90000000.0,0.0,89802510.571,0.8156,2.5713696659436835,276610.0499,3.1117,30.0,1.0,inf,0.25,0.01365,2.8696,1410.0,0.42139868499701133,3346.0,55.0,3.0555555555555554,18.0,False
../antigen-experiments/experiments/2026-07-04-reviewer-runs/simulations/nonEpitopeAcceptance_0.2_epitopeAcceptance_0.75/run_1,1,139489.0301,90000000.0,0.0,89860510.9699,0.4948,1.3506240741933075,195367.8715,3.3085,30.0,0.75,inf,0.2,0.01368,3.0818,990.0,0.4114713216957606,2406.0,54.0,1.8620689655172413,29.0,False
../antigen-experiments/experiments/2026-07-04-reviewer-runs/simulations/nonEpitopeAcceptance_0.25_epitopeAcceptance_1.0/run_7,7,174089.0659,90000000.0,0.0,89825910.9341,0.7482,2.1085860889080186,243639.6822,3.6217,30.0,1.0,inf,0.25,0.01367,3.6003,1449.0,0.44598337950138506,3249.0,58.0,11.6,5.0,False
../antigen-experiments/experiments/2026-07-04-reviewer-runs/simulations/nonEpitopeAcceptance_0.2_epitopeAcceptance_0.75/run_0,0,151528.4444,90000000.0,0.0,89848471.5556,0.6936,1.831081985377756,212256.3811,3.7948,30.0,0.75,inf,0.2,0.01361,3.8079,1036.0,0.4081954294720252,2538.0,54.0,1.2,45.0,False
../antigen-experiments/experiments/2026-07-04-reviewer-runs/simulations/nonEpitopeAcceptance_0.2_epitopeAcceptance_0.75/run_24,24,,,,,,,,,,0.75,,0.2,,,,,,,,,True
../antigen-experiments/experiments/2026-07-04-reviewer-runs/simulations/nonEpitopeAcceptance_0.2_epitopeAcceptance_0.75/run_25,25,,,,,,,,,,0.75,,0.2,,,,,,,,,True
../antigen-experiments/experiments/2026-07-04-reviewer-runs/simulations/nonEpitopeAcceptance_0.2_epitopeAcceptance_0.75/run_26,26,,,,,,,,,,0.75,,0.2,,,,,,,,,True
../antigen-experiments/experiments/2026-07-04-reviewer-runs/simulations/nonEpitopeAcceptance_0.2_epitopeAcceptance_0.75/run_27,27,,,,,,,,,,0.75,,0.2,,,,,,,,,True
../antigen-experiments/experiments/2026-07-04-reviewer-runs/simulations/nonEpitopeAcceptance_0.2_epitopeAcceptance_0.75/run_12,12,134491.6899,90000000.0,0.0,89865508.3101,0.8473,1.6839186834567719,188365.3651,4.334,30.0,0.75,inf,0.2,0.01362,4.272,1036.0,0.4040561622464899,2564.0,57.0,1.8387096774193548,31.0,False
../antigen-experiments/experiments/2026-07-04-reviewer-runs/simulations/nonEpitopeAcceptance_0.2_epitopeAcceptance_0.75/run_10,10,180840.2065,90000000.0,0.0,89819159.7935,1.8614,4.110567936331209,253321.8517,5.4805,30.0,0.75,inf,0.2,0.01361,6.4449,1193.0,0.4215547703180212,2830.0,61.0,1.564102564102564,39.0,False
../antigen-experiments/experiments/2026-07-04-reviewer-runs/simulations/nonEpitopeAcceptance_0.2_epitopeAcceptance_0.75/run_3,3,,,,,,,,,,0.75,,0.2,,,,,,,,,True
../antigen-experiments/experiments/2026-07-04-reviewer-runs/simulations/nonEpitopeAcceptance_0.2_epitopeAcceptance_0.75/run_13,13,121988.4277,90000000.0,0.0,89878011.5723,0.5277,1.5182365768720059,170840.5601,3.7454,30.0,0.75,inf,0.2,0.01367,3.6592,919.0,0.3841973244147157,2392.0,33.0,8.25,4.0,False
../antigen-experiments/experiments/2026-07-04-reviewer-runs/simulations/nonEpitopeAcceptance_0.2_epitopeAcceptance_0.75/run_11,11,155391.4974,90000000.0,0.0,89844608.5026,0.7437,1.977240157439782,217555.0959,3.6656,30.0,0.75,inf,0.2,0.01365,3.4228,1020.0,0.3953488372093023,2580.0,53.0,13.25,4.0,False
../antigen-experiments/experiments/2026-07-04-reviewer-runs/simulations/nonEpitopeAcceptance_0.2_epitopeAcceptance_0.75/run_14,14,161600.8492,90000000.0,0.0,89838399.1508,0.6116,1.7715386446354275,226268.8447,3.0921,30.0,0.75,inf,0.2,0.01363,3.0108,1052.0,0.41712926249008725,2522.0,70.0,3.1818181818181817,22.0,False
../antigen-experiments/experiments/2026-07-04-reviewer-runs/simulations/nonEpitopeAcceptance_0.2_epitopeAcceptance_0.75/run_16,16,164332.9554,90000000.0,0.0,89835667.0446,0.577,1.6743897523130307,229966.6013,3.4884,30.0,0.75,inf,0.2,0.01373,3.1102,1031.0,0.4115768463073852,2505.0,71.0,1.2456140350877194,57.0,False
../antigen-experiments/experiments/2026-07-04-reviewer-runs/simulations/nonEpitopeAcceptance_0.2_epitopeAcceptance_0.75/run_15,15,162073.4182,90000000.0,0.0,89837926.5818,0.6431,1.755334163427448,227023.9035,3.6099,30.0,0.75,inf,0.2,0.0136,3.4123,1044.0,0.4128113879003559,2529.0,62.0,2.8181818181818183,22.0,False
../antigen-experiments/experiments/2026-07-04-reviewer-runs/simulations/nonEpitopeAcceptance_0.2_epitopeAcceptance_0.75/run_17,17,179170.993,90000000.0,0.0,89820829.007,0.7284,2.325492840039486,250921.1106,3.2355,30.0,0.75,inf,0.2,0.01365,3.1042,974.0,0.3889776357827476,2504.0,42.0,4.2,10.0,False
../antigen-experiments/experiments/2026-07-04-reviewer-runs/simulations/nonEpitopeAcceptance_0.2_epitopeAcceptance_1.0/run_0,0,,,,,,,,,,1.0,,0.2,,,,,,,,,True
../antigen-experiments/experiments/2026-07-04-reviewer-runs/simulations/nonEpitopeAcceptance_0.2_epitopeAcceptance_0.75/run_19,19,140783.1375,90000000.0,0.0,89859216.8625,0.5844,1.6024808428098394,197240.3606,3.8784,30.0,0.75,inf,0.2,0.01361,3.8777,984.0,0.38908659549228947,2529.0,64.0,2.2857142857142856,28.0,False
../antigen-experiments/experiments/2026-07-04-reviewer-runs/simulations/nonEpitopeAcceptance_0.2_epitopeAcceptance_0.75/run_2,2,168455.454,90000000.0,0.0,89831544.546,0.5674,1.7846355768431188,235949.2136,3.2706,30.0,0.75,inf,0.2,0.01363,3.1019,1020.0,0.4041204437400951,2524.0,62.0,2.2142857142857144,28.0,False
../antigen-experiments/experiments/2026-07-04-reviewer-runs/simulations/nonEpitopeAcceptance_0.2_epitopeAcceptance_0.75/run_20,20,129285.1867,90000000.0,0.0,89870714.8133,0.5422,1.5243033754486777,181104.6861,3.9643,30.0,0.75,inf,0.2,0.01364,3.7783,939.0,0.389142146705346,2413.0,56.0,1.6470588235294117,34.0,False
../antigen-experiments/experiments/2026-07-04-reviewer-runs/simulations/nonEpitopeAcceptance_0.2_epitopeAcceptance_0.75/run_21,21,152777.7826,90000000.0,0.0,89847222.2174,0.5997,1.784671422964814,214019.8223,3.6272,30.0,0.75,inf,0.2,0.01365,3.6859,1021.0,0.3980506822612086,2565.0,52.0,2.6,20.0,False
../antigen-experiments/experiments/2026-07-04-reviewer-runs/simulations/nonEpitopeAcceptance_0.2_epitopeAcceptance_1.0/run_13,13,,,,,,,,,,1.0,,0.2,,,,,,,,,True
../antigen-experiments/experiments/2026-07-04-reviewer-runs/simulations/nonEpitopeAcceptance_0.2_epitopeAcceptance_0.75/run_18,18,151255.9834,90000000.0,0.0,89848744.0166,0.5097,1.652817866172629,211852.6221,3.3188,30.0,0.75,inf,0.2,0.01369,3.0781,999.0,0.38735944164404806,2579.0,37.0,37.0,1.0,False
../antigen-experiments/experiments/2026-07-04-reviewer-runs/simulations/nonEpitopeAcceptance_0.2_epitopeAcceptance_0.75/run_28,28,176648.4092,90000000.0,0.0,89823351.5908,0.5314,1.9577206562979825,247407.8318,3.0781,30.0,0.75,inf,0.2,0.01365,2.741,974.0,0.3996717275338531,2437.0,57.0,1.5833333333333333,36.0,False
../antigen-experiments/experiments/2026-07-04-reviewer-runs/simulations/nonEpitopeAcceptance_0.2_epitopeAcceptance_1.0/run_16,16,,,,,,,,,,1.0,,0.2,,,,,,,,,True
../antigen-experiments/experiments/2026-07-04-reviewer-runs/simulations/nonEpitopeAcceptance_0.2_epitopeAcceptance_0.75/run_23,23,127261.1286,90000000.0,0.0,89872738.8714,0.4846,1.4617747934733272,178185.798,3.3582,30.0,0.75,inf,0.2,0.01376,3.459,950.0,0.39435450394354504,2409.0,36.0,9.0,4.0,False
../antigen-experiments/experiments/2026-07-04-reviewer-runs/simulations/nonEpitopeAcceptance_0.2_epitopeAcceptance_0.75/run_22,22,157262.9015,90000000.0,0.0,89842737.0985,0.55,1.8221995310062913,220239.3523,3.3691,30.0,0.75,inf,0.2,0.01362,3.2339,1045.0,0.40331918178309534,2591.0,47.0,1.8076923076923077,26.0,False
../antigen-experiments/experiments/2026-07-04-reviewer-runs/simulations/nonEpitopeAcceptance_0.2_epitopeAcceptance_1.0/run_19,19,,,,,,,,,,1.0,,0.2,,,,,,,,,True
../antigen-experiments/experiments/2026-07-04-reviewer-runs/simulations/nonEpitopeAcceptance_0.2_epitopeAcceptance_1.0/run_2,2,,,,,,,,,,1.0,,0.2,,,,,,,,,True
../antigen-experiments/experiments/2026-07-04-reviewer-runs/simulations/nonEpitopeAcceptance_0.2_epitopeAcceptance_0.75/run_5,5,156709.7992,90000000.0,0.0,89843290.2008,0.5476,1.8386629265415082,219498.0914,3.4099,30.0,0.75,inf,0.2,0.01363,3.1773,991.0,0.3884751078008624,2551.0,40.0,13.333333333333334,3.0,False
../antigen-experiments/experiments/2026-07-04-reviewer-runs/simulations/nonEpitopeAcceptance_0.2_epitopeAcceptance_1.0/run_21,21,,,,,,,,,,1.0,,0.2,,,,,,,,,True
../antigen-experiments/experiments/2026-07-04-reviewer-runs/simulations/nonEpitopeAcceptance_0.2_epitopeAcceptance_0.75/run_4,4,153121.9834,90000000.0,0.0,89846878.0166,0.5963,1.8697325218553051,214471.4015,3.4059,30.0,0.75,inf,0.2,0.01363,3.4845,949.0,0.3626289644631257,2617.0,43.0,3.909090909090909,11.0,False
../antigen-experiments/experiments/2026-07-04-reviewer-runs/simulations/nonEpitopeAcceptance_0.2_epitopeAcceptance_0.75/run_29,29,130340.0435,90000000.0,0.0,89869659.9565,0.6875,1.5615682340091486,182583.9572,3.6352,30.0,0.75,inf,0.2,0.01359,3.3517,965.0,0.40820642978003385,2364.0,62.0,2.5833333333333335,24.0,False
../antigen-experiments/experiments/2026-07-04-reviewer-runs/simulations/nonEpitopeAcceptance_0.2_epitopeAcceptance_0.75/run_6,6,170863.8434,90000000.0,0.0,89829136.1566,0.689,2.000036400691298,239314.1586,3.3174,30.0,0.75,inf,0.2,0.01364,3.1966,1007.0,0.3895551257253385,2585.0,52.0,2.0,26.0,False
../antigen-experiments/experiments/2026-07-04-reviewer-runs/simulations/nonEpitopeAcceptance_0.2_epitopeAcceptance_0.75/run_7,7,158286.8325,90000000.0,0.0,89841713.1675,1.2565,3.221193173969527,221561.7225,4.3946,30.0,0.75,inf,0.2,0.01366,4.7388,1039.0,0.4141092068553208,2509.0,64.0,4.0,16.0,False
../antigen-experiments/experiments/2026-07-04-reviewer-runs/simulations/nonEpitopeAcceptance_0.2_epitopeAcceptance_0.75/run_9,9,168301.2104,90000000.0,0.0,89831698.7896,1.0582,2.428780994072211,235760.5006,4.1672,30.0,0.75,inf,0.2,0.01363,4.9485,1029.0,0.41982864137086906,2451.0,80.0,1.5686274509803921,51.0,False
../antigen-experiments/experiments/2026-07-04-reviewer-runs/simulations/nonEpitopeAcceptance_0.2_epitopeAcceptance_1.0/run_27,27,,,,,,,,,,1.0,,0.2,,,,,,,,,True
../antigen-experiments/experiments/2026-07-04-reviewer-runs/simulations/nonEpitopeAcceptance_0.2_epitopeAcceptance_1.0/run_28,28,,,,,,,,,,1.0,,0.2,,,,,,,,,True
../antigen-experiments/experiments/2026-07-04-reviewer-runs/simulations/nonEpitopeAcceptance_0.2_epitopeAcceptance_0.75/run_8,8,125150.8926,90000000.0,0.0,89874849.1074,0.6407,1.5027562492907756,175298.0908,4.1509,30.0,0.75,inf,0.2,0.01363,3.8923,1030.0,0.4178498985801217,2465.0,33.0,8.25,4.0,False
../antigen-experiments/experiments/2026-07-04-reviewer-runs/simulations/nonEpitopeAcceptance_0.2_epitopeAcceptance_1.0/run_10,10,139866.188,90000000.0,0.0,89860133.812,0.7186,1.7867478843209261,195875.6528,3.6482,30.0,1.0,inf,0.2,0.01363,3.5663,1236.0,0.5182389937106918,2385.0,66.0,1.65,40.0,False
../antigen-experiments/experiments/2026-07-04-reviewer-runs/simulations/nonEpitopeAcceptance_0.2_epitopeAcceptance_1.0/run_4,4,,,,,,,,,,1.0,,0.2,,,,,,,,,True
../antigen-experiments/experiments/2026-07-04-reviewer-runs/simulations/nonEpitopeAcceptance_0.2_epitopeAcceptance_1.0/run_11,11,182035.9437,90000000.0,0.0,89817964.0563,0.7706,2.0125593859455786,254947.6662,3.3789,30.0,1.0,inf,0.2,0.01365,3.2639,1378.0,0.5463917525773195,2522.0,65.0,2.7083333333333335,24.0,False
../antigen-experiments/experiments/2026-07-04-reviewer-runs/simulations/nonEpitopeAcceptance_0.2_epitopeAcceptance_1.0/run_12,12,175075.938,90000000.0,0.0,89824924.062,0.7734,2.186028857296891,245254.1464,3.5614,30.0,1.0,inf,0.2,0.0136,3.5165,1376.0,0.5419456478928713,2539.0,74.0,1.574468085106383,47.0,False
../antigen-experiments/experiments/2026-07-04-reviewer-runs/simulations/nonEpitopeAcceptance_0.2_epitopeAcceptance_1.0/run_7,7,,,,,,,,,,1.0,,0.2,,,,,,,,,True
../antigen-experiments/experiments/2026-07-04-reviewer-runs/simulations/nonEpitopeAcceptance_0.2_epitopeAcceptance_1.0/run_8,8,,,,,,,,,,1.0,,0.2,,,,,,,,,True
../antigen-experiments/experiments/2026-07-04-reviewer-runs/simulations/nonEpitopeAcceptance_0.2_epitopeAcceptance_1.0/run_9,9,,,,,,,,,,1.0,,0.2,,,,,,,,,True
../antigen-experiments/experiments/2026-07-04-reviewer-runs/simulations/nonEpitopeAcceptance_0.2_epitopeAcceptance_1.0/run_17,17,158800.219,90000000.0,0.0,89841199.781,0.6174,1.8133942449180787,222447.8481,3.3008,30.0,1.0,inf,0.2,0.01367,3.2032,1344.0,0.5467860048820179,2458.0,64.0,2.2857142857142856,28.0,False
../antigen-experiments/experiments/2026-07-04-reviewer-runs/simulations/nonEpitopeAcceptance_0.2_epitopeAcceptance_1.0/run_25,25,195478.4866,90000000.0,0.0,89804521.5134,0.7417,2.393423054892793,273793.9859,3.3445,30.0,1.0,inf,0.2,0.01364,3.4652,1491.0,0.5669201520912548,2630.0,58.0,19.333333333333332,3.0,False
../antigen-experiments/experiments/2026-07-04-reviewer-runs/simulations/nonEpitopeAcceptance_0.2_epitopeAcceptance_1.0/run_23,23,171706.7257,90000000.0,0.0,89828293.2743,0.6624,2.010169506441054,240495.5448,3.3163,30.0,1.0,inf,0.2,0.01374,3.2271,1291.0,0.5356846473029045,2410.0,42.0,10.5,4.0,False
../antigen-experiments/experiments/2026-07-04-reviewer-runs/simulations/nonEpitopeAcceptance_0.2_epitopeAcceptance_1.0/run_18,18,169912.1221,90000000.0,0.0,89830087.8779,0.9214,2.1068830615122063,237993.1074,3.615,30.0,1.0,inf,0.2,0.01363,3.6558,1399.0,0.5499213836477987,2544.0,57.0,3.5625,16.0,False
../antigen-experiments/experiments/2026-07-04-reviewer-runs/simulations/nonEpitopeAcceptance_0.2_epitopeAcceptance_1.0/run_20,20,186995.0991,90000000.0,0.0,89813004.9009,0.6504,2.0379308714055426,261886.64,3.2355,30.0,1.0,inf,0.2,0.01364,3.2253,1417.0,0.5743818402918525,2467.0,66.0,3.0,22.0,False
../antigen-experiments/experiments/2026-07-04-reviewer-runs/simulations/nonEpitopeAcceptance_0.2_epitopeAcceptance_1.0/run_5,5,176364.9661,90000000.0,0.0,89823635.0339,0.8455,2.1937080485681246,247114.6854,3.5323,30.0,1.0,inf,0.2,0.01363,3.2558,1385.0,0.5414386239249414,2558.0,89.0,1.459016393442623,61.0,False
../antigen-experiments/experiments/2026-07-04-reviewer-runs/simulations/nonEpitopeAcceptance_0.2_epitopeAcceptance_1.0/run_29,29,177338.6145,90000000.0,0.0,89822661.3855,0.7254,2.076761940938985,248425.8491,3.2723,30.0,1.0,inf,0.2,0.01362,3.1676,1302.0,0.5058275058275058,2574.0,89.0,1.390625,64.0,False
../antigen-experiments/experiments/2026-07-04-reviewer-runs/simulations/nonEpitopeAcceptance_0.2_epitopeAcceptance_1.0/run_1,1,196123.7577,90000000.0,0.0,89803876.2423,0.7999,2.565297534560829,274701.4066,3.1321,30.0,1.0,inf,0.2,0.01361,2.9864,1333.0,0.5239779874213837,2544.0,46.0,4.6,10.0,False
../antigen-experiments/experiments/2026-07-04-reviewer-runs/simulations/nonEpitopeAcceptance_0.2_epitopeAcceptance_1.0/run_14,14,215748.3414,90000000.0,0.0,89784251.6586,2.2381,5.159966051164518,302284.5844,4.527,30.0,1.0,inf,0.2,0.01356,5.7731,1502.0,0.5467783036039315,2747.0,68.0,1.5813953488372092,43.0,False
../antigen-experiments/experiments/2026-07-04-reviewer-runs/simulations/nonEpitopeAcceptance_0.2_epitopeAcceptance_1.0/run_6,6,190772.3465,90000000.0,0.0,89809227.6535,0.6426,2.159401388730847,267387.3894,2.8426,30.0,1.0,inf,0.2,0.01361,2.8213,1315.0,0.5323886639676113,2470.0,58.0,2.0714285714285716,28.0,False
../antigen-experiments/experiments/2026-07-04-reviewer-runs/simulations/nonEpitopeAcceptance_0.2_epitopeAcceptance_1.0/run_3,3,182834.3082,90000000.0,0.0,89817165.6918,0.6422,1.948355463489052,256111.2474,3.0959,30.0,1.0,inf,0.2,0.01366,2.7632,1353.0,0.5407673860911271,2502.0,74.0,1.3703703703703705,54.0,False
../antigen-experiments/experiments/2026-07-04-reviewer-runs/simulations/nonEpitopeAcceptance_0.2_epitopeAcceptance_1.0/run_22,22,175407.7116,90000000.0,0.0,89824592.2884,0.6372,1.8497716809280373,245680.7008,3.3155,30.0,1.0,inf,0.2,0.01365,3.1597,1414.0,0.565373850459816,2501.0,52.0,8.666666666666666,6.0,False
../antigen-experiments/experiments/2026-07-04-reviewer-runs/simulations/nonEpitopeAcceptance_0.2_epitopeAcceptance_1.0/run_26,26,152596.9783,90000000.0,0.0,89847403.0217,0.7022,1.8066888369142786,213692.3747,3.5253,30.0,1.0,inf,0.2,0.01363,3.3893,1379.0,0.5305886879569065,2599.0,60.0,1.935483870967742,31.0,False
../antigen-experiments/experiments/2026-07-04-reviewer-runs/simulations/nonEpitopeAcceptance_0.2_epitopeAcceptance_1.0/run_15,15,187407.6375,90000000.0,0.0,89812592.3625,0.6574,2.2785081226872355,262453.0882,3.129,30.0,1.0,inf,0.2,0.01365,3.0462,1378.0,0.5351456310679612,2575.0,45.0,45.0,1.0,False
../antigen-experiments/experiments/2026-07-04-reviewer-runs/simulations/nonEpitopeAcceptance_0.2_epitopeAcceptance_1.0/run_24,24,170323.6861,90000000.0,0.0,89829676.3139,0.7251,2.0457227872677146,238573.4022,3.4062,30.0,1.0,inf,0.2,0.01361,3.2854,1392.0,0.520373831775701,2675.0,57.0,1.6764705882352942,34.0,False
