path,run,I,N,R,S,antigenicDiversity,antigenic_movement_per_year,cases,diversity,endDate,epitopeAcceptance,netau,nonEpitopeAcceptance,serialInterval,tmrca,side_branch_epitope_mutations,side_branch_epitope_to_non-epitope_ratio,side_branch_non-epitope_mutations,trunk_epitope_mutations,trunk_epitope_to_non-epitope_ratio,trunk_non-epitope_mutations
experiments/2026-01-06-mutation-bug-fix-runs/simulations/nonEpitopeAcceptance_0.1_epitopeAcceptance_0.75/run_21,21,141398.1899,90000000.0,0.0,89858601.8101,0.579,1.4016196440348732,198051.1515,3.769,30.0,0.75,inf,0.1,0.0137,3.6036,1229,0.7306777645659929,1682,76,1.5833333333333333,48
experiments/2026-01-06-mutation-bug-fix-runs/simulations/nonEpitopeAcceptance_0.1_epitopeAcceptance_0.75/run_22,22,131017.4595,90000000.0,0.0,89868982.5405,0.5976,1.379322127914663,183541.6181,3.9501,30.0,0.75,inf,0.1,0.01367,3.7483,1222,0.7571251548946716,1614,52,1.6774193548387097,31
experiments/2026-01-06-mutation-bug-fix-runs/simulations/nonEpitopeAcceptance_0.1_epitopeAcceptance_0.75/run_14,14,137493.8152,90000000.0,0.0,89862506.1848,0.5787,1.5543344784046258,192580.9738,3.2449,30.0,0.75,inf,0.1,0.01366,3.0697,1274,0.7674698795180723,1660,35,35.0,1
experiments/2026-01-06-mutation-bug-fix-runs/simulations/nonEpitopeAcceptance_0.1_epitopeAcceptance_0.75/run_2,2,148921.8919,90000000.0,0.0,89851078.1081,0.5024,1.5454226835218405,208577.0492,3.2205,30.0,0.75,inf,0.1,0.01367,3.0008,1318,0.8012158054711246,1645,46,9.2,5
experiments/2026-01-06-mutation-bug-fix-runs/simulations/nonEpitopeAcceptance_0.1_epitopeAcceptance_0.75/run_10,10,153432.8971,90000000.0,0.0,89846567.1029,0.656,1.63508247189919,214893.4051,3.6718,30.0,0.75,inf,0.1,0.01372,3.4991,1293,0.7831617201695942,1651,47,6.714285714285714,7
experiments/2026-01-06-mutation-bug-fix-runs/simulations/nonEpitopeAcceptance_0.1_epitopeAcceptance_0.75/run_15,15,160270.8638,90000000.0,0.0,89839729.1362,0.4804,1.7515272352461582,224502.2999,3.257,30.0,0.75,inf,0.1,0.01362,2.8864,1277,0.7542823390431187,1693,45,6.428571428571429,7
experiments/2026-01-06-mutation-bug-fix-runs/simulations/nonEpitopeAcceptance_0.1_epitopeAcceptance_0.75/run_11,11,173682.7059,90000000.0,0.0,89826317.2941,0.584,1.9352005492798294,243211.8542,2.9374,30.0,0.75,inf,0.1,0.01368,2.7149,1315,0.7869539198084979,1671,45,7.5,6
experiments/2026-01-06-mutation-bug-fix-runs/simulations/nonEpitopeAcceptance_0.1_epitopeAcceptance_0.75/run_12,12,154049.64,90000000.0,0.0,89845950.36,0.7738,1.9029609956248752,215755.0435,3.7164,30.0,0.75,inf,0.1,0.01365,3.4063,1290,0.7729179149191132,1669,61,2.103448275862069,29
experiments/2026-01-06-mutation-bug-fix-runs/simulations/nonEpitopeAcceptance_0.1_epitopeAcceptance_0.75/run_18,18,147406.9655,90000000.0,0.0,89852593.0345,0.7398,1.9674857632598297,206357.7334,4.1373,30.0,0.75,inf,0.1,0.01361,4.8313,1381,0.7895940537449971,1749,66,3.8823529411764706,17
experiments/2026-01-06-mutation-bug-fix-runs/simulations/nonEpitopeAcceptance_0.1_epitopeAcceptance_0.75/run_16,16,161415.1087,90000000.0,0.0,89838584.8913,0.789,2.254707928459537,226120.0997,3.724,30.0,0.75,inf,0.1,0.01361,3.9106,1304,0.7956070774862721,1639,75,2.6785714285714284,28
experiments/2026-01-06-mutation-bug-fix-runs/simulations/nonEpitopeAcceptance_0.1_epitopeAcceptance_0.75/run_17,17,159597.8083,90000000.0,0.0,89840402.1917,1.2221,3.158800094663372,223530.6041,4.5177,30.0,0.75,inf,0.1,0.01368,5.4335,1269,0.7339502602660497,1729,31,10.333333333333334,3
experiments/2026-01-06-mutation-bug-fix-runs/simulations/nonEpitopeAcceptance_0.1_epitopeAcceptance_0.75/run_13,13,234460.0249,90000000.0,0.0,89765539.9751,1.9857,3.8224945208966585,328491.5633,4.0332,30.0,0.75,inf,0.1,0.01363,3.9046,1391,0.756389342033714,1839,96,3.310344827586207,29
experiments/2026-01-06-mutation-bug-fix-runs/simulations/nonEpitopeAcceptance_0.1_epitopeAcceptance_0.75/run_19,19,194631.7526,90000000.0,0.0,89805368.2474,1.5959,3.7452715742480507,272628.2263,4.7243,30.0,0.75,inf,0.1,0.0136,5.2509,1371,0.7553719008264462,1815,98,1.75,56
experiments/2026-01-06-mutation-bug-fix-runs/simulations/nonEpitopeAcceptance_0.1_epitopeAcceptance_0.75/run_0,0,208922.0623,90000000.0,0.0,89791077.9377,2.4496,5.732976466577295,292659.0492,4.8605,30.0,0.75,inf,0.1,0.01368,5.1035,1412,0.7423764458464774,1902,58,4.142857142857143,14
experiments/2026-01-06-mutation-bug-fix-runs/simulations/nonEpitopeAcceptance_0.1_epitopeAcceptance_0.75/run_1,1,190154.727,90000000.0,0.0,89809845.273,2.1685,4.799356880187,266336.234,6.045,30.0,0.75,inf,0.1,0.01363,6.4244,1466,0.784796573875803,1868,73,12.166666666666666,6
experiments/2026-01-06-mutation-bug-fix-runs/simulations/nonEpitopeAcceptance_0.1_epitopeAcceptance_0.75/run_20,20,275259.6637,90000000.0,0.0,89724740.3363,3.4714,6.692614381904975,385377.0927,8.6303,30.0,0.75,inf,0.1,0.01361,13.5111,1533,0.8076923076923077,1898,60,5.454545454545454,11
experiments/2026-01-06-mutation-bug-fix-runs/simulations/nonEpitopeAcceptance_0.1_epitopeAcceptance_0.75/run_24,24,139122.6234,90000000.0,0.0,89860877.3766,0.5608,1.4092829454406508,194900.9648,3.7395,30.0,0.75,inf,0.1,0.01366,3.3165,1160,0.7493540051679587,1548,77,1.8780487804878048,41
experiments/2026-01-06-mutation-bug-fix-runs/simulations/nonEpitopeAcceptance_0.1_epitopeAcceptance_0.75/run_23,23,181909.4674,90000000.0,0.0,89818090.5326,0.5848,1.9136204648910495,254921.7052,3.2344,30.0,0.75,inf,0.1,0.01365,2.9751,1213,0.7333736396614269,1654,75,1.6304347826086956,46
experiments/2026-01-06-mutation-bug-fix-runs/simulations/nonEpitopeAcceptance_0.1_epitopeAcceptance_0.75/run_3,3,140390.401,90000000.0,0.0,89859609.599,0.5799,1.5965147858003361,196632.9069,3.4727,30.0,0.75,inf,0.1,0.01377,3.1742,1231,0.7983138780804151,1542,31,,0
experiments/2026-01-06-mutation-bug-fix-runs/simulations/nonEpitopeAcceptance_0.1_epitopeAcceptance_0.75/run_27,27,128537.555,90000000.0,0.0,89871462.445,0.6694,1.6075706863887056,180028.5377,4.0843,30.0,0.75,inf,0.1,0.01362,3.9696,1271,0.7894409937888198,1610,42,10.5,4
experiments/2026-01-06-mutation-bug-fix-runs/simulations/nonEpitopeAcceptance_0.1_epitopeAcceptance_0.75/run_25,25,153982.9827,90000000.0,0.0,89846017.0173,0.7223,1.724604697417995,215610.8958,3.724,30.0,0.75,inf,0.1,0.01365,3.4323,1311,0.76487747957993,1714,60,2.5,24
experiments/2026-01-06-mutation-bug-fix-runs/simulations/nonEpitopeAcceptance_0.1_epitopeAcceptance_0.75/run_6,6,144207.241,90000000.0,0.0,89855792.759,0.6355,1.6423829713694686,201947.0607,3.7291,30.0,0.75,inf,0.1,0.01363,3.4754,1253,0.7621654501216545,1644,70,2.8,25
experiments/2026-01-06-mutation-bug-fix-runs/simulations/nonEpitopeAcceptance_0.1_epitopeAcceptance_0.75/run_26,26,194697.8312,90000000.0,0.0,89805302.1688,0.7208,2.012684990646229,272711.3165,3.1495,30.0,0.75,inf,0.1,0.01364,3.1986,1366,0.7918840579710145,1725,65,3.611111111111111,18
experiments/2026-01-06-mutation-bug-fix-runs/simulations/nonEpitopeAcceptance_0.1_epitopeAcceptance_0.75/run_28,28,185523.5654,90000000.0,0.0,89814476.4346,0.9451,3.3472939383251643,259854.7075,3.6037,30.0,0.75,inf,0.1,0.01368,3.908,1457,0.8121516164994426,1794,65,3.823529411764706,17
experiments/2026-01-06-mutation-bug-fix-runs/simulations/nonEpitopeAcceptance_0.1_epitopeAcceptance_0.75/run_5,5,221697.6221,90000000.0,0.0,89778302.3779,2.0501,5.221477037246326,310596.0173,4.5233,30.0,0.75,inf,0.1,0.01361,4.8085,1469,0.8053728070175439,1824,83,2.9642857142857144,28
experiments/2026-01-06-mutation-bug-fix-runs/simulations/nonEpitopeAcceptance_0.1_epitopeAcceptance_0.75/run_8,8,123434.7436,90000000.0,0.0,89876565.2564,0.8298,1.8131880308719104,172921.9482,4.6025,30.0,0.75,inf,0.1,0.01361,4.5461,1317,0.7957703927492447,1655,63,3.0,21
experiments/2026-01-06-mutation-bug-fix-runs/simulations/nonEpitopeAcceptance_0.1_epitopeAcceptance_0.75/run_4,4,249295.0806,90000000.0,0.0,89750704.9194,3.7717,7.457237494340333,349167.0806,8.85,30.0,0.75,inf,0.1,0.01363,9.9955,1490,0.8054054054054054,1850,80,7.2727272727272725,11
experiments/2026-01-06-mutation-bug-fix-runs/simulations/nonEpitopeAcceptance_0.1_epitopeAcceptance_0.75/run_29,29,212568.7129,90000000.0,0.0,89787431.2871,5.2972,10.055813945327454,297743.7417,9.5083,30.0,0.75,inf,0.1,0.0136,11.9419,1499,0.8195735374521597,1829,101,3.0606060606060606,33
experiments/2026-01-06-mutation-bug-fix-runs/simulations/nonEpitopeAcceptance_0.1_epitopeAcceptance_0.75/run_7,7,233338.5701,90000000.0,0.0,89766661.4299,3.6106,11.211710922806295,326831.8582,8.0341,30.0,0.75,inf,0.1,0.01365,10.6076,1519,0.7738155883851248,1963,106,4.818181818181818,22
experiments/2026-01-06-mutation-bug-fix-runs/simulations/nonEpitopeAcceptance_0.1_epitopeAcceptance_1.0/run_1,1,248429.1953,90000000.0,0.0,89751570.8047,5.3301,7.064014345939322,347960.2559,6.5618,30.0,1.0,inf,0.1,0.01366,7.374,2138,1.1613253666485606,1841,50,4.166666666666667,12
experiments/2026-01-06-mutation-bug-fix-runs/simulations/nonEpitopeAcceptance_0.1_epitopeAcceptance_0.75/run_9,9,215292.3256,90000000.0,0.0,89784707.6744,3.3983,14.155993329374954,301542.5143,5.808,30.0,0.75,inf,0.1,0.01369,6.7219,1635,0.8419155509783728,1942,102,2.6153846153846154,39
experiments/2026-01-06-mutation-bug-fix-runs/simulations/nonEpitopeAcceptance_0.1_epitopeAcceptance_1.0/run_0,0,344691.2769,90000000.0,0.0,89655308.7231,8.2439,16.716986486769237,482878.6132,9.0418,30.0,1.0,inf,0.1,0.0136,12.1469,2163,1.0723847297967277,2017,200,3.1746031746031744,63
experiments/2026-01-06-mutation-bug-fix-runs/simulations/nonEpitopeAcceptance_0.1_epitopeAcceptance_1.0/run_10,10,154618.1451,90000000.0,0.0,89845381.8549,0.6626,1.824245945904199,216582.7711,3.6756,30.0,1.0,inf,0.1,0.01363,3.5116,1736,1.0005763688760807,1735,67,6.090909090909091,11
experiments/2026-01-06-mutation-bug-fix-runs/simulations/nonEpitopeAcceptance_0.1_epitopeAcceptance_1.0/run_11,11,175019.9659,90000000.0,0.0,89824980.0341,0.5531,1.8081137827180445,245135.0076,3.1694,30.0,1.0,inf,0.1,0.0137,2.9259,1787,1.06877990430622,1672,53,17.666666666666668,3
experiments/2026-01-06-mutation-bug-fix-runs/simulations/nonEpitopeAcceptance_0.1_epitopeAcceptance_1.0/run_15,15,135138.7794,90000000.0,0.0,89864861.2206,0.5361,1.5555563225289475,189306.1113,3.2477,30.0,1.0,inf,0.1,0.01357,3.1949,1603,1.0088105726872247,1589,74,2.8461538461538463,26
experiments/2026-01-06-mutation-bug-fix-runs/simulations/nonEpitopeAcceptance_0.1_epitopeAcceptance_1.0/run_12,12,194485.7967,90000000.0,0.0,89805514.2033,0.8027,2.3937397971124432,272388.438,3.1483,30.0,1.0,inf,0.1,0.01363,3.3042,1855,1.1028537455410226,1682,79,3.16,25
experiments/2026-01-06-mutation-bug-fix-runs/simulations/nonEpitopeAcceptance_0.1_epitopeAcceptance_1.0/run_13,13,178779.0628,90000000.0,0.0,89821220.9372,0.6684,2.06849508679158,250317.5975,3.369,30.0,1.0,inf,0.1,0.01369,3.25,1731,1.0465538089480049,1654,57,19.0,3
experiments/2026-01-06-mutation-bug-fix-runs/simulations/nonEpitopeAcceptance_0.1_epitopeAcceptance_1.0/run_14,14,284257.1781,90000000.0,0.0,89715742.8219,5.6096,9.96415159316046,398039.6624,6.6029,30.0,1.0,inf,0.1,0.01365,8.209,2060,1.07012987012987,1925,92,5.411764705882353,17
experiments/2026-01-06-mutation-bug-fix-runs/simulations/nonEpitopeAcceptance_0.1_epitopeAcceptance_1.0/run_17,17,217629.8721,90000000.0,0.0,89782370.1279,0.9874,2.6368344027043706,304866.087,3.4122,30.0,1.0,inf,0.1,0.01361,4.027,1905,1.0780984719864177,1767,71,2.730769230769231,26
experiments/2026-01-06-mutation-bug-fix-runs/simulations/nonEpitopeAcceptance_0.1_epitopeAcceptance_1.0/run_2,2,171104.6995,90000000.0,0.0,89828895.3005,0.6494,2.0526309623433656,239675.2353,3.2432,30.0,1.0,inf,0.1,0.01364,3.0012,1748,1.0092378752886837,1732,86,2.4571428571428573,35
experiments/2026-01-06-mutation-bug-fix-runs/simulations/nonEpitopeAcceptance_0.1_epitopeAcceptance_1.0/run_16,16,297455.0281,90000000.0,0.0,89702544.9719,4.5491,8.371894774056182,416641.5914,8.6644,30.0,1.0,inf,0.1,0.01359,12.423,2114,1.050173869846001,2013,66,4.714285714285714,14
experiments/2026-01-06-mutation-bug-fix-runs/simulations/nonEpitopeAcceptance_0.1_epitopeAcceptance_1.0/run_18,18,239446.2372,90000000.0,0.0,89760553.7628,3.4212,4.893457808798773,335408.1029,7.3664,30.0,1.0,inf,0.1,0.01362,10.01,2039,1.0748550342646284,1897,102,3.5172413793103448,29
experiments/2026-01-06-mutation-bug-fix-runs/simulations/nonEpitopeAcceptance_0.1_epitopeAcceptance_1.0/run_20,20,226719.1477,90000000.0,0.0,89773280.8523,1.5329,4.485909807392976,317577.5754,4.0228,30.0,1.0,inf,0.1,0.01361,4.4973,1901,1.0661805945036456,1783,77,3.85,20
experiments/2026-01-06-mutation-bug-fix-runs/simulations/nonEpitopeAcceptance_0.1_epitopeAcceptance_1.0/run_21,21,197763.3894,90000000.0,0.0,89802236.6106,1.3262,3.545983145746003,277000.5013,4.0378,30.0,1.0,inf,0.1,0.01364,4.502,1886,1.0374037403740375,1818,35,,0
experiments/2026-01-06-mutation-bug-fix-runs/simulations/nonEpitopeAcceptance_0.1_epitopeAcceptance_1.0/run_22,22,175217.2097,90000000.0,0.0,89824782.7903,0.7644,2.1645998082361153,245406.3095,3.9815,30.0,1.0,inf,0.1,0.01365,4.2206,1707,1.0270758122743682,1662,60,3.5294117647058822,17
experiments/2026-01-06-mutation-bug-fix-runs/simulations/nonEpitopeAcceptance_0.1_epitopeAcceptance_1.0/run_19,19,473597.2236,90000000.0,0.0,89526402.7764,10.3931,24.714002093462202,663332.966,12.6676,30.0,1.0,inf,0.1,0.01362,12.2164,2819,1.2407570422535212,2272,157,5.064516129032258,31
experiments/2026-01-06-mutation-bug-fix-runs/simulations/nonEpitopeAcceptance_0.1_epitopeAcceptance_1.0/run_24,24,337261.7896,90000000.0,0.0,89662738.2104,7.2324,13.257137842632737,472408.6387,9.6445,30.0,1.0,inf,0.1,0.01359,11.3331,2282,1.0804924242424243,2112,109,3.6333333333333333,30
experiments/2026-01-06-mutation-bug-fix-runs/simulations/nonEpitopeAcceptance_0.1_epitopeAcceptance_1.0/run_23,23,339497.3702,90000000.0,0.0,89660502.6298,13.5101,27.696736888327433,475542.773,12.105,30.0,1.0,inf,0.1,0.0136,17.4595,2293,1.1141885325558796,2058,135,4.821428571428571,28
experiments/2026-01-06-mutation-bug-fix-runs/simulations/nonEpitopeAcceptance_0.1_epitopeAcceptance_1.0/run_25,25,175962.9898,90000000.0,0.0,89824037.0102,1.164,2.499062410473115,246468.1969,3.9602,30.0,1.0,inf,0.1,0.01367,4.8765,1747,1.0300707547169812,1696,62,6.2,10
experiments/2026-01-06-mutation-bug-fix-runs/simulations/nonEpitopeAcceptance_0.1_epitopeAcceptance_1.0/run_29,29,171578.7046,90000000.0,0.0,89828421.2954,0.6679,1.9337892774043053,240349.4591,3.3559,30.0,1.0,inf,0.1,0.01361,3.3274,1740,1.0332541567695963,1684,77,3.08,25
experiments/2026-01-06-mutation-bug-fix-runs/simulations/nonEpitopeAcceptance_0.1_epitopeAcceptance_1.0/run_28,28,245217.4313,90000000.0,0.0,89754782.5687,6.9608,15.908910111598045,343432.3182,8.7159,30.0,1.0,inf,0.1,0.01369,11.4252,1979,1.0656973613354874,1857,103,3.814814814814815,27
experiments/2026-01-06-mutation-bug-fix-runs/simulations/nonEpitopeAcceptance_0.1_epitopeAcceptance_1.0/run_4,4,175692.7615,90000000.0,0.0,89824307.2385,1.0404,2.53758889698356,246022.2967,3.7487,30.0,1.0,inf,0.1,0.01367,3.9186,1824,1.1041162227602905,1652,52,3.7142857142857144,14
experiments/2026-01-06-mutation-bug-fix-runs/simulations/nonEpitopeAcceptance_0.1_epitopeAcceptance_1.0/run_5,5,176600.39,90000000.0,0.0,89823399.61,1.0809,2.363075648079448,247374.6081,4.2128,30.0,1.0,inf,0.1,0.01361,3.8673,1664,0.9601846508944027,1733,124,3.875,32
experiments/2026-01-06-mutation-bug-fix-runs/simulations/nonEpitopeAcceptance_0.1_epitopeAcceptance_1.0/run_6,6,155939.2161,90000000.0,0.0,89844060.7839,0.5452,1.6019393157494866,218560.163,3.2413,30.0,1.0,inf,0.1,0.01361,3.0477,1694,1.0495662949194549,1614,82,2.1578947368421053,38
experiments/2026-01-06-mutation-bug-fix-runs/simulations/nonEpitopeAcceptance_0.1_epitopeAcceptance_1.0/run_27,27,394199.828,90000000.0,0.0,89605800.172,22.3166,41.41387799924794,552178.1835,15.7675,30.0,1.0,inf,0.1,0.01358,21.1903,2315,1.1237864077669903,2060,150,3.658536585365854,41
experiments/2026-01-06-mutation-bug-fix-runs/simulations/nonEpitopeAcceptance_0.1_epitopeAcceptance_1.0/run_7,7,168618.2519,90000000.0,0.0,89831381.7481,0.5566,1.8532434446714303,235980.2481,2.949,30.0,1.0,inf,0.1,0.01367,2.7737,1731,1.012280701754386,1710,59,4.538461538461538,13
experiments/2026-01-06-mutation-bug-fix-runs/simulations/nonEpitopeAcceptance_0.2_epitopeAcceptance_0.75/run_0,0,160297.343,90000000.0,0.0,89839702.657,0.5523,1.874404941791164,224466.1448,3.5826,30.0,0.75,inf,0.2,0.01373,3.512,1196,0.3840719332048812,3114,53,2.12,25
experiments/2026-01-06-mutation-bug-fix-runs/simulations/nonEpitopeAcceptance_0.1_epitopeAcceptance_1.0/run_26,26,501062.782,90000000.0,0.0,89498937.218,17.5949,27.033259266635348,701772.5339,17.2329,30.0,1.0,inf,0.1,0.01355,18.6004,2594,1.1595887349128298,2237,146,4.709677419354839,31
experiments/2026-01-06-mutation-bug-fix-runs/simulations/nonEpitopeAcceptance_0.1_epitopeAcceptance_1.0/run_8,8,243204.8901,90000000.0,0.0,89756795.1099,2.2732,5.904751696523689,340768.9286,5.2522,30.0,1.0,inf,0.1,0.01369,5.9643,1924,1.0153034300791557,1895,126,2.423076923076923,52
experiments/2026-01-06-mutation-bug-fix-runs/simulations/nonEpitopeAcceptance_0.1_epitopeAcceptance_1.0/run_3,3,488555.4405,90000000.0,0.0,89511444.5595,17.4331,15.827682190092158,684341.0275,18.5576,30.0,1.0,inf,0.1,0.01357,20.5886,2476,1.101423487544484,2248,218,3.694915254237288,59
experiments/2026-01-06-mutation-bug-fix-runs/simulations/nonEpitopeAcceptance_0.2_epitopeAcceptance_0.75/run_10,10,121841.3945,90000000.0,0.0,89878158.6055,0.454,1.3499536618820873,170621.1324,3.4444,30.0,0.75,inf,0.2,0.01368,3.1078,1149,0.3713639301874596,3094,53,1.4722222222222223,36
experiments/2026-01-06-mutation-bug-fix-runs/simulations/nonEpitopeAcceptance_0.2_epitopeAcceptance_0.75/run_11,11,140947.3395,90000000.0,0.0,89859052.6605,0.496,1.5774729772033198,197418.6969,3.7086,30.0,0.75,inf,0.2,0.01363,3.5445,1230,0.3886255924170616,3165,50,1.3157894736842106,38
experiments/2026-01-06-mutation-bug-fix-runs/simulations/nonEpitopeAcceptance_0.2_epitopeAcceptance_0.75/run_1,1,152413.3139,90000000.0,0.0,89847586.6861,0.5219,1.8727162382642384,213547.2653,3.6293,30.0,0.75,inf,0.2,0.0136,3.3871,1275,0.37856294536817103,3368,68,0.7727272727272727,88
experiments/2026-01-06-mutation-bug-fix-runs/simulations/nonEpitopeAcceptance_0.1_epitopeAcceptance_1.0/run_9,9,437943.6598,90000000.0,0.0,89562056.3402,17.9003,29.412731202400938,613430.61,19.1477,30.0,1.0,inf,0.1,0.01356,21.8767,2447,1.1153144940747493,2194,137,5.074074074074074,27
experiments/2026-01-06-mutation-bug-fix-runs/simulations/nonEpitopeAcceptance_0.2_epitopeAcceptance_0.75/run_12,12,121610.344,90000000.0,0.0,89878389.656,0.5646,1.3032368017359297,170331.7148,3.6953,30.0,0.75,inf,0.2,0.01364,3.7155,1238,0.37188344848302796,3329,39,2.6,15
experiments/2026-01-06-mutation-bug-fix-runs/simulations/nonEpitopeAcceptance_0.2_epitopeAcceptance_0.75/run_13,13,157291.9194,90000000.0,0.0,89842708.0806,0.7075,1.868826654526592,220375.8529,3.4783,30.0,0.75,inf,0.2,0.01363,3.4492,1252,0.3784764207980653,3308,56,2.074074074074074,27
experiments/2026-01-06-mutation-bug-fix-runs/simulations/nonEpitopeAcceptance_0.2_epitopeAcceptance_0.75/run_15,15,112930.367,90000000.0,0.0,89887069.633,0.4893,1.2825557524911018,158168.0786,4.1606,30.0,0.75,inf,0.2,0.01363,3.689,1160,0.36755386565272496,3156,64,1.1228070175438596,57
experiments/2026-01-06-mutation-bug-fix-runs/simulations/nonEpitopeAcceptance_0.2_epitopeAcceptance_0.75/run_14,14,147363.5882,90000000.0,0.0,89852636.4118,0.6438,1.6086334570082321,206408.4616,3.4774,30.0,0.75,inf,0.2,0.01361,3.4658,1332,0.38264866417696064,3481,59,1.9666666666666666,30
experiments/2026-01-06-mutation-bug-fix-runs/simulations/nonEpitopeAcceptance_0.2_epitopeAcceptance_0.75/run_16,16,155917.8633,90000000.0,0.0,89844082.1367,0.6248,1.5993657175813916,218376.9174,3.4523,30.0,0.75,inf,0.2,0.01368,3.2786,1238,0.3862714508580343,3205,51,1.7586206896551724,29
experiments/2026-01-06-mutation-bug-fix-runs/simulations/nonEpitopeAcceptance_0.2_epitopeAcceptance_0.75/run_19,19,136603.6343,90000000.0,0.0,89863396.3657,0.829,1.621087652868278,191346.9182,3.7857,30.0,0.75,inf,0.2,0.01361,4.0182,1264,0.3895223420647149,3245,66,1.2,55
experiments/2026-01-06-mutation-bug-fix-runs/simulations/nonEpitopeAcceptance_0.2_epitopeAcceptance_0.75/run_17,17,156126.8452,90000000.0,0.0,89843873.1548,0.6098,1.7917528290224356,218651.5523,3.527,30.0,0.75,inf,0.2,0.01367,3.5215,1341,0.3965109402720284,3382,55,3.9285714285714284,14
experiments/2026-01-06-mutation-bug-fix-runs/simulations/nonEpitopeAcceptance_0.2_epitopeAcceptance_0.75/run_2,2,140114.6611,90000000.0,0.0,89859885.3389,0.673,1.5459344099292118,196220.8619,4.0804,30.0,0.75,inf,0.2,0.01366,3.8906,1266,0.3897783251231527,3248,54,2.0,27
experiments/2026-01-06-mutation-bug-fix-runs/simulations/nonEpitopeAcceptance_0.2_epitopeAcceptance_0.75/run_18,18,158548.2705,90000000.0,0.0,89841451.7295,0.7754,1.729094892492354,222004.0953,3.5989,30.0,0.75,inf,0.2,0.01365,3.6125,1226,0.3725311455484655,3291,66,2.2,30
experiments/2026-01-06-mutation-bug-fix-runs/simulations/nonEpitopeAcceptance_0.2_epitopeAcceptance_0.75/run_20,20,197362.9528,90000000.0,0.0,89802637.0472,2.2057,7.5303622050694,276429.2576,6.1533,30.0,0.75,inf,0.2,0.0137,8.1797,1546,0.4142550911039657,3732,49,1.225,40
experiments/2026-01-06-mutation-bug-fix-runs/simulations/nonEpitopeAcceptance_0.2_epitopeAcceptance_0.75/run_21,21,171450.3849,90000000.0,0.0,89828549.6151,0.7157,2.0281571912740803,240127.2871,3.2932,30.0,0.75,inf,0.2,0.01363,3.1177,1276,0.37093023255813956,3440,54,2.16,25
experiments/2026-01-06-mutation-bug-fix-runs/simulations/nonEpitopeAcceptance_0.2_epitopeAcceptance_0.75/run_22,22,144856.6672,90000000.0,0.0,89855143.3328,0.6246,1.6635754501561508,202868.4176,3.7191,30.0,0.75,inf,0.2,0.01371,3.5135,1244,0.38681592039800994,3216,34,34.0,1
experiments/2026-01-06-mutation-bug-fix-runs/simulations/nonEpitopeAcceptance_0.2_epitopeAcceptance_0.75/run_23,23,139812.5786,90000000.0,0.0,89860187.4214,0.5849,1.4436597685792953,195817.0921,3.5298,30.0,0.75,inf,0.2,0.01365,3.4571,1277,0.3848704038577456,3318,69,1.6428571428571428,42
experiments/2026-01-06-mutation-bug-fix-runs/simulations/nonEpitopeAcceptance_0.2_epitopeAcceptance_0.75/run_24,24,135907.8459,90000000.0,0.0,89864092.1541,0.5345,1.659266977794038,190357.1682,3.4437,30.0,0.75,inf,0.2,0.01367,3.1356,1236,0.3709483793517407,3332,47,3.6153846153846154,13
experiments/2026-01-06-mutation-bug-fix-runs/simulations/nonEpitopeAcceptance_0.2_epitopeAcceptance_0.75/run_26,26,172534.5243,90000000.0,0.0,89827465.4757,0.6147,1.8632255831910953,241590.4404,3.2446,30.0,0.75,inf,0.2,0.0138,3.2107,1359,0.39345686160972787,3454,39,2.6,15
experiments/2026-01-06-mutation-bug-fix-runs/simulations/nonEpitopeAcceptance_0.2_epitopeAcceptance_0.75/run_25,25,270536.6918,90000000.0,0.0,89729463.3082,8.7893,11.551499630454732,378992.445,12.7336,30.0,0.75,inf,0.2,0.01356,15.8363,1607,0.4106823409148991,3913,103,1.5147058823529411,68
experiments/2026-01-06-mutation-bug-fix-runs/simulations/nonEpitopeAcceptance_0.2_epitopeAcceptance_0.75/run_27,27,139885.2519,90000000.0,0.0,89860114.7481,0.5384,1.571093773503859,195683.1183,3.4126,30.0,0.75,inf,0.2,0.01367,3.1694,1297,0.3791289096755335,3421,40,5.0,8
experiments/2026-01-06-mutation-bug-fix-runs/simulations/nonEpitopeAcceptance_0.2_epitopeAcceptance_0.75/run_6,6,119172.9329,90000000.0,0.0,89880827.0671,0.5407,1.2275210441649362,166940.2756,3.9614,30.0,0.75,inf,0.2,0.01364,3.8545,1288,0.4018720748829953,3205,36,4.0,9
experiments/2026-01-06-mutation-bug-fix-runs/simulations/nonEpitopeAcceptance_0.2_epitopeAcceptance_0.75/run_4,4,157301.101,90000000.0,0.0,89842698.899,0.6849,1.8715635312947305,220336.6925,4.0365,30.0,0.75,inf,0.2,0.01363,3.7132,1299,0.40581068416119964,3201,58,2.1481481481481484,27
experiments/2026-01-06-mutation-bug-fix-runs/simulations/nonEpitopeAcceptance_0.2_epitopeAcceptance_0.75/run_29,29,145944.9277,90000000.0,0.0,89854055.0723,0.5782,1.5674077849739605,204396.9028,3.3002,30.0,0.75,inf,0.2,0.01366,3.0682,1295,0.3907664453832227,3314,52,3.25,16
experiments/2026-01-06-mutation-bug-fix-runs/simulations/nonEpitopeAcceptance_0.2_epitopeAcceptance_0.75/run_5,5,139911.8408,90000000.0,0.0,89860088.1592,0.5687,1.5709054694005273,195985.2743,3.5995,30.0,0.75,inf,0.2,0.01362,3.5975,1254,0.3806921675774135,3294,66,1.346938775510204,49
experiments/2026-01-06-mutation-bug-fix-runs/simulations/nonEpitopeAcceptance_0.2_epitopeAcceptance_0.75/run_28,28,302345.1023,90000000.0,0.0,89697654.8977,11.89,25.236922031401342,423531.1656,12.9023,30.0,0.75,inf,0.2,0.01356,19.7858,1630,0.4049689440993789,4025,100,1.5384615384615385,65
experiments/2026-01-06-mutation-bug-fix-runs/simulations/nonEpitopeAcceptance_0.2_epitopeAcceptance_0.75/run_7,7,126891.0985,90000000.0,0.0,89873108.9015,0.4583,1.3935462236636302,177718.504,3.7297,30.0,0.75,inf,0.2,0.01367,3.4484,1265,0.3819444444444444,3312,50,1.2820512820512822,39
experiments/2026-01-06-mutation-bug-fix-runs/simulations/nonEpitopeAcceptance_0.2_epitopeAcceptance_0.75/run_8,8,162230.4494,90000000.0,0.0,89837769.5506,0.58,1.8667372904918589,227177.1022,3.3574,30.0,0.75,inf,0.2,0.01369,3.1447,1308,0.38527245949926364,3395,64,1.2307692307692308,52
experiments/2026-01-06-mutation-bug-fix-runs/simulations/nonEpitopeAcceptance_0.2_epitopeAcceptance_0.75/run_3,3,286878.867,90000000.0,0.0,89713121.133,14.7847,31.13385772136094,401807.75,15.7628,30.0,0.75,inf,0.2,0.01358,22.9704,1619,0.40014829461196244,4046,95,3.392857142857143,28
experiments/2026-01-06-mutation-bug-fix-runs/simulations/nonEpitopeAcceptance_0.2_epitopeAcceptance_0.75/run_9,9,161648.9341,90000000.0,0.0,89838351.0659,0.5801,1.8431191962714761,226169.007,3.3281,30.0,0.75,inf,0.2,0.01364,3.4166,1404,0.4039125431530495,3476,47,2.611111111111111,18
experiments/2026-01-06-mutation-bug-fix-runs/simulations/nonEpitopeAcceptance_0.2_epitopeAcceptance_1.0/run_1,1,172232.4488,90000000.0,0.0,89827767.5512,0.6469,1.9111601557434863,241236.4214,3.2175,30.0,1.0,inf,0.2,0.01364,3.1044,1753,0.4913116591928251,3568,61,6.1,10
experiments/2026-01-06-mutation-bug-fix-runs/simulations/nonEpitopeAcceptance_0.2_epitopeAcceptance_1.0/run_11,11,137260.9009,90000000.0,0.0,89862739.0991,0.5789,1.5579367048270614,192263.1387,3.6827,30.0,1.0,inf,0.2,0.01365,3.4703,1702,0.5011778563015312,3396,50,7.142857142857143,7
experiments/2026-01-06-mutation-bug-fix-runs/simulations/nonEpitopeAcceptance_0.2_epitopeAcceptance_1.0/run_10,10,245688.5381,90000000.0,0.0,89754311.4619,3.3443,12.012761761965372,344144.7812,5.4052,30.0,1.0,inf,0.2,0.01365,6.4745,2078,0.5344650205761317,3888,118,4.068965517241379,29
experiments/2026-01-06-mutation-bug-fix-runs/simulations/nonEpitopeAcceptance_0.2_epitopeAcceptance_1.0/run_0,0,334998.0722,90000000.0,0.0,89665001.9278,6.4894,14.094625046832299,469146.8127,8.7052,30.0,1.0,inf,0.2,0.01376,9.553,2237,0.5485532123589996,4078,165,2.323943661971831,71
experiments/2026-01-06-mutation-bug-fix-runs/simulations/nonEpitopeAcceptance_0.2_epitopeAcceptance_1.0/run_12,12,157389.5663,90000000.0,0.0,89842610.4337,0.6757,2.06338351353791,220313.9148,3.3875,30.0,1.0,inf,0.2,0.0137,3.129,1853,0.5419713366481427,3419,55,1.5277777777777777,36
experiments/2026-01-06-mutation-bug-fix-runs/simulations/nonEpitopeAcceptance_0.2_epitopeAcceptance_1.0/run_13,13,190259.195,90000000.0,0.0,89809740.805,0.5895,2.04670621583297,266488.4265,3.057,30.0,1.0,inf,0.2,0.01364,2.7647,1805,0.5253201396973225,3436,58,4.142857142857143,14
experiments/2026-01-06-mutation-bug-fix-runs/simulations/nonEpitopeAcceptance_0.2_epitopeAcceptance_1.0/run_14,14,273683.7353,90000000.0,0.0,89726316.2647,2.912,5.434792143085122,383375.9239,5.5149,30.0,1.0,inf,0.2,0.01359,5.6898,2078,0.5724517906336088,3630,130,1.4444444444444444,90
experiments/2026-01-06-mutation-bug-fix-runs/simulations/nonEpitopeAcceptance_0.2_epitopeAcceptance_1.0/run_15,15,198805.0179,90000000.0,0.0,89801194.9821,0.8913,2.1795121798821078,278478.6132,3.2715,30.0,1.0,inf,0.2,0.01362,3.3428,1858,0.5447082966871885,3411,74,1.2982456140350878,57
experiments/2026-01-06-mutation-bug-fix-runs/simulations/nonEpitopeAcceptance_0.2_epitopeAcceptance_1.0/run_16,16,227770.2142,90000000.0,0.0,89772229.7858,1.1608,2.898015217311727,319079.3344,3.3817,30.0,1.0,inf,0.2,0.01361,3.2912,1851,0.5243626062322946,3530,82,1.3442622950819672,61
experiments/2026-01-06-mutation-bug-fix-runs/simulations/nonEpitopeAcceptance_0.2_epitopeAcceptance_1.0/run_2,2,176067.3695,90000000.0,0.0,89823932.6305,0.6933,1.8929550942905775,246584.799,3.1838,30.0,1.0,inf,0.2,0.01363,3.2401,1783,0.5085567598402738,3506,56,7.0,8
experiments/2026-01-06-mutation-bug-fix-runs/simulations/nonEpitopeAcceptance_0.2_epitopeAcceptance_1.0/run_19,19,175243.4751,90000000.0,0.0,89824756.5249,0.7,1.7924344409571962,245537.4399,3.4684,30.0,1.0,inf,0.2,0.01362,3.1862,1723,0.5039485229599298,3419,94,0.9894736842105263,95
experiments/2026-01-06-mutation-bug-fix-runs/simulations/nonEpitopeAcceptance_0.2_epitopeAcceptance_1.0/run_17,17,242456.7474,90000000.0,0.0,89757543.2526,1.9512,5.27383904228845,339555.4367,4.1281,30.0,1.0,inf,0.2,0.01364,4.7544,1930,0.5361111111111111,3600,84,2.4705882352941178,34
experiments/2026-01-06-mutation-bug-fix-runs/simulations/nonEpitopeAcceptance_0.2_epitopeAcceptance_1.0/run_20,20,256847.5812,90000000.0,0.0,89743152.4188,4.4959,7.919777373881989,359777.9751,5.978,30.0,1.0,inf,0.2,0.0136,6.6492,1998,0.5273159144893111,3789,56,2.4347826086956523,23
experiments/2026-01-06-mutation-bug-fix-runs/simulations/nonEpitopeAcceptance_0.2_epitopeAcceptance_1.0/run_18,18,339255.8779,90000000.0,0.0,89660744.1221,9.9461,17.84227219461852,475175.2334,12.4541,30.0,1.0,inf,0.2,0.01356,18.9137,2205,0.5405736700171611,4079,119,2.3333333333333335,51
experiments/2026-01-06-mutation-bug-fix-runs/simulations/nonEpitopeAcceptance_0.2_epitopeAcceptance_1.0/run_24,24,195526.3176,90000000.0,0.0,89804473.6824,0.6376,1.6663349222254917,273827.8122,2.9501,30.0,1.0,inf,0.2,0.01375,2.8046,1561,0.504361873990307,3095,79,1.2741935483870968,62
experiments/2026-01-06-mutation-bug-fix-runs/simulations/nonEpitopeAcceptance_0.2_epitopeAcceptance_1.0/run_21,21,237948.0729,90000000.0,0.0,89762051.9271,1.4151,3.412988000929043,333245.0595,3.7033,30.0,1.0,inf,0.2,0.01362,4.1499,1926,0.533370257546386,3611,66,2.75,24
experiments/2026-01-06-mutation-bug-fix-runs/simulations/nonEpitopeAcceptance_0.2_epitopeAcceptance_1.0/run_22,22,220546.3267,90000000.0,0.0,89779453.6733,0.8034,2.8642337161225684,308883.117,3.0313,30.0,1.0,inf,0.2,0.01368,3.0594,1916,0.532666110647762,3597,37,7.4,5
experiments/2026-01-06-mutation-bug-fix-runs/simulations/nonEpitopeAcceptance_0.2_epitopeAcceptance_1.0/run_23,23,191789.9329,90000000.0,0.0,89808210.0671,0.7492,2.0601087854808164,268655.2391,3.1573,30.0,1.0,inf,0.2,0.01362,3.1648,1892,0.5302690582959642,3568,82,1.7446808510638299,47
experiments/2026-01-06-mutation-bug-fix-runs/simulations/nonEpitopeAcceptance_0.2_epitopeAcceptance_1.0/run_25,25,188838.3803,90000000.0,0.0,89811161.6197,1.1113,2.062313176585604,264486.8874,3.7799,30.0,1.0,inf,0.2,0.01368,4.0819,1727,0.5076425631981187,3402,63,3.15,20
experiments/2026-01-06-mutation-bug-fix-runs/simulations/nonEpitopeAcceptance_0.2_epitopeAcceptance_1.0/run_26,26,164717.6074,90000000.0,0.0,89835282.3926,0.6692,1.7498975072258411,230721.7123,3.3531,30.0,1.0,inf,0.2,0.01363,3.1666,1625,0.47949247565653585,3389,68,1.3076923076923077,52
experiments/2026-01-06-mutation-bug-fix-runs/simulations/nonEpitopeAcceptance_0.2_epitopeAcceptance_1.0/run_28,28,167616.766,90000000.0,0.0,89832383.234,0.6639,1.8257653705066683,234776.5569,3.4495,30.0,1.0,inf,0.2,0.01364,3.2783,1722,0.5157232704402516,3339,82,2.8275862068965516,29
experiments/2026-01-06-mutation-bug-fix-runs/simulations/nonEpitopeAcceptance_0.2_epitopeAcceptance_1.0/run_27,27,306042.3276,90000000.0,0.0,89693957.6724,4.9839,10.008687554221837,428332.1438,9.1705,30.0,1.0,inf,0.2,0.01368,10.6476,2192,0.5614754098360656,3904,114,1.9322033898305084,59
experiments/2026-01-06-mutation-bug-fix-runs/simulations/nonEpitopeAcceptance_0.2_epitopeAcceptance_1.0/run_3,3,138795.4751,90000000.0,0.0,89861204.5249,0.9145,1.898633910131511,194438.3702,4.4174,30.0,1.0,inf,0.2,0.01359,4.1872,1661,0.5082619339045288,3268,95,1.4179104477611941,67
experiments/2026-01-06-mutation-bug-fix-runs/simulations/nonEpitopeAcceptance_0.2_epitopeAcceptance_1.0/run_4,4,183826.7514,90000000.0,0.0,89816173.2486,0.7246,1.992132409379283,257451.3012,3.4088,30.0,1.0,inf,0.2,0.01368,3.2059,1675,0.48635307781649245,3444,47,3.9166666666666665,12
experiments/2026-01-06-mutation-bug-fix-runs/simulations/nonEpitopeAcceptance_0.2_epitopeAcceptance_1.0/run_6,6,171135.116,90000000.0,0.0,89828864.884,0.692,1.75863274339212,239522.2579,3.5947,30.0,1.0,inf,0.2,0.01374,3.6086,1755,0.5221660220172568,3361,85,1.328125,64
experiments/2026-01-06-mutation-bug-fix-runs/simulations/nonEpitopeAcceptance_0.2_epitopeAcceptance_1.0/run_29,29,393318.2743,90000000.0,0.0,89606681.7257,7.2983,11.098833759177568,550931.2705,13.293,30.0,1.0,inf,0.2,0.01357,16.5093,2297,0.5518981259010092,4162,132,2.869565217391304,46
experiments/2026-01-06-mutation-bug-fix-runs/simulations/nonEpitopeAcceptance_0.2_epitopeAcceptance_1.0/run_9,9,183548.9175,90000000.0,0.0,89816451.0825,0.6267,1.8595404263534252,257073.2225,3.1688,30.0,1.0,inf,0.2,0.01365,3.0419,1757,0.5002847380410023,3512,53,3.1176470588235294,17
experiments/2026-01-06-mutation-bug-fix-runs/simulations/nonEpitopeAcceptance_0.2_epitopeAcceptance_1.0/run_5,5,348059.5556,90000000.0,0.0,89651940.4444,16.2604,31.20549247278228,487459.6432,15.5506,30.0,1.0,inf,0.2,0.01359,21.0358,2364,0.5772893772893772,4095,65,3.611111111111111,18
experiments/2026-01-06-mutation-bug-fix-runs/simulations/nonEpitopeAcceptance_0.2_epitopeAcceptance_1.0/run_7,7,380045.1269,90000000.0,0.0,89619954.8731,9.3212,19.873123330455414,532226.935,10.1584,30.0,1.0,inf,0.2,0.01368,13.3403,2487,0.5844888366627498,4255,112,2.6666666666666665,42
experiments/2026-01-06-mutation-bug-fix-runs/simulations/nonEpitopeAcceptance_0.2_epitopeAcceptance_1.0/run_8,8,370590.1609,90000000.0,0.0,89629409.8391,11.0424,23.574411117508014,519042.6829,10.8164,30.0,1.0,inf,0.2,0.01367,15.5269,2409,0.5772825305535586,4173,58,3.8666666666666667,15
