pivot_date	model	location	inference_method	iterations	learning_rate	num_samples	num_iterations	initial_loss	final_loss	min_loss	total_improvement	converged	relative_change	threshold	window	final_iteration
2026-04-01	FGA	north	InferFullRank	50000		500	50000	11450.2529296875	573.1998901367188	551.715576171875	10877.052734375	True	0.022651908919215202	0.01	100	50000
2026-10-01	FGA	north	InferFullRank	50000		500	50000	12810.052734375	319.31304931640625	302.0000305175781	12490.7392578125	True	0.0246936846524477	0.01	100	50000
2027-04-01	FGA	north	InferFullRank	50000		500	50000	168140.390625	298.42034912109375	287.02545166015625	167841.96875	True	0.009866264648735523	0.01	100	50000
2027-10-01	FGA	north	InferFullRank	50000		500	50000	142942.0625	327.5218505859375	313.21881103515625	142614.546875	True	0.13030178844928741	0.01	100	50000
2028-04-01	FGA	north	InferFullRank	50000		500	50000	394063.1875	410.4594421386719		393652.71875	True	0.001048940815962851	0.01	100	50000
2028-10-01	FGA	north	InferFullRank	50000		500	50000	274746.59375	453.177490234375	441.24224853515625	274293.40625	True	0.016815096139907837	0.01	100	50000
2029-04-01	FGA	north	InferFullRank	50000		500	50000		775.5244140625			True	0.03945271298289299	0.01	100	50000
2029-10-01	FGA	north	InferFullRank	50000		500	50000	101322.640625	873.6087646484375	861.389892578125	100449.03125	True	0.0026688415091484785	0.01	100	50000
2030-04-01	FGA	north	InferFullRank	50000		500	50000		1001.5267333984375			True	0.0026016579940915108	0.01	100	50000
2030-10-01	FGA	north	InferFullRank	50000		500	50000	1001369.5	428.09027099609375		1000941.4375	True	0.02113817073404789	0.01	100	50000
2034-04-01	FGA	north	InferFullRank	50000		500	50000		479.5721435546875			True	0.018304457888007164	0.01	100	50000
2034-10-01	FGA	north	InferFullRank	50000		500	50000	136088.75	425.59417724609375		135663.15625	True	0.02076776698231697	0.01	100	50000
2035-04-01	FGA	north	InferFullRank	50000		500	50000	105063.3671875	592.81884765625		104470.546875	True	0.03321650251746178	0.01	100	50000
2035-10-01	FGA	north	InferFullRank	50000		500	50000	532722.6875	482.86480712890625		532239.8125	True	0.007676304318010807	0.01	100	50000
2036-04-01	FGA	north	InferFullRank	50000		500	50000	5520.01953125	280.73870849609375	254.02476501464844	5239.28076171875	True	0.0683448314666748	0.01	100	50000
2037-04-01	FGA	north	InferFullRank	50000		500	50000	194246.84375	587.1690063476562		193659.671875	True	0.013745482079684734	0.01	100	50000
2037-10-01	FGA	north	InferFullRank	50000		500	50000	232468.25	932.78662109375		231535.46875	True	0.005788602866232395	0.01	100	50000
2038-04-01	FGA	north	InferFullRank	50000		500	50000	168951.328125	1025.36279296875		167925.96875	True	0.00220090476796031	0.01	100	50000
2038-10-01	FGA	north	InferFullRank	50000		500	50000	7648.82861328125	441.5262145996094		7207.30224609375	True	0.48677974939346313	0.01	100	50000
2041-04-01	FGA	north	InferFullRank	50000		500	50000	14159.4130859375	560.4554443359375		13598.9580078125	True	0.012792116031050682	0.01	100	50000
2041-10-01	FGA	north	InferFullRank	50000		500	50000	74425.625	732.7655029296875	723.06396484375	73692.859375	True	0.000892877986188978	0.01	100	50000
2042-04-01	FGA	north	InferFullRank	50000		500	50000	52204.9296875	618.1027221679688	609.4927978515625	51586.828125	True	0.0016117958584800363	0.01	100	50000
2042-10-01	FGA	north	InferFullRank	50000		500	50000		455.08050537109375			True	0.013049166649580002	0.01	100	50000
2043-04-01	FGA	north	InferFullRank	50000		500	50000		427.55340576171875			True	0.015303416177630424	0.01	100	50000
2043-10-01	FGA	north	InferFullRank	50000		500	50000		400.739013671875			True	0.13040632009506226	0.01	100	50000
2044-04-01	FGA	north	InferFullRank	50000		500	50000		369.0133056640625			True	0.01940259337425232	0.01	100	50000
2044-10-01	FGA	north	InferFullRank	50000		500	50000		663.1146240234375			True	0.013286310248076916	0.01	100	50000
2045-04-01	FGA	north	InferFullRank	50000		500	50000	41332.6015625	500.929931640625	494.63043212890625	40831.671875	True	0.0027481657452881336	0.01	100	50000
2047-04-01	FGA	north	InferFullRank	50000		500	50000	78723.9921875	256.4309387207031		78467.5625	True	0.010693753138184547	0.01	100	50000
2047-10-01	FGA	north	InferFullRank	50000		500	50000		339.5997009277344			True	0.07946594059467316	0.01	100	50000
2048-04-01	FGA	north	InferFullRank	50000		500	50000		419.14935302734375			True	0.1158405989408493	0.01	100	50000
2048-10-01	FGA	north	InferFullRank	50000		500	50000		734.8865966796875			True	0.009679744020104408	0.01	100	50000
2049-04-01	FGA	north	InferFullRank	50000		500	50000		928.4576416015625			True	0.011718007735908031	0.01	100	50000
2049-10-01	FGA	north	InferFullRank	50000		500	50000		931.86328125			True	0.008131465874612331	0.01	100	50000
2050-04-01	FGA	north	InferFullRank	50000		500	50000		778.0099487304688			True	0.00013456046872306615	0.01	100	50000
2050-10-01	FGA	north	InferFullRank	50000		500	50000	189352.6875	341.1103515625		189011.578125	True	0.29808422923088074	0.01	100	50000
2051-04-01	FGA	north	InferFullRank	50000		500	50000	192472.40625	385.8519592285156	357.85284423828125	192086.546875	True	0.01996028423309326	0.01	100	50000
2051-10-01	FGA	north	InferFullRank	50000		500	50000		351.12286376953125			True	0.045219648629426956	0.01	100	50000
2052-04-01	FGA	north	InferFullRank	50000		500	50000	25083.53125	500.795654296875		24582.736328125	True	0.06902315467596054	0.01	100	50000
2052-10-01	FGA	north	InferFullRank	50000		500	50000		635.759521484375			True	0.0019659774843603373	0.01	100	50000
2053-04-01	FGA	north	InferFullRank	50000		500	50000		612.1881103515625			True	0.010476013645529747	0.01	100	50000
2026-10-01	FGA	south	InferFullRank	50000		500	50000	50383.75				False		0.01	100	50000
2027-04-01	FGA	south	InferFullRank	50000		500	50000	105501.390625	285.3548583984375	276.2671813964844	105216.0390625	True	0.036713242530822754	0.01	100	50000
2027-10-01	FGA	south	InferFullRank	50000		500	50000		409.1756591796875			True	0.04077829420566559	0.01	100	50000
2028-04-01	FGA	south	InferFullRank	50000		500	50000	405128.375	345.7130432128906	332.01727294921875	404782.65625	True	0.038872212171554565	0.01	100	50000
2028-10-01	FGA	south	InferFullRank	50000		500	50000	30145.2109375	488.6307373046875		29656.580078125	True	0.007888338528573513	0.01	100	50000
2029-04-01	FGA	south	InferFullRank	50000		500	50000	12775.6875	627.724609375	620.384033203125	12147.962890625	True	0.001229749876074493	0.01	100	50000
2029-10-01	FGA	south	InferFullRank	50000		500	50000	20886.26171875	1004.4747924804688		19881.787109375	True	1.3185799616621807e-05	0.01	100	50000
2030-04-01	FGA	south	InferFullRank	50000		500	50000		907.6961669921875			True	0.016713827848434448	0.01	100	50000
2030-10-01	FGA	south	InferFullRank	50000		500	50000		346.7620544433594			True	0.07182047516107559	0.01	100	50000
2031-10-01	FGA	south	InferFullRank	50000		500	50000	139206.421875	285.025146484375	257.265625	138921.390625	True	0.017216887325048447	0.01	100	50000
2032-04-01	FGA	south	InferFullRank	50000		500	50000	18549.61328125	365.9307861328125		18183.681640625	True	0.04734569787979126	0.01	100	50000
2032-10-01	FGA	south	InferFullRank	50000		500	50000		660.8017578125			True	0.0052037956193089485	0.01	100	50000
2034-10-01	FGA	south	InferFullRank	50000		500	50000	64839.3046875	430.3105773925781	410.88372802734375	64408.9921875	True	0.061431363224983215	0.01	100	50000
2035-04-01	FGA	south	InferFullRank	50000		500	50000	318220.0	534.34521484375		317685.65625	True	0.06439568847417831	0.01	100	50000
2035-10-01	FGA	south	InferFullRank	50000		500	50000	110515.140625				False		0.01	100	50000
2037-04-01	FGA	south	InferFullRank	50000		500	50000	28098.662109375	1087.26025390625		27011.40234375	True	0.008687762543559074	0.01	100	50000
2037-10-01	FGA	south	InferFullRank	50000		500	50000	51151.0625	1177.559814453125		49973.50390625	True	0.00020003109239041805	0.01	100	50000
2038-04-01	FGA	south	InferFullRank	50000		500	50000	278218.9375	957.4927978515625	921.1824951171875	277261.4375	True	0.024806389585137367	0.01	100	50000
2040-10-01	FGA	south	InferFullRank	50000		500	50000	13778.689453125	564.2904663085938		13214.3994140625	True	0.010839289054274559	0.01	100	50000
2041-04-01	FGA	south	InferFullRank	50000		500	50000	130040.859375	790.1148681640625	783.25732421875	129250.7421875	True	0.001740463194437325	0.01	100	50000
2041-10-01	FGA	south	InferFullRank	50000		500	50000	117157.6484375	761.4569091796875	749.2194213867188	116396.1953125	True	0.00786616001278162	0.01	100	50000
2042-04-01	FGA	south	InferFullRank	50000		500	50000	24920.09765625	542.8260498046875		24377.271484375	True	0.0015137012815102935	0.01	100	50000
2042-10-01	FGA	south	InferFullRank	50000		500	50000		358.622802734375			True	0.014227217063307762	0.01	100	50000
2043-04-01	FGA	south	InferFullRank	50000		500	50000		380.9352722167969			True	0.028360197320580482	0.01	100	50000
2043-10-01	FGA	south	InferFullRank	50000		500	50000	117600.5390625	482.7200927734375		117117.8203125	True	0.27349716424942017	0.01	100	50000
2044-04-01	FGA	south	InferFullRank	50000		500	50000		418.4436950683594			True	0.014696022495627403	0.01	100	50000
2044-10-01	FGA	south	InferFullRank	50000		500	50000		968.9179077148438			True	0.0006538187153637409	0.01	100	50000
2045-04-01	FGA	south	InferFullRank	50000		500	50000	691823.75	784.4818725585938		691039.25	True	0.0011864113621413708	0.01	100	50000
2047-10-01	FGA	south	InferFullRank	50000		500	50000	48960.7421875	281.1991882324219	262.05682373046875	48679.54296875	True	0.007897168397903442	0.01	100	50000
2048-04-01	FGA	south	InferFullRank	50000		500	50000	87787.375	396.7021179199219	363.9530029296875	87390.671875	True	0.02027539350092411	0.01	100	50000
2048-10-01	FGA	south	InferFullRank	50000		500	50000		796.7010498046875			True	0.011127150617539883	0.01	100	50000
2049-04-01	FGA	south	InferFullRank	50000		500	50000		898.7420654296875			True	0.00956448633223772	0.01	100	50000
2049-10-01	FGA	south	InferFullRank	50000		500	50000	224690.390625	958.9469604492188		223731.4375	True	0.006173878442496061	0.01	100	50000
2050-04-01	FGA	south	InferFullRank	50000		500	50000		874.346435546875			True	0.006077426485717297	0.01	100	50000
2050-10-01	FGA	south	InferFullRank	50000		500	50000	249543.4375	429.00628662109375		249114.4375	True	0.029638642445206642	0.01	100	50000
2051-04-01	FGA	south	InferFullRank	50000		500	50000		355.4853820800781			True	0.006949663162231445	0.01	100	50000
2051-10-01	FGA	south	InferFullRank	50000		500	50000		383.2540283203125			True	0.02597537636756897	0.01	100	50000
2052-04-01	FGA	south	InferFullRank	50000		500	50000	126666.609375	438.19549560546875		126228.4140625	True	0.1110035851597786	0.01	100	50000
2052-10-01	FGA	south	InferFullRank	50000		500	50000		1063.8753662109375			True	0.04870675504207611	0.01	100	50000
2053-04-01	FGA	south	InferFullRank	50000		500	50000	771043.125	899.0401611328125		770144.0625	True	0.01402268372476101	0.01	100	50000
2025-04-01	FGA	tropics	InferFullRank	50000		500	50000	8632.220703125	388.3103332519531		8243.91015625	True	0.018280085176229477	0.01	100	50000
2025-10-01	FGA	tropics	InferFullRank	50000		500	50000	112738.328125	756.6787109375	751.8563232421875	111981.6484375	True	0.004251684527844191	0.01	100	50000
2026-04-01	FGA	tropics	InferFullRank	50000		500	50000	141160.375	765.0537109375	755.447021484375	140395.328125	True	0.0026595976669341326	0.01	100	50000
2026-10-01	FGA	tropics	InferFullRank	50000		500	50000	185368.90625	589.9566650390625	389.66595458984375	184778.953125	True	0.4050367772579193	0.01	100	50000
2027-04-01	FGA	tropics	InferFullRank	50000		500	50000	158060.53125	405.7503356933594	385.53192138671875	157654.78125	True	0.11765675991773605	0.01	100	50000
2027-10-01	FGA	tropics	InferFullRank	50000		500	50000		427.9588623046875			True	0.17912212014198303	0.01	100	50000
2028-04-01	FGA	tropics	InferFullRank	50000		500	50000		461.07769775390625			True	0.2136155366897583	0.01	100	50000
2028-10-01	FGA	tropics	InferFullRank	50000		500	50000	261431.640625	931.1455078125	920.9586791992188	260500.5	True	0.0009890648070722818	0.01	100	50000
2029-04-01	FGA	tropics	InferFullRank	50000		500	50000		1118.3011474609375			True	0.00029306302894838154	0.01	100	50000
2029-10-01	FGA	tropics	InferFullRank	50000		500	50000		1015.1639404296875			True	0.0031478633172810078	0.01	100	50000
2030-04-01	FGA	tropics	InferFullRank	50000		500	50000		908.8037109375			True	0.02416730672121048	0.01	100	50000
2030-10-01	FGA	tropics	InferFullRank	50000		500	50000	646463.375	549.232177734375		645914.125	True	0.034556496888399124	0.01	100	50000
2031-04-01	FGA	tropics	InferFullRank	50000		500	50000		412.5823669433594			True	0.01777690090239048	0.01	100	50000
2031-10-01	FGA	tropics	InferFullRank	50000		500	50000	42457.2421875	276.9173889160156	268.741943359375	42180.32421875	True	0.010325239039957523	0.01	100	50000
2032-04-01	FGA	tropics	InferFullRank	50000		500	50000	114382.84375	354.41162109375	338.39495849609375	114028.4296875	True	0.051707878708839417	0.01	100	50000
2032-10-01	FGA	tropics	InferFullRank	50000		500	50000	134970.09375	835.5420532226562	828.4645385742188	134134.546875	True	0.0049444870091974735	0.01	100	50000
2033-04-01	FGA	tropics	InferFullRank	50000		500	50000	66143.5234375	862.3021240234375	852.9705810546875	65281.22265625	True	0.007775305770337582	0.01	100	50000
2034-10-01	FGA	tropics	InferFullRank	50000		500	50000	13426.1640625	300.0989990234375		13126.0654296875	True	0.04865815490484238	0.01	100	50000
2035-04-01	FGA	tropics	InferFullRank	50000		500	50000		484.48699951171875			True	0.07824282348155975	0.01	100	50000
2035-10-01	FGA	tropics	InferFullRank	50000		500	50000	370871.53125	604.424560546875	589.261474609375	370267.09375	True	0.07539130002260208	0.01	100	50000
2036-04-01	FGA	tropics	InferFullRank	50000		500	50000	50665.80078125	614.4125366210938	581.0762939453125	50051.38671875	True	0.028668953105807304	0.01	100	50000
2036-10-01	FGA	tropics	InferFullRank	50000		500	50000	32651.623046875	1015.0938110351562		31636.529296875	True	0.0032065119594335556	0.01	100	50000
2037-04-01	FGA	tropics	InferFullRank	50000		500	50000	63931.8515625	1196.2099609375		62735.640625	True	0.0030219568870961666	0.01	100	50000
2037-10-01	FGA	tropics	InferFullRank	50000		500	50000	95535.046875	1212.2041015625		94322.84375	True	0.0019422617042437196	0.01	100	50000
2038-04-01	FGA	tropics	InferFullRank	50000		500	50000	87890.328125	1019.9161376953125	1011.9110107421875	86870.4140625	True	0.005406418815255165	0.01	100	50000
2038-10-01	FGA	tropics	InferFullRank	50000		500	50000		368.75164794921875			True	0.31018370389938354	0.01	100	50000
2039-04-01	FGA	tropics	InferFullRank	50000		500	50000	79410.6015625	358.4455261230469	345.79766845703125	79052.15625	True	0.029055163264274597	0.01	100	50000
2039-10-01	FGA	tropics	InferFullRank	50000		500	50000	91362.546875	378.7571105957031	362.57293701171875	90983.7890625	True	0.0034316296223551035	0.01	100	50000
2040-04-01	FGA	tropics	InferFullRank	50000		500	50000	66805.3984375	-446.1169128417969		67251.515625	False	2.2586867809295654	0.01	100	50000
2040-10-01	FGA	tropics	InferFullRank	50000		500	50000	55961.7109375	730.1898803710938	719.8153076171875	55231.51953125	True	0.03293855860829353	0.01	100	50000
2041-04-01	FGA	tropics	InferFullRank	50000		500	50000		861.02685546875			True	0.0027022426947951317	0.01	100	50000
2041-10-01	FGA	tropics	InferFullRank	50000		500	50000		857.42041015625			True	0.01486921776086092	0.01	100	50000
2042-04-01	FGA	tropics	InferFullRank	50000		500	50000		736.641357421875			True	0.00010275199747411534	0.01	100	50000
2042-10-01	FGA	tropics	InferFullRank	50000		500	50000	180604.46875	395.2387390136719	376.87286376953125	180209.234375	True	0.036043256521224976	0.01	100	50000
2043-04-01	FGA	tropics	InferFullRank	50000		500	50000		417.21923828125			True	0.07797400653362274	0.01	100	50000
2043-10-01	FGA	tropics	InferFullRank	50000		500	50000		378.0254211425781			True	0.08509774506092072	0.01	100	50000
2044-04-01	FGA	tropics	InferFullRank	50000		500	50000	225861.59375	368.77886962890625	352.7507629394531	225492.8125	True	0.033784277737140656	0.01	100	50000
2044-10-01	FGA	tropics	InferFullRank	50000		500	50000		888.822509765625			True	0.010632607154548168	0.01	100	50000
2045-04-01	FGA	tropics	InferFullRank	50000		500	50000	170968.09375	714.765869140625	699.8455810546875	170253.328125	True	0.008277003653347492	0.01	100	50000
2047-04-01	FGA	tropics	InferFullRank	50000		500	50000	124199.90625				False		0.01	100	50000
2047-10-01	FGA	tropics	InferFullRank	50000		500	50000	155602.203125	370.0252990722656	312.8497314453125	155232.171875	True	0.04953961446881294	0.01	100	50000
2048-04-01	FGA	tropics	InferFullRank	50000		500	50000	113375.421875	385.80242919921875	366.117431640625	112989.6171875	True	0.07286080718040466	0.01	100	50000
2048-10-01	FGA	tropics	InferFullRank	50000		500	50000	58835.07421875	775.352783203125	770.5075073242188	58059.72265625	True	0.009314412251114845	0.01	100	50000
2049-04-01	FGA	tropics	InferFullRank	50000		500	50000		966.8429565429688			True	0.0057951100170612335	0.01	100	50000
2049-10-01	FGA	tropics	InferFullRank	50000		500	50000		1064.041015625			True	0.01065529603511095	0.01	100	50000
2050-04-01	FGA	tropics	InferFullRank	50000		500	50000		980.74072265625			True	0.0003200278733856976	0.01	100	50000
2050-10-01	FGA	tropics	InferFullRank	50000		500	50000	212871.46875	459.61102294921875		212411.859375	True	0.034879352897405624	0.01	100	50000
2051-04-01	FGA	tropics	InferFullRank	50000		500	50000	366297.4375	601.2064208984375	493.6276550292969	365696.21875	True	0.1771855503320694	0.01	100	50000
2051-10-01	FGA	tropics	InferFullRank	50000		500	50000		500.92596435546875			True	0.02279653400182724	0.01	100	50000
2052-04-01	FGA	tropics	InferFullRank	50000		500	50000	426138.84375	603.69921875		425535.15625	True	0.10662447661161423	0.01	100	50000
2052-10-01	FGA	tropics	InferFullRank	50000		500	50000		1031.1646728515625			True	0.08803214877843857	0.01	100	50000
2053-04-01	FGA	tropics	InferFullRank	50000		500	50000		939.8603515625			True	0.0030819419771432877	0.01	100	50000
2053-10-01	FGA	tropics	InferFullRank	50000		500	50000	129866.421875	859.6826171875	850.600830078125	129006.7421875	True	0.012310357764363289	0.01	100	50000
2054-04-01	FGA	tropics	InferFullRank	50000		500	50000	35959.00390625	689.7017822265625	682.1052856445312	35269.30078125	True	0.00619619432836771	0.01	100	50000
2026-04-01	GARW	north	InferFullRank	50000		500	50000	305828.4375	570.2489624023438	550.7705078125	305258.1875	True	0.021659428253769875	0.01	100	50000
2026-10-01	GARW	north	InferFullRank	50000		500	50000	762409.625	303.3034362792969		762106.3125	True	0.060107678174972534	0.01	100	50000
2027-04-01	GARW	north	InferFullRank	50000		500	50000	266840.0	704.4676513671875		266135.53125	False	0.8110259771347046	0.01	100	50000
2027-10-01	GARW	north	InferFullRank	50000		500	50000	194362.15625	354.87921142578125		194007.28125	True	0.04951388016343117	0.01	100	50000
2028-04-01	GARW	north	InferFullRank	50000		500	50000	815814.125	456.12823486328125		815358.0	True	0.11824189871549606	0.01	100	50000
2028-10-01	GARW	north	InferFullRank	50000		500	50000	330087.75	431.7409362792969		329656.0	True	0.0219513438642025	0.01	100	50000
2029-04-01	GARW	north	InferFullRank	50000		500	50000	168589.15625	750.524169921875		167838.625	True	0.012552631087601185	0.01	100	50000
2029-10-01	GARW	north	InferFullRank	50000		500	50000	175551.484375	877.3179931640625		174674.171875	True	0.002757412614300847	0.01	100	50000
2030-04-01	GARW	north	InferFullRank	50000		500	50000	736827.9375	1014.5850830078125		735813.375	True	0.00590351689606905	0.01	100	50000
2030-10-01	GARW	north	InferFullRank	50000		500	50000	542083.25				False		0.01	100	50000
2034-04-01	GARW	north	InferFullRank	50000		500	50000	55641.8828125	478.5799560546875	466.51190185546875	55163.3046875	True	0.008346851915121078	0.01	100	50000
2034-10-01	GARW	north	InferFullRank	50000		500	50000	121326.96875	581.68115234375		120745.2890625	True	0.08460142463445663	0.01	100	50000
2035-04-01	GARW	north	InferFullRank	50000		500	50000	380920.4375	575.4590454101562		380344.96875	True	0.02013426646590233	0.01	100	50000
2035-10-01	GARW	north	InferFullRank	50000		500	50000	28471.775390625	479.634521484375		27992.140625	True	0.04301989823579788	0.01	100	50000
2036-04-01	GARW	north	InferFullRank	50000		500	50000	33890.48828125	221.89271545410156		33668.59375	True	0.06200040876865387	0.01	100	50000
2037-04-01	GARW	north	InferFullRank	50000		500	50000	175133.0625	600.181640625		174532.875	True	0.006682980805635452	0.01	100	50000
2037-10-01	GARW	north	InferFullRank	50000		500	50000	198980.71875	953.75341796875		198026.96875	True	0.006728122942149639	0.01	100	50000
2038-04-01	GARW	north	InferFullRank	50000		500	50000	860155.25	1033.7860107421875		859121.4375	True	0.007869301363825798	0.01	100	50000
2038-10-01	GARW	north	InferFullRank	50000		500	50000	335110.5	298.115966796875		334812.375	True	0.0478433258831501	0.01	100	50000
2041-04-01	GARW	north	InferFullRank	50000		500	50000	72456.0859375	569.9989013671875	550.0345458984375	71886.0859375	True	0.009298566728830338	0.01	100	50000
2041-10-01	GARW	north	InferFullRank	50000		500	50000	72205.921875	738.9630126953125		71466.9609375	True	0.0046338471584022045	0.01	100	50000
2042-04-01	GARW	north	InferFullRank	50000		500	50000	100619.609375	628.2877197265625	611.2557983398438	99991.3203125	True	0.008568732999265194	0.01	100	50000
2042-10-01	GARW	north	InferFullRank	50000		500	50000	101323.921875				False		0.01	100	50000
2043-04-01	GARW	north	InferFullRank	50000		500	50000	514569.3125	416.146728515625		514153.15625	True	0.024235723540186882	0.01	100	50000
2043-10-01	GARW	north	InferFullRank	50000		500	50000	304936.4375	394.7741394042969		304541.65625	True	0.01228962279856205	0.01	100	50000
2044-04-01	GARW	north	InferFullRank	50000		500	50000	694392.5	408.7633972167969		693983.75	True	0.02741287089884281	0.01	100	50000
2044-10-01	GARW	north	InferFullRank	50000		500	50000	126799.875	666.12109375		126133.75	True	0.005076342262327671	0.01	100	50000
2045-04-01	GARW	north	InferFullRank	50000		500	50000	25597.1875	498.43170166015625	492.8110046386719	25098.755859375	True	0.01161305233836174	0.01	100	50000
2047-04-01	GARW	north	InferFullRank	50000		500	50000	91086.7734375	251.53598022460938		90835.234375	True	0.011189376004040241	0.01	100	50000
2047-10-01	GARW	north	InferFullRank	50000		500	50000	161291.125	369.3238525390625		160921.796875	True	0.01913178712129593	0.01	100	50000
2048-04-01	GARW	north	InferFullRank	50000		500	50000	191031.75	427.10418701171875		190604.640625	True	0.003324589692056179	0.01	100	50000
2048-10-01	GARW	north	InferFullRank	50000		500	50000	118983.40625	743.2633056640625		118240.140625	True	0.006141577381640673	0.01	100	50000
2049-04-01	GARW	north	InferFullRank	50000		500	50000	325438.9375	934.6484985351562		324504.28125	True	0.00557122053578496	0.01	100	50000
2049-10-01	GARW	north	InferFullRank	50000		500	50000	171606.5	938.9404907226562		170667.5625	True	0.009360910393297672	0.01	100	50000
2050-04-01	GARW	north	InferFullRank	50000		500	50000	137679.46875	809.547607421875	774.9488525390625	136869.921875	True	0.009035260416567326	0.01	100	50000
2050-10-01	GARW	north	InferFullRank	50000		500	50000	216981.0625	949.3575439453125		216031.703125	True	0.017207041382789612	0.01	100	50000
2051-04-01	GARW	north	InferFullRank	50000		500	50000	351355.5	378.830810546875		350976.65625	True	0.004730523098260164	0.01	100	50000
2051-10-01	GARW	north	InferFullRank	50000		500	50000	168109.53125	370.8235168457031		167738.703125	True	0.07410141825675964	0.01	100	50000
2052-04-01	GARW	north	InferFullRank	50000		500	50000	642904.75	479.3814392089844		642425.375	True	0.004695145413279533	0.01	100	50000
2052-10-01	GARW	north	InferFullRank	50000		500	50000	417620.40625	679.551513671875		416940.84375	True	0.01660604402422905	0.01	100	50000
2053-04-01	GARW	north	InferFullRank	50000		500	50000	48302.71875	615.9789428710938		47686.73828125	True	0.00036064357846044004	0.01	100	50000
2026-10-01	GARW	south	InferFullRank	50000		500	50000	167927.53125	265.08746337890625		167662.4375	True	0.02165221981704235	0.01	100	50000
2027-04-01	GARW	south	InferFullRank	50000		500	50000	156623.84375	337.927734375		156285.921875	True	0.12135820090770721	0.01	100	50000
2027-10-01	GARW	south	InferFullRank	50000		500	50000	1034627.0	402.5751953125		1034224.4375	True	0.04604072496294975	0.01	100	50000
2028-04-01	GARW	south	InferFullRank	50000		500	50000	485994.53125				False		0.01	100	50000
2028-10-01	GARW	south	InferFullRank	50000		500	50000	46635.09765625	493.23211669921875		46141.8671875	True	0.006925981491804123	0.01	100	50000
2029-04-01	GARW	south	InferFullRank	50000		500	50000	69696.125	623.6557006835938		69072.46875	True	0.01519360113888979	0.01	100	50000
2029-10-01	GARW	south	InferFullRank	50000		500	50000	624832.8125	1015.918212890625		623816.875	True	0.014812027104198933	0.01	100	50000
2030-04-01	GARW	south	InferFullRank	50000		500	50000	130024.7734375	921.6180419921875		129103.15625	True	0.009914218448102474	0.01	100	50000
2030-10-01	GARW	south	InferFullRank	50000		500	50000	98806.9453125	314.43280029296875		98492.515625	True	0.0003071794053539634	0.01	100	50000
2031-10-01	GARW	south	InferFullRank	50000		500	50000	100524.53125	303.7791442871094	252.97332763671875	100220.75	True	0.14313454926013947	0.01	100	50000
2032-04-01	GARW	south	InferFullRank	50000		500	50000	75553.65625	347.76898193359375		75205.890625	True	0.015001661144196987	0.01	100	50000
2032-10-01	GARW	south	InferFullRank	50000		500	50000	16337.6484375	666.9942626953125		15670.654296875	True	0.0018704334506765008	0.01	100	50000
2034-10-01	GARW	south	InferFullRank	50000		500	50000	156357.96875	451.3382568359375		155906.625	True	0.018758736550807953	0.01	100	50000
2035-04-01	GARW	south	InferFullRank	50000		500	50000	149883.1875	514.7251586914062		149368.46875	True	0.02149686962366104	0.01	100	50000
2035-10-01	GARW	south	InferFullRank	50000		500	50000	24956.1640625	412.5940246582031		24543.5703125	True	0.10357963293790817	0.01	100	50000
2037-04-01	GARW	south	InferFullRank	50000		500	50000	67088.359375	1111.77734375		65976.578125	True	0.015627248212695122	0.01	100	50000
2037-10-01	GARW	south	InferFullRank	50000		500	50000	803818.375	1199.3037109375		802619.0625	True	0.00056461087660864	0.01	100	50000
2038-04-01	GARW	south	InferFullRank	50000		500	50000	373862.0625	945.0152587890625		372917.0625	True	0.013357508927583694	0.01	100	50000
2040-10-01	GARW	south	InferFullRank	50000		500	50000	94173.625	578.7064208984375		93594.921875	True	0.007074729539453983	0.01	100	50000
2041-04-01	GARW	south	InferFullRank	50000		500	50000	128745.5625	816.112060546875		127929.453125	True	0.018002977594733238	0.01	100	50000
2041-10-01	GARW	south	InferFullRank	50000		500	50000	64396.515625	775.2935180664062	752.91943359375	63621.22265625	True	0.00964970514178276	0.01	100	50000
2042-04-01	GARW	south	InferFullRank	50000		500	50000	33506.5	557.598876953125		32948.90234375	True	0.01681743934750557	0.01	100	50000
2042-10-01	GARW	south	InferFullRank	50000		500	50000	334370.8125	370.0658874511719		334000.75	True	0.029409032315015793	0.01	100	50000
2043-04-01	GARW	south	InferFullRank	50000		500	50000	280793.625	385.7207946777344		280407.90625	True	0.011668973602354527	0.01	100	50000
2043-10-01	GARW	south	InferFullRank	50000		500	50000	155700.5625	392.0140686035156		155308.546875	True	0.022104334086179733	0.01	100	50000
2044-04-01	GARW	south	InferFullRank	50000		500	50000	267802.34375	429.3462219238281		267373.0	True	0.035882312804460526	0.01	100	50000
2044-10-01	GARW	south	InferFullRank	50000		500	50000	481796.5	974.9476318359375		480821.5625	True	0.0029227796476334333	0.01	100	50000
2045-04-01	GARW	south	InferFullRank	50000		500	50000	300675.4375	783.3509521484375		299892.09375	True	0.0008862036629579961	0.01	100	50000
2047-10-01	GARW	south	InferFullRank	50000		500	50000	139627.125	285.91259765625		139341.21875	True	0.018470296636223793	0.01	100	50000
2048-04-01	GARW	south	InferFullRank	50000		500	50000	149398.140625	391.559814453125		149006.578125	True	0.09032280743122101	0.01	100	50000
2048-10-01	GARW	south	InferFullRank	50000		500	50000	189892.875	807.0888671875	784.235107421875	189085.78125	True	0.006584994029253721	0.01	100	50000
2049-04-01	GARW	south	InferFullRank	50000		500	50000	139548.0625	906.845458984375		138641.21875	True	0.0015163873322308064	0.01	100	50000
2049-10-01	GARW	south	InferFullRank	50000		500	50000	153992.03125	973.643310546875		153018.390625	True	0.015378179959952831	0.01	100	50000
2050-04-01	GARW	south	InferFullRank	50000		500	50000	205909.03125	878.260498046875		205030.765625	True	0.006580461282283068	0.01	100	50000
2050-10-01	GARW	south	InferFullRank	50000		500	50000	378979.125	443.02178955078125		378536.09375	True	0.03282772749662399	0.01	100	50000
2051-04-01	GARW	south	InferFullRank	50000		500	50000	277341.09375	362.6767883300781		276978.40625	True	0.03207177668809891	0.01	100	50000
2051-10-01	GARW	south	InferFullRank	50000		500	50000	135142.46875	376.6065673828125	340.6105651855469	134765.859375	True	0.021964237093925476	0.01	100	50000
2052-04-01	GARW	south	InferFullRank	50000		500	50000	150872.09375	524.6063232421875		150347.484375	True	0.1587553322315216	0.01	100	50000
2052-10-01	GARW	south	InferFullRank	50000		500	50000	875077.625	1029.241943359375		874048.375	True	0.004119826480746269	0.01	100	50000
2053-04-01	GARW	south	InferFullRank	50000		500	50000	372096.8125	900.2239990234375		371196.59375	True	0.00910987425595522	0.01	100	50000
2025-04-01	GARW	tropics	InferFullRank	50000		500	50000	92454.96875	387.4275207519531		92067.5390625	True	0.011935252696275711	0.01	100	50000
2025-10-01	GARW	tropics	InferFullRank	50000		500	50000	148845.359375	771.1287841796875		148074.234375	True	0.011266089044511318	0.01	100	50000
2026-04-01	GARW	tropics	InferFullRank	50000		500	50000	102391.21875	770.216796875		101621.0	True	0.004115416202694178	0.01	100	50000
2026-10-01	GARW	tropics	InferFullRank	50000		500	50000	312576.84375	397.36224365234375		312179.46875	True	0.008002230897545815	0.01	100	50000
2027-04-01	GARW	tropics	InferFullRank	50000		500	50000	228030.328125				False		0.01	100	50000
2027-10-01	GARW	tropics	InferFullRank	50000		500	50000	232447.375				False		0.01	100	50000
2028-04-01	GARW	tropics	InferFullRank	50000		500	50000	411642.84375	481.294189453125		411161.5625	True	0.01885821856558323	0.01	100	50000
2028-10-01	GARW	tropics	InferFullRank	50000		500	50000	368314.875	943.6698608398438		367371.21875	True	0.017047371715307236	0.01	100	50000
2029-04-01	GARW	tropics	InferFullRank	50000		500	50000	318188.46875	1105.783935546875		317082.6875	True	0.021812250837683678	0.01	100	50000
2029-10-01	GARW	tropics	InferFullRank	50000		500	50000	113861.09375	1017.888427734375		112843.203125	True	0.005222836975008249	0.01	100	50000
2030-04-01	GARW	tropics	InferFullRank	50000		500	50000	245555.5	898.7373046875		244656.765625	True	0.00028456482687033713	0.01	100	50000
2030-10-01	GARW	tropics	InferFullRank	50000		500	50000	499914.375	559.9783935546875		499354.40625	True	0.02152581699192524	0.01	100	50000
2031-04-01	GARW	tropics	InferFullRank	50000		500	50000	189947.40625	418.21588134765625		189529.1875	True	0.0047958423383533955	0.01	100	50000
2031-10-01	GARW	tropics	InferFullRank	50000		500	50000	38922.02734375				False		0.01	100	50000
2032-04-01	GARW	tropics	InferFullRank	50000		500	50000	93912.953125	357.2118835449219	335.6778564453125	93555.7421875	True	0.00581657700240612	0.01	100	50000
2032-10-01	GARW	tropics	InferFullRank	50000		500	50000	86627.0625	842.7832641601562		85784.28125	True	0.01600736752152443	0.01	100	50000
2033-04-01	GARW	tropics	InferFullRank	50000		500	50000	32862.1328125	869.26416015625	852.5228881835938	31992.869140625	True	0.0021759842056781054	0.01	100	50000
2034-10-01	GARW	tropics	InferFullRank	50000		500	50000	27730.482421875				False		0.01	100	50000
2035-04-01	GARW	tropics	InferFullRank	50000		500	50000	132339.140625	414.1856384277344		131924.953125	False		0.01	100	50000
2035-10-01	GARW	tropics	InferFullRank	50000		500	50000	126073.90625	604.5267333984375		125469.3828125	True	0.0041438681073486805	0.01	100	50000
2036-04-01	GARW	tropics	InferFullRank	50000		500	50000	148247.0625	617.35302734375		147629.703125	True	0.008877923712134361	0.01	100	50000
2036-10-01	GARW	tropics	InferFullRank	50000		500	50000	92699.625	1031.013671875		91668.609375	True	0.0018289814470335841	0.01	100	50000
2037-04-01	GARW	tropics	InferFullRank	50000		500	50000	277380.3125	1206.32421875		276174.0	True	0.009224584326148033	0.01	100	50000
2037-10-01	GARW	tropics	InferFullRank	50000		500	50000	163091.609375	1237.421142578125		161854.1875	True	0.008799305185675621	0.01	100	50000
2038-04-01	GARW	tropics	InferFullRank	50000		500	50000	323651.5625	1049.157958984375		322602.40625	True	0.0021309510339051485	0.01	100	50000
2038-10-01	GARW	tropics	InferFullRank	50000		500	50000	176184.34375	458.8401794433594		175725.5	True	0.006375404540449381	0.01	100	50000
2039-04-01	GARW	tropics	InferFullRank	50000		500	50000	136493.46875				False		0.01	100	50000
2039-10-01	GARW	tropics	InferFullRank	50000		500	50000	175928.34375	376.49462890625		175551.84375	True	0.02014951966702938	0.01	100	50000
2040-04-01	GARW	tropics	InferFullRank	50000		500	50000	115102.0				False		0.01	100	50000
2040-10-01	GARW	tropics	InferFullRank	50000		500	50000	96148.1171875	739.1749267578125	720.60693359375	95408.9453125	True	0.009506192989647388	0.01	100	50000
2041-04-01	GARW	tropics	InferFullRank	50000		500	50000	99840.2734375	878.4230346679688		98961.8515625	True	0.003668473567813635	0.01	100	50000
2041-10-01	GARW	tropics	InferFullRank	50000		500	50000	54138.11328125	861.0767822265625	838.2694091796875	53277.03515625	True	0.008893895894289017	0.01	100	50000
2042-04-01	GARW	tropics	InferFullRank	50000		500	50000	86683.4921875	741.2171020507812		85942.2734375	True	0.002777515444904566	0.01	100	50000
2042-10-01	GARW	tropics	InferFullRank	50000		500	50000	188728.859375				False		0.01	100	50000
2043-04-01	GARW	tropics	InferFullRank	50000		500	50000	220101.203125				False		0.01	100	50000
2043-10-01	GARW	tropics	InferFullRank	50000		500	50000	160261.515625	424.24945068359375		159837.265625	True	0.023498686030507088	0.01	100	50000
2044-04-01	GARW	tropics	InferFullRank	50000		500	50000	452596.125	387.79791259765625	358.0247802734375	452208.3125	True	0.031973790377378464	0.01	100	50000
2044-10-01	GARW	tropics	InferFullRank	50000		500	50000	221409.453125	882.0589599609375		220527.390625	True	0.019440006464719772	0.01	100	50000
2045-04-01	GARW	tropics	InferFullRank	50000		500	50000	25959.86328125	718.17724609375		25241.685546875	True	0.009516896679997444	0.01	100	50000
2047-04-01	GARW	tropics	InferFullRank	50000		500	50000	77745.375				False		0.01	100	50000
2047-10-01	GARW	tropics	InferFullRank	50000		500	50000	245614.359375				False		0.01	100	50000
2048-04-01	GARW	tropics	InferFullRank	50000		500	50000	166702.890625	277.73382568359375		166425.15625	False		0.01	100	50000
2048-10-01	GARW	tropics	InferFullRank	50000		500	50000	101090.5	789.521484375		100300.9765625	True	0.0057690804824233055	0.01	100	50000
2049-04-01	GARW	tropics	InferFullRank	50000		500	50000	150863.65625	970.435546875		149893.21875	True	0.0011115755187347531	0.01	100	50000
2049-10-01	GARW	tropics	InferFullRank	50000		500	50000	158919.84375	1064.304931640625		157855.53125	True	0.0036011505872011185	0.01	100	50000
2050-04-01	GARW	tropics	InferFullRank	50000		500	50000	244032.5625	989.624267578125		243042.9375	True	0.006942961364984512	0.01	100	50000
2050-10-01	GARW	tropics	InferFullRank	50000		500	50000	233512.484375	454.91552734375		233057.5625	True	0.008768022991716862	0.01	100	50000
2051-04-01	GARW	tropics	InferFullRank	50000		500	50000	297920.40625	541.029296875		297379.375	False		0.01	100	50000
2051-10-01	GARW	tropics	InferFullRank	50000		500	50000	223877.296875	553.8346557617188		223323.46875	True	0.04819033294916153	0.01	100	50000
2052-04-01	GARW	tropics	InferFullRank	50000		500	50000	264155.1875	635.655029296875		263519.53125	True	0.014030810445547104	0.01	100	50000
2052-10-01	GARW	tropics	InferFullRank	50000		500	50000	255781.1875	949.0528564453125		254832.140625	True	0.006911068689078093	0.01	100	50000
2053-04-01	GARW	tropics	InferFullRank	50000		500	50000	125053.921875	945.6294555664062		124108.2890625	True	0.005592773202806711	0.01	100	50000
2053-10-01	GARW	tropics	InferFullRank	50000		500	50000	230446.109375	861.6409301757812		229584.46875	True	0.0012544471537694335	0.01	100	50000
2054-04-01	GARW	tropics	InferFullRank	50000		500	50000	134545.828125	686.0838623046875	682.1007690429688	133859.75	True	0.009862792678177357	0.01	100	50000
