pivot_date	model	location	correlation	mae	mse	rmse	r2	n_seqs	n_cases	seq_entropy	case_entropy	seq_entropy_norm	case_entropy_norm
2026-04-01	FGA	north	0.8357244403784377	0.01566302856935415	0.0003490218501258215	0.018682126488326255	0.6489822675797502	1572	11152	3.8854554096846132	3.822162796532899	0.711695956850256	0.670503151602365
2026-10-01	FGA	north	0.9842657399967936	0.004780295073472673	6.121039175656163e-05	0.007823707034172588	0.9570582440981968	3036	21239	4.408097051771297	4.4265299058438075	0.7892796148948366	0.7765242901800732
2027-04-01	FGA	north	0.9984122407860163	0.002101025189771772	6.581042865025661e-06	0.0025653543351797743	0.995357645564784	2177	15074	4.263212495240587	4.348711659894213	0.7675118013375519	0.7628730194365293
2027-10-01	FGA	north	0.9987950472910657	0.0018589762718615695	4.76031583777795e-06	0.0021818148037305893	0.9944101738640228	1693	11822	4.734490756703371	4.804970269464668	0.8432298174171196	0.8429122150302406
2028-04-01	FGA	north	0.9286978477971531	0.005281700471788911	0.00017064800868536048	0.013063231173234303	0.8335125628313229	3927	26799	4.90359201357503	4.918869424877519	0.860212940761364	0.8628929816104709
2028-10-01	FGA	north	0.9987149316613009	0.0015746920071630847	3.3684633646503317e-06	0.0018353373980416602	0.9968580860933246	3312	22685	4.505222727236079	4.52248534555423	0.8302622394773688	0.7933572792923085
2029-04-01	FGA	north	0.8833910579193405	0.0124831918736716	0.0002756152603644954	0.016601664385370987	0.7537599325529803	1285	8998	4.475405890894935	4.519404323381422	0.8353453008085111	0.7890131085498924
2029-10-01	FGA	north	0.9144592739754388	0.009770786202715284	0.00015960849506504353	0.012633625570874085	0.7397198987794906	1331	8984	4.846514024356966	4.910374810529263	0.8587238691761236	0.8572700772437176
2030-04-01	FGA	north	0.9643025784576917	0.009508312946989984	0.00013908276179269022	0.011793335482071652	0.9199146227214613	6689	46107	4.565714665875366	4.562381198259505	0.7970981269891849	0.7965161587788537
2030-10-01	FGA	north	0.997506744665978	0.003620649527296416	1.8528820282522685e-05	0.00430451161951303	0.9903290418938787	6177	42951	4.2549204152878115	4.26874103130308	0.7941911551432763	0.7452514512317204
2034-04-01	FGA	north	0.9602979190580296	0.005234126883360831	4.469267337026043e-05	0.006685257913518402	0.6121414725265528	380	2564	4.1120577402516405	4.1534963390609185	0.7953805401634363	0.728627359367177
2034-10-01	FGA	north	0.9922496207816961	0.002424273570956804	8.777669714686676e-06	0.00296271323531095	0.979325369759922	828	5606	4.908514726541996	4.872969320244266	0.8788805163701969	0.8548409528367642
2035-04-01	FGA	north	0.9754621541287333	0.005201292658997579	4.4634296118536084e-05	0.006680890368696083	0.9294907788657009	3831	25347	4.629167791342097	4.5894719696546655	0.8081759912804358	0.8051084120842678
2035-10-01	FGA	north	0.9753227494672947	0.004836913905365899	5.384278273841776e-05	0.007337764151185139	0.9504220383997691	3707	25077	4.413403297548643	4.424118503177058	0.8237723672573581	0.776101269713937
2036-04-01	FGA	north	0.48542657385589355	0.008458751557952268	0.00010378493323469637	0.010187489054457745	-0.06368987972490525	372	3068	2.9503385388582584	3.0296185734607404	0.6826440593373985	0.5289212022920409
2037-04-01	FGA	north	0.8706191041618407	0.015243616808566953	0.0004952288398820825	0.022253737660943216	0.48553903287838807	785	5730	3.422852325908038	3.5448960077075133	0.7120032494798653	0.6188801041891985
2037-10-01	FGA	north	0.9964042885014067	0.003589788903650274	2.519359403070677e-05	0.005019322068836265	0.9782177445483364	2308	15547	4.722821937045896	4.771902306866229	0.8456318079908438	0.8371112655888838
2038-04-01	FGA	north	0.9068400553292734	0.010691814959627555	0.00036155782168892055	0.019014673851763027	0.7922002745791316	7068	49350	4.8259722291263785	4.844603650029605	0.8465964851392418	0.8457875224454466
2038-10-01	FGA	north	0.9994045172461403	0.0012338966807802756	2.9377583038451293e-06	0.0017139890034201296	0.9985457222835538	5599	38830	4.152129101046169	4.141970049683309	0.8094950283166874	0.7266053593202458
2041-04-01	FGA	north	0.9064546781938299	0.007037349966711136	9.574019254337919e-05	0.00978469174493398	0.3349343923314335	588	3693	4.14973130144185	4.169321810857563	0.8156779579390453	0.7314035437633178
2041-10-01	FGA	north	0.9964237679905206	0.001987582163228308	6.685457094346413e-06	0.002585625087739213	0.9858615226979249	874	5839	4.8569168445881905	4.869363052160011	0.8696418004527413	0.8542083230287901
2042-04-01	FGA	north	0.983507383633915	0.00784135961629975	8.077489923750273e-05	0.008987485701657763	0.889145323194432	631	4293	4.72970446755087	4.723756623731712	0.8663364243641591	0.8286653060638145
2042-10-01	FGA	north	0.9952172271693674	0.0018852657202964463	5.058060455069096e-06	0.00224901321807345	0.9901717906010173	839	5351	4.966326625140041	4.952870048763654	0.8892318658359417	0.8688575432175223
2043-04-01	FGA	north	0.9944419384930883	0.0019582936468533867	6.624689228436949e-06	0.0025738471649336425	0.9884578248800007	2706	17782	4.7557704055503365	4.728350250672162	0.8342813257748455	0.8294711433619146
2043-10-01	FGA	north	0.9935164338127208	0.0027414772797574147	1.1802852234431176e-05	0.0034355279411512835	0.9865270698166727	2826	19218	4.623131779570474	4.645578647247431	0.8277820628112568	0.8110410547944131
2044-04-01	FGA	north	0.996596962118221	0.002546043287165099	1.4705282929015286e-05	0.0038347467881224293	0.9903461422025333	3816	27450	4.28506587002624	4.358977105570175	0.7714460933921388	0.7610051745913401
2044-10-01	FGA	north	0.7119904735414845	0.024413872803207295	0.001112881344308153	0.03335987626338193	0.4094827221396945	3923	26962	4.292633629987566	4.280225727528095	0.7686056315388475	0.7508588703967337
2045-04-01	FGA	north	0.5624172078132371	0.004134996050762661	2.0223416514063666e-05	0.004497045309318516	0.16953341391463128	766	4453	3.360667477651024	3.3552347119409722	0.6314755512911814	0.5885922626746259
2047-04-01	FGA	north	0.9966820294231928	0.002951327402896936	1.4738013463837868e-05	0.0038390120426794534	0.9042729175405783	778	4848	4.191063544165642	4.1625842303641445	0.7723662102063672	0.7302216032768714
2047-10-01	FGA	north	0.9985104382567185	0.0013806408906705814	2.635416604034223e-06	0.0016233966256076248	0.9966249733417278	1378	8951	4.782743740094093	4.755161656846545	0.8610437005881314	0.8341745359947775
2048-04-01	FGA	north	0.9021595104655208	0.006190535765131583	0.00011314085725505625	0.010636769117314536	0.8138710963987075	1287	8935	4.889979337689522	4.921161431014257	0.870922892447367	0.8632950569327383
2048-10-01	FGA	north	0.8396710642065697	0.010886514377961412	0.0002111315756178962	0.014530367360046209	0.39213303023201573	1083	7567	4.846230030481269	4.911932368552686	0.8631309836180787	0.8616760480636155
2049-04-01	FGA	north	0.8461476257785044	0.010278326571166426	0.00021767758795979638	0.014753900770975667	0.6599909653258422	2004	14006	4.6071145198745915	4.593366147838214	0.8249141367161731	0.8057915485397162
2049-10-01	FGA	north	0.9971993242269289	0.0021148890039367524	6.759207485903217e-06	0.002599847588975788	0.9917349705538949	2411	16544	4.637093745412306	4.629811697682604	0.8395114931819266	0.8121850114384477
2050-04-01	FGA	north	0.9644588121736425	0.007871852154570548	9.976383339086039e-05	0.009988184689464868	0.888815138575295	1461	9626	4.469895375969869	4.562079503348456	0.8237518031342844	0.8003030869408344
2050-10-01	FGA	north	0.9953009837340274	0.0018194307300138188	5.549535693854338e-06	0.0023557452523255435	0.9902765148287815	1506	10297	4.828726487828424	4.913685061521874	0.8742051824970212	0.8578479922163275
2051-04-01	FGA	north	0.9919799226077194	0.002387411267602283	8.430123371430543e-06	0.0029034674738027534	0.980725292525272	2026	14625	5.065917462402419	5.122942528742133	0.8930778559426082	0.8943808786068066
2051-10-01	FGA	north	0.9872562573208558	0.002893523545804919	1.2878492072585921e-05	0.0035886615990625144	0.9739472913358928	1604	11128	4.834939442487641	4.855676192847594	0.8523584094995281	0.847720604949965
2052-04-01	FGA	north	0.9850580254963219	0.0036724035956442786	3.476862655623849e-05	0.005896492733501711	0.9669095922412714	3958	26691	4.357111949360564	4.301886164901095	0.7720097399459923	0.7546586540001051
2052-10-01	FGA	north	0.9989694245377935	0.0013955136824822427	3.6285609188666055e-06	0.001904878190033842	0.9978702420574038	4029	27502	4.307458137679781	4.300721946261056	0.7843360086522615	0.7544544208711531
2053-04-01	FGA	north	-0.4238741573464819	0.004404973726880476	3.061437306591908e-05	0.005533025670093993	-0.28756290628384007	616	4102	3.4256248955638178	3.664804612692483	0.6436811686453874	0.6428985821970191
2026-10-01	FGA	south	0.9890520408610987	0.0025239522119564796	1.2631470341002987e-05	0.0035540779874677748	0.9277925642777677	1069	7120	4.15200587067491	4.11196471387361	0.8380785924792468	0.7213416713780316
2027-04-01	FGA	south	0.9950553136330619	0.002100357924999465	6.745622017674908e-06	0.002597233531601444	0.9888129753477918	1501	10042	4.812909927259192	4.781683647567009	0.8484747946610133	0.8388271579032348
2027-10-01	FGA	south	0.9913410080175162	0.0048507063525540794	3.9581656594837765e-05	0.006291395440984279	0.969107387013343	4926	34194	4.313688407675145	4.303576451550304	0.7604663168957442	0.7549551726430144
2028-04-01	FGA	south	0.9950503910851936	0.0035601093140295026	2.0225608351597478e-05	0.0044972890002308585	0.9889448679588659	4865	33782	4.237751868113441	4.222745544212395	0.7629280908583403	0.7407754055838746
2028-10-01	FGA	south	0.9872076095215548	0.007831252415079442	7.569320114718374e-05	0.008700183972030921	0.8214073571923313	484	3176	3.9932111625193873	3.8687939105064593	0.7314334973786363	0.6786834177360741
2029-04-01	FGA	south	0.9081706629167713	0.00512347957729534	4.920218771424458e-05	0.007014427112333878	0.7905296286117744	300	2184	5.162529115010807	5.2888014534919305	0.9194649872106334	0.9233370985937068
2029-10-01	FGA	south	0.8974991574059463	0.012544442397894125	0.00032015448797714373	0.01789286136919257	0.7575402864799752	5636	38000	4.20086434612969	4.2511499973034805	0.7334013067138588	0.7421803481779786
2030-04-01	FGA	south	0.8892751936020948	0.02179425763933674	0.0007540398432826606	0.027459785929294142	0.5301563339555861	5967	39860	4.306971966712248	4.325809630303528	0.7753898770403906	0.7552146829932551
2030-10-01	FGA	south	0.9961282438977139	0.003963154510597182	3.3185316488477646e-05	0.005760669795126053	0.9653020200864298	743	6294	4.1728128848713055	4.120077345416348	0.7598187372601222	0.7192972350260297
2031-10-01	FGA	south	0.8904821057139447	0.006001720927898084	0.00020374409362093767	0.014273895530685997	0.7889222031276344	1057	7606	3.8427329827403818	3.8295894457817674	0.7220565393267893	0.6718059720190486
2032-04-01	FGA	south	0.9976102725414355	0.0023261698079010597	8.389395528549873e-06	0.002896445326352609	0.9919234043935893	2154	14704	4.5391927704312165	4.539070617390675	0.8217872464440523	0.7962667516587408
2032-10-01	FGA	south	0.9322201602203439	0.013346447658604129	0.0004424840442003467	0.02103530470899689	0.2724621507242031	1276	8332	4.0708433960471115	4.101709355120724	0.7288935951712238	0.7195426244167508
2034-10-01	FGA	south	0.8347088207151065	0.0083144557259895	0.00014582490676627266	0.01207579839042838	0.6933321703889629	1991	12852	4.007840086075249	3.8836570283531255	0.7215367677240002	0.6812907811293516
2035-04-01	FGA	south	0.9940961386017727	0.002752625270331522	1.4160660499428827e-05	0.0037630653062933716	0.9856176978719565	2837	19435	4.531032241140339	4.499618362774642	0.7910431503165608	0.7893458373842718
2035-10-01	FGA	south	0.9627913987323954	0.0018261375852794747	9.054491649212863e-06	0.0030090682360512967	0.9094297933033565	1238	7593	3.8655958504480106	3.8641604814686796	0.6781223978469819	0.6778705981525192
2037-04-01	FGA	south	0.9757061873925059	0.003494158015167621	2.574286076258675e-05	0.005073742283816429	0.9299202614867896	819	5443	4.931523587992775	4.978552262184329	0.9088247276765093	0.8691727306055937
2037-10-01	FGA	south	0.9708750134363356	0.006650869273157505	0.00012323399980120167	0.011101081019486422	0.9366392856472752	7588	50493	4.480655923050889	4.456750518764083	0.7860193501900633	0.781825743123098
2038-04-01	FGA	south	0.9782688338831802	0.011892108167238147	0.0001908987094452851	0.013816609911453863	0.908514459771652	7181	48178	4.215830664205438	4.228317565910649	0.7676517543819534	0.7381941839890814
2040-10-01	FGA	south	0.9914068771922664	0.013000769735940951	0.00025272357283155676	0.015897281932190695	-0.2006149287020964	926	5863	3.930691636073629	3.9332547600738303	0.7385841307870622	0.689991466369977
2041-04-01	FGA	south	0.9983228239830492	0.0022329516381336227	9.150611960077609e-06	0.0030249978446401592	0.9898248699069512	1745	11768	4.578466592351468	4.653488124165938	0.8386342960541151	0.8163384500596801
2041-10-01	FGA	south	0.9139930766505799	0.009483986281542128	0.00012392930439807107	0.011132353946855583	0.5596806981815081	1098	7612	4.439012377324311	4.507114749854731	0.7991612873351748	0.7906608915644313
2042-04-01	FGA	south	0.9406819579559107	0.008448376032482071	9.2515404197552e-05	0.009618492823595181	-0.5938594879219765	314	2092	5.002468222434847	5.116128652820907	0.9218990315760003	0.8974971942145671
2042-10-01	FGA	south	0.9971480654797338	0.002207487631202641	1.1276466121726591e-05	0.003358044985065952	0.9605684897511729	1670	11167	4.171818615406604	4.13984250545269	0.7641488907315798	0.7262321347383162
2043-04-01	FGA	south	0.999651490558955	0.0008278224025125612	1.1214367996696638e-06	0.001058979130894308	0.998913173990619	2323	15892	4.603890827968836	4.5744792744194385	0.8243369274859699	0.8024783175693633
2043-10-01	FGA	south	0.9739590122109786	0.005568986793715175	5.6517806515401306e-05	0.007517832567662125	0.9425402510639216	1216	8884	4.554373154223438	4.589162429169811	0.8111502251531105	0.8011917179320837
2044-04-01	FGA	south	0.9966101346377726	0.001553008682479121	3.7708724372671403e-06	0.0019418734349249285	0.9878602731916077	1918	12902	5.175362013217299	5.191294576147111	0.9078882102282769	0.9063140134935743
2044-10-01	FGA	south	0.7871334981168234	0.012897464998905131	0.0002644440355526765	0.01626173531799963	0.3481605897682264	5254	35331	5.307157325808304	5.298647412037482	0.9310084113193575	0.9295155591550341
2045-04-01	FGA	south	0.9220751183563516	0.010350266661575158	0.00026167359960734563	0.016176328372265	0.7996567281700884	3983	26811	4.641980075893173	4.614393962386863	0.8664367740885941	0.8094803542439026
2047-10-01	FGA	south	0.97721108534116	0.004286762886701143	2.7077456834073925e-05	0.005203600372249384	0.8105676303923816	667	4381	4.146256404129197	4.180556954157972	0.7900750140903731	0.7333744694911445
2048-04-01	FGA	south	0.9909787087380953	0.0020849853251829168	8.634635057806149e-06	0.002938474954428938	0.9783309409635668	1103	7522	4.858510888120941	4.87186638518144	0.874684160764399	0.8546474703832412
2048-10-01	FGA	south	0.895484598765183	0.010424238043121382	0.00017175758308399816	0.013105631731587691	0.704578802998407	1378	9085	4.739618241071505	4.7623079953059255	0.8532797597863631	0.8354281828733924
2049-04-01	FGA	south	0.9965565366103449	0.002436061915754359	8.521720514288493e-06	0.002919198608229405	0.9849637022887568	1697	10883	4.802233910132479	4.8181296945008185	0.8465927042881847	0.8452207080039092
2049-10-01	FGA	south	0.9021218875075534	0.008245325016498141	0.00013166908515505976	0.011474715035897831	0.7945191502248383	1961	13388	4.815589551776931	4.844385173344474	0.844775103305064	0.8498265770494322
2050-04-01	FGA	south	0.9429766256933997	0.012525733384424679	0.00019665682513322091	0.014023438420488069	0.7271789790724961	1891	13200	4.735253935026818	4.745291188637233	0.843365742219048	0.8324430084815752
2050-10-01	FGA	south	0.9948671976146957	0.002841776336849567	1.213073495396057e-05	0.003482920463341156	0.9894086246511449	2215	15717	4.585366755252525	4.630093293800436	0.8255096601556061	0.8083375686741304
2051-04-01	FGA	south	0.9994166462446635	0.0010876652968480854	1.741804294059306e-06	0.0013197743345206051	0.9985304595010855	2396	15647	4.5939675582377255	4.574667553002733	0.8225601438943468	0.7986611527327137
2051-10-01	FGA	south	0.9917701082056333	0.0031868279140500133	2.0718136948986128e-05	0.004551718021690945	0.9831766676058574	1220	8136	4.395180806296545	4.391534750806103	0.791270231453599	0.7666891999709157
2052-04-01	FGA	south	0.988117567903739	0.0022951097205895325	1.0320656279423288e-05	0.0032125778246485	0.9697108750264649	1216	8059	5.054417941528461	5.12400951504623	0.9002099987100864	0.8988796949715249
2052-10-01	FGA	south	0.8895065759821733	0.041974130985469066	0.003684026724006307	0.06069618376806162	-3.455781502278586	5548	36820	4.931793333548576	4.9501105752162795	0.8651601591108184	0.8683734623950213
2053-04-01	FGA	south	0.9974025765692431	0.002970598500757615	1.3956688134021561e-05	0.003735865111861182	0.9894458166293056	4887	32435	4.4757684593247635	4.488473101091006	0.8528640016195371	0.7873906791447823
2025-04-01	FGA	tropics	-0.09011962794425192	0.05300340142559463	0.006760422507405956	0.08222178851986836	-4977.740569115921	684	4285	3.7676551174672204	3.7002527665142053	0.964361562031503	0.9999494785373829
2025-10-01	FGA	tropics	0.9483520354618887	0.003956352624405055	1.70321364047051e-05	0.004127000897104954	-0.28729317563970636	1573	10123	5.239360636413678	5.2244403835323405	0.9779392961370178	0.9884659988387732
2026-04-01	FGA	tropics	0.9241285328117502	0.009597763836989839	0.0001441768852161492	0.01200736795539094	-0.43562657038809194	1389	9488	5.558361624363323	5.60248824602147	0.9750759413654321	0.9828168567754693
2026-10-01	FGA	tropics	0.9817032363762586	0.0014263664304413712	3.693133991703875e-06	0.0019217528435529567	0.9608564710758932	2070	13783	5.456530152145887	5.507771976826637	0.9572121488770442	0.9662012492297203
2027-04-01	FGA	tropics	0.9762331540280429	0.0015406781499989182	4.142002662984091e-06	0.002035191063016957	0.9511114083637952	2163	14013	5.496198408580114	5.512383842691493	0.9641709552842039	0.9670102860922941
2027-10-01	FGA	tropics	0.9771000907324401	0.001610925901964242	6.2742889295157975e-06	0.002504853075434924	0.9457240277028348	1575	10432	5.485685212221041	5.50835350619205	0.9623266771444638	0.9663032640556225
2028-04-01	FGA	tropics	0.9591678263769469	0.0021365785459561723	1.4149477111555438e-05	0.003761579071554317	0.916536583960594	3105	20760	5.527245863045611	5.538429123984609	0.9696174569578714	0.9715792812191488
2028-10-01	FGA	tropics	0.50340724833381	0.01370181209336012	0.00048571793287914523	0.022039009344322746	-0.12852669767858504	3367	21697	5.644653155261357	5.614281364361066	0.9854629092770472	0.9848856653100224
2029-04-01	FGA	tropics	0.813593608301374	0.005675903780531087	5.740991770311747e-05	0.007576933265056349	0.5634565921822883	3273	21496	5.623082422323322	5.625745237915681	0.9816970167320749	0.9821619002117743
2029-10-01	FGA	tropics	0.9219695649059659	0.005937451505413953	6.0165714744114945e-05	0.0077566561573989435	0.6817870750958877	2485	16778	5.283245775052805	5.329680092475348	0.9223671691955604	0.9304738316031276
2030-04-01	FGA	tropics	0.8552157269491426	0.009218661453357688	0.00012351688065790828	0.01111381485620074	0.5545752807991694	2418	15898	5.215526841356873	5.275406569276285	0.9105445654717284	0.920998573762243
2030-10-01	FGA	tropics	0.977387853792516	0.0026729909711600227	1.1746406717514221e-05	0.003427303126003625	0.949367578486236	4205	27287	5.568794747106597	5.579563030366476	0.9769061725860291	0.9740992520106433
2031-04-01	FGA	tropics	0.9471375454097267	0.0024254390801482133	1.2243452396273727e-05	0.0034990645030170174	0.8598494071666725	2430	16420	5.005139351250032	5.013993405384998	0.8780268889295796	0.8753601669503904
2031-10-01	FGA	tropics	0.9964221578949524	0.0020951188025358676	6.370957451139658e-06	0.002524075563674681	0.9763083971931535	433	2816	5.316574795846643	5.473895318212715	0.9372665967955828	0.9602584342384287
2032-04-01	FGA	tropics	0.9490957750687975	0.0011307367342986909	2.195899267086941e-06	0.0014818566958673639	0.8844770903597304	945	6581	5.335391876957928	5.408847492379465	0.9405838870157032	0.948847415255763
2032-10-01	FGA	tropics	-0.7860109623184103	0.010136780187640613	0.00019478857701897114	0.013956667833654677	-4.769166773571349	1286	8796	5.593133546503818	5.633414991940522	0.9811758080177951	0.9882421831447019
2033-04-01	FGA	tropics	0.16745964295311605	0.002578856517718603	9.688376131675715e-06	0.003112615641494419	-0.410427329682689	727	4865	5.37173970136775	5.433986058573474	0.942337778658147	0.9532573498287062
2034-10-01	FGA	tropics	0.36791674986908846	0.008690804093595926	9.387879945095521e-05	0.009689107257686604	-0.10993558652323543	388	2522	5.505687064925229	5.578213273451694	0.9612017325657995	0.9785584181689662
2035-04-01	FGA	tropics	0.9550744276939557	0.0014785922558425823	3.669266770829351e-06	0.0019155330252515488	0.9060668711410076	1235	7692	5.324768250385486	5.367176690150226	0.9296163053632251	0.9415373121251877
2035-10-01	FGA	tropics	0.9750077767662733	0.0015795533900993784	4.722289875670104e-06	0.0021730830346929	0.943869940061383	2211	14224	5.606706716628963	5.604270896938113	0.9788380898624963	0.9831295784258658
2036-04-01	FGA	tropics	0.8845280760181223	0.0023019854910709334	7.535978302050517e-06	0.0027451736378689266	0.6156942795644673	1666	11236	5.4636074074541465	5.507129459745058	0.9584536768394815	0.9614535508009289
2036-10-01	FGA	tropics	0.08569703748611472	0.012160047042297074	0.00016109475057802709	0.012692310687106075	-11.533234989364809	1006	6843	5.6231359252413835	5.682005536280467	0.9864389772154425	0.9919840160758251
2037-04-01	FGA	tropics	0.9511343801460113	0.0030334141477312746	1.5840967991531323e-05	0.003980071355080374	0.8226258596223904	2322	15525	5.354372908126779	5.390567012497515	0.9392912078496349	0.9411036789456585
2037-10-01	FGA	tropics	0.9588815027669608	0.0033785401289274384	1.9084476244041984e-05	0.004368578286358387	0.9023141517711281	3734	24339	5.513500791169957	5.520848456985162	0.9672062268501462	0.9684951915929576
2038-04-01	FGA	tropics	0.7742550780050815	0.008160801692376854	0.00010209495120940923	0.010104204630222472	0.24823444130897698	3365	22993	5.534137923170563	5.586437893786545	0.9708264970435019	0.9752994892476309
2038-10-01	FGA	tropics	0.9936777772026696	0.0008768948385135162	1.128405225393918e-06	0.0010622641975487632	0.9869708470667583	2176	14085	5.555230097062528	5.556501921781587	0.9745265929895813	0.9747497029217874
2039-04-01	FGA	tropics	0.9723678867589215	0.0016881182335941071	4.903113924629132e-06	0.002214297614285201	0.9429914147636164	1413	8626	5.576026300098809	5.609010069430486	0.9781747682294842	0.9839609480616662
2039-10-01	FGA	tropics	0.952677119712075	0.0013418293016165803	2.899632277455641e-06	0.0017028306661132342	0.8989930759260563	1337	8796	5.631943257193068	5.666055387854154	0.9879840039830541	0.993968126673191
2040-04-01	FGA	tropics	0.8993188013138994	0.0011496423893352214	1.96985224820197e-06	0.0014035142493761758	0.7937889337411191	1109	7390	5.61234720209901	5.608025799160761	0.9798228251629932	0.9837882823870179
2040-10-01	FGA	tropics	0.8615507173826304	0.009389363295247408	0.00011477288888978177	0.010713210951427297	-2.553257958763344	889	5614	5.662200939063722	5.673048778050173	0.9885264615630057	0.9951949425929811
2041-04-01	FGA	tropics	0.9326667492940318	0.0033886065307925585	1.5257796000200795e-05	0.0039061228859574803	0.18065805413370128	1044	6874	5.682627622661097	5.679431303234691	0.9920926220499415	0.9963145974792885
2041-10-01	FGA	tropics	0.5558031521793515	0.002442878531602276	9.139740330419165e-06	0.0030232003457295324	-0.01606998583863639	850	5767	5.610311559033641	5.6165524290736055	0.9841892619580509	0.9852840669816184
2042-04-01	FGA	tropics	0.9384992468166902	0.0054123968467625645	4.2648371044753755e-05	0.006530572030439122	0.2588784482426263	666	4342	5.609839352429834	5.650200010724531	0.9841064250845543	0.9911866961321111
2042-10-01	FGA	tropics	0.897633968227087	0.0013691250110948652	3.1587388025615666e-06	0.0017772841085660915	0.7984120564826372	1246	8182	5.509777045561284	5.533796678364901	0.9665529885399818	0.9707666341517716
2043-04-01	FGA	tropics	0.9547243741230022	0.0013496573124568278	4.9176541471198985e-06	0.0022175784421570974	0.9083907427603483	1801	11939	5.677310257143834	5.6897298592218135	0.9959425128339396	0.9981212223181318
2043-10-01	FGA	tropics	0.9390379057602825	0.0014785802138663142	6.4386164203159385e-06	0.002537442890059979	0.8688049162107402	1535	10216	5.629987669017274	5.677359189053019	0.9876409448029754	0.9911728408396628
2044-04-01	FGA	tropics	0.9747760359863148	0.0027957449673850806	1.2529910746201006e-05	0.0035397613967894795	0.9500677376486355	2209	15382	5.114680944689556	5.105326043690626	0.8972432299235766	0.8913053322211244
2044-10-01	FGA	tropics	0.950373202127462	0.008631115386519464	0.00012273648629070025	0.011078650021130745	0.7552170456986554	4159	27206	5.105825373448686	5.105455488766295	0.8956897407755924	0.8956248537316661
2045-04-01	FGA	tropics	0.8466085386906338	0.00533398676703628	5.064223462766569e-05	0.007116335758497184	0.34653825121156145	2619	16218	4.288286900389537	4.268143659495529	0.7854822992470993	0.7487393728439192
2047-04-01	FGA	tropics	-0.04810157581273531	0.022528002893700848	0.0014971554720398658	0.03869309333769873	-236.9736923070458	703	4364	5.170351253467356	5.189172047312646	0.9070091973805492	0.9103108363375222
2047-10-01	FGA	tropics	0.9600139205201597	0.001188678336538741	3.435015373039113e-06	0.0018533794465891524	0.9155994523299482	1725	11131	5.5539195617312	5.561453536946248	0.9742966922457568	0.9756183403268814
2048-04-01	FGA	tropics	0.960382223081021	0.001100073283379047	2.0972401191734774e-06	0.0014481851121916278	0.9069940373059265	1552	10332	5.484334060805184	5.518465857435282	0.9620896513214282	0.9680772239154296
2048-10-01	FGA	tropics	0.2493461777142753	0.007291368677249341	0.00015101490458680806	0.012288812171516337	-0.4360176729088949	749	5082	5.575481714340337	5.614227291786108	0.9780792342381784	0.9848761796251224
2049-04-01	FGA	tropics	0.8950293269253455	0.0035080434038377043	2.1342502095026925e-05	0.004619794594462715	-0.11869852762355637	1334	8487	5.449940579058636	5.486864028809783	0.9560561725992354	0.9625334711194954
2049-10-01	FGA	tropics	0.9560864747023091	0.001907654256373501	5.91463161773065e-06	0.0024320015661447774	0.901398269856889	2059	13266	5.667519291735494	5.677844268124034	0.9942249321046529	0.9960361917440949
2050-04-01	FGA	tropics	0.6615164200574832	0.008886275976574577	0.00010446725552386308	0.01022092243996906	-0.8304432377181548	1939	12721	5.661934546847313	5.6838351649513426	0.9932452278775548	0.9970871452009383
2050-10-01	FGA	tropics	0.9641305286927676	0.0016008456629701372	5.069268354022577e-06	0.0022515035762846517	0.9284328123907729	1533	10543	5.63100537674688	5.687826101451401	0.9878194762461493	0.9930001903081849
2051-04-01	FGA	tropics	0.9722432955491572	0.0014237087878550144	4.6489857871582114e-06	0.0021561506874887503	0.9371047397361184	2136	14763	5.548052269889174	5.604145761936803	0.9732674222013156	0.9783909896081414
2051-10-01	FGA	tropics	0.9834578052380488	0.001492644700265402	4.10669265316909e-06	0.0020264976321646886	0.9615029967972071	2176	14815	5.586472594858081	5.6107874626142555	0.9753055474797259	0.9795505204937635
2052-04-01	FGA	tropics	0.9731004086622849	0.0022262142094184195	8.843649189634668e-06	0.002973827363791427	0.9386012355697935	2875	18445	5.441947986277689	5.448729607808639	0.9500739455874099	0.9558437378907088
2052-10-01	FGA	tropics	-0.23113110605720458	0.020782766644149846	0.0017463632995930122	0.041789511837218345	-9.731564391428247	2940	18880	5.392878385591023	5.413834650287795	0.9460460336820535	0.949722287748925
2053-04-01	FGA	tropics	0.9675424498660646	0.003453810352053802	1.959470962131537e-05	0.004426591196543382	0.8618581386560601	1331	8715	5.487447438272664	5.502388003988887	0.9626358157616156	0.9652567654523344
2053-10-01	FGA	tropics	0.9577649788337743	0.0019514470383090983	5.7176895071277136e-06	0.0023911690670313786	0.7856119453869608	1466	9829	5.611032684274711	5.6230722729352784	0.9843157653993163	0.9864278110055968
2054-04-01	FGA	tropics	-0.34316096785716416	0.007633799145251918	7.66509033615356e-05	0.008755050163279226	-3.3456812826060753	1250	8389	5.488526151793972	5.4988887040583	0.9628250491496778	0.9646429005395187
2026-04-01	GARW	north	0.8228142934686914	0.015520589113522235	0.00036987094172732043	0.0192320290590286	0.6280139503974822	1572	11152	3.8854554096846132	3.822162796532899	0.711695956850256	0.670503151602365
2026-10-01	GARW	north	0.985015955044004	0.005137915579178595	6.253031443093632e-05	0.007907611170950195	0.9561322608514685	3036	21239	4.408097051771297	4.4265299058438075	0.7892796148948366	0.7765242901800732
2027-04-01	GARW	north	0.9754493219963065	0.010307065862430066	0.000171714594555396	0.013103991550493155	0.8788702602345906	2177	15074	4.263212495240587	4.348711659894213	0.7675118013375519	0.7628730194365293
2027-10-01	GARW	north	0.9989795448022485	0.0019798545918615702	4.978004723405768e-06	0.002231144263243811	0.9941545515347779	1693	11822	4.734490756703371	4.804970269464668	0.8432298174171196	0.8429122150302406
2028-04-01	GARW	north	0.9326911722884287	0.005233159913814782	0.00016063560244169783	0.012674210130879866	0.8432808564565508	3927	26799	4.90359201357503	4.918869424877519	0.860212940761364	0.8628929816104709
2028-10-01	GARW	north	0.9990179229640254	0.0018209643930495016	4.491719822952513e-06	0.0021193677885049853	0.9958103754000338	3312	22685	4.505222727236079	4.52248534555423	0.8302622394773688	0.7933572792923085
2029-04-01	GARW	north	0.8930354017913072	0.011976765498900923	0.0002669720856874248	0.016339280451948452	0.7614819139578692	1285	8998	4.475405890894935	4.519404323381422	0.8353453008085111	0.7890131085498924
2029-10-01	GARW	north	0.915460103416615	0.008249753338987281	0.00013311264816158832	0.011537445478163193	0.7829277600599572	1331	8984	4.846514024356966	4.910374810529263	0.8587238691761236	0.8572700772437176
2030-04-01	GARW	north	0.95860508932738	0.010292846967285994	0.00015144583258689808	0.01230633302762842	0.9127958311752364	6689	46107	4.565714665875366	4.562381198259505	0.7970981269891849	0.7965161587788537
2030-10-01	GARW	north	0.7035321852235381	0.0719650699209401	0.008340677417475292	0.09132730926439961	-3.3533447165635506	6177	42951	4.2549204152878115	4.26874103130308	0.7941911551432763	0.7452514512317204
2034-04-01	GARW	north	0.9570206279706671	0.005043499483360832	3.8225099190142307e-05	0.006182644999524258	0.6682693254532279	380	2564	4.1120577402516405	4.1534963390609185	0.7953805401634363	0.728627359367177
2034-10-01	GARW	north	0.992569748187966	0.0027070530680118445	1.0501125518737353e-05	0.003240544015861743	0.9752659994894453	828	5606	4.908514726541996	4.872969320244266	0.8788805163701969	0.8548409528367642
2035-04-01	GARW	north	0.9771133235410707	0.004720756900194015	4.116013362299668e-05	0.006415616386832732	0.9349789463278678	3831	25347	4.629167791342097	4.5894719696546655	0.8081759912804358	0.8051084120842678
2035-10-01	GARW	north	0.9756293353596796	0.0047648595671666944	5.292674772650139e-05	0.007275077162924211	0.9512655153958579	3707	25077	4.413403297548643	4.424118503177058	0.8237723672573581	0.776101269713937
2036-04-01	GARW	north	0.3937749518166135	0.008153437577551843	9.590298316297777e-05	0.009793006849940307	0.017092082188823077	372	3068	2.9503385388582584	3.0296185734607404	0.6826440593373985	0.5289212022920409
2037-04-01	GARW	north	0.8712353861870383	0.01576073655856696	0.0005215416796328297	0.022837287046250255	0.4582043384993034	785	5730	3.422852325908038	3.5448960077075133	0.7120032494798653	0.6188801041891985
2037-10-01	GARW	north	0.9960159049345481	0.0034477553402597915	2.4383007736547155e-05	0.004937915322942178	0.978918573406001	2308	15547	4.722821937045896	4.771902306866229	0.8456318079908438	0.8371112655888838
2038-04-01	GARW	north	0.9057046157044416	0.01100576768604503	0.0003545918605192635	0.018830609669345907	0.7962038522408882	7068	49350	4.8259722291263785	4.844603650029605	0.8465964851392418	0.8457875224454466
2038-10-01	GARW	north	0.9990057241454023	0.001990651637438578	6.323073899254943e-06	0.0025145723094106764	0.9968698903993929	5599	38830	4.152129101046169	4.141970049683309	0.8094950283166874	0.7266053593202458
2041-04-01	GARW	north	0.9165946930535815	0.006934973166711136	9.449111041516855e-05	0.009720653805951971	0.34361122431346613	588	3693	4.14973130144185	4.169321810857563	0.8156779579390453	0.7314035437633178
2041-10-01	GARW	north	0.9962344856418559	0.0019319551779773557	6.584369229621848e-06	0.0025660025778673425	0.9860753044125862	874	5839	4.8569168445881905	4.869363052160011	0.8696418004527413	0.8542083230287901
2042-04-01	GARW	north	0.9880187959631908	0.0059748682162997484	4.589475210743557e-05	0.006774566562329694	0.9370144938592594	631	4293	4.72970446755087	4.723756623731712	0.8663364243641591	0.8286653060638145
2042-10-01	GARW	north	0.9944182613230824	0.0019684515886413106	5.81248106331672e-06	0.002410908762959876	0.9887058920063624	839	5351	4.966326625140041	4.952870048763654	0.8892318658359417	0.8688575432175223
2043-04-01	GARW	north	0.9960066495880943	0.0014856479404455898	4.821399936026145e-06	0.002195768643556544	0.991599690118853	2706	17782	4.7557704055503365	4.728350250672162	0.8342813257748455	0.8294711433619146
2043-10-01	GARW	north	0.993426801540691	0.002717861438090748	1.2017548207973798e-05	0.003466633555479119	0.9862819948293113	2826	19218	4.623131779570474	4.645578647247431	0.8277820628112568	0.8110410547944131
2044-04-01	GARW	north	0.996495536334477	0.00259801373328735	1.4617057579083468e-05	0.003823226069575728	0.9904040611821602	3816	27450	4.28506587002624	4.358977105570175	0.7714460933921388	0.7610051745913401
2044-10-01	GARW	north	0.7725010929813765	0.022569867175207294	0.0008533630761306412	0.02921237881670442	0.5471883473287629	3923	26962	4.292633629987566	4.280225727528095	0.7686056315388475	0.7508588703967337
2045-04-01	GARW	north	0.24101026009191479	0.0046890806221912325	2.8154892979691045e-05	0.0053061184475745584	-0.1561695244808392	766	4453	3.360667477651024	3.3552347119409722	0.6314755512911814	0.5885922626746259
2047-04-01	GARW	north	0.9972721631999318	0.0016144412041828667	3.5746590089308797e-06	0.0018906768652868422	0.9767816959489238	778	4848	4.191063544165642	4.1625842303641445	0.7723662102063672	0.7302216032768714
2047-10-01	GARW	north	0.9985444828886486	0.0013422505950905922	2.497073694144112e-06	0.0015802131799678523	0.9968021411595778	1378	8951	4.782743740094093	4.755161656846545	0.8610437005881314	0.8341745359947775
2048-04-01	GARW	north	0.9009533233771404	0.0059787443005425165	0.00011583122415449413	0.010762491540275148	0.8094451529029046	1287	8935	4.889979337689522	4.921161431014257	0.870922892447367	0.8632950569327383
2048-10-01	GARW	north	0.8167519260674906	0.011002365216967562	0.00021342062751059806	0.014608922873045709	0.3855426420648922	1083	7567	4.846230030481269	4.911932368552686	0.8631309836180787	0.8616760480636155
2049-04-01	GARW	north	0.8462447632909388	0.010213805400434718	0.00021691900619259729	0.014728170497132265	0.6611758583449361	2004	14006	4.6071145198745915	4.593366147838214	0.8249141367161731	0.8057915485397162
2049-10-01	GARW	north	0.9965212609093242	0.002391561417044831	8.634690697100018e-06	0.002938484421789576	0.9894416656067475	2411	16544	4.637093745412306	4.629811697682604	0.8395114931819266	0.8121850114384477
2050-04-01	GARW	north	0.9643177975944235	0.00764606750801147	9.370249445050793e-05	0.00968000487864071	0.8955703835095078	1461	9626	4.469895375969869	4.562079503348456	0.8237518031342844	0.8003030869408344
2050-10-01	GARW	north	0.5138321265322681	0.05788025264538452	0.006081849207550913	0.07798621165020721	-9.65616546059825	1506	10297	4.828726487828424	4.913685061521874	0.8742051824970212	0.8578479922163275
2051-04-01	GARW	north	0.9950520176518685	0.0017199807201541968	4.878104874399486e-06	0.002208643220259779	0.9888466585431311	2026	14625	5.065917462402419	5.122942528742133	0.8930778559426082	0.8943808786068066
2051-10-01	GARW	north	0.9867952693695914	0.00292769275185755	1.313029431915221e-05	0.0036235747983382667	0.9734379047917395	1604	11128	4.834939442487641	4.855676192847594	0.8523584094995281	0.847720604949965
2052-04-01	GARW	north	0.9863743812516127	0.0038359832880384024	3.5346548522490263e-05	0.005945296335969324	0.9663595655243671	3958	26691	4.357111949360564	4.301886164901095	0.7720097399459923	0.7546586540001051
2052-10-01	GARW	north	0.9817821444498365	0.006615228235963824	6.171782710673903e-05	0.007856069443859253	0.9637751617185434	4029	27502	4.307458137679781	4.300721946261056	0.7843360086522615	0.7544544208711531
2053-04-01	GARW	north	-0.3295325740185612	0.004315687060213807	3.5109898602717334e-05	0.005925360630604465	-0.4766333116444146	616	4102	3.4256248955638178	3.664804612692483	0.6436811686453874	0.6428985821970191
2026-10-01	GARW	south	0.9930541073140798	0.0020847708755498064	7.627737149488353e-06	0.0027618358295685053	0.95639626068393	1069	7120	4.15200587067491	4.11196471387361	0.8380785924792468	0.7213416713780316
2027-04-01	GARW	south	0.9950550320897386	0.0019823837914734015	5.979894285660514e-06	0.0024453822371278714	0.9900828678784552	1501	10042	4.812909927259192	4.781683647567009	0.8484747946610133	0.8388271579032348
2027-10-01	GARW	south	0.9952616934418238	0.0034707953903361324	2.112603321196683e-05	0.004596306474982584	0.9835115954180232	4926	34194	4.313688407675145	4.303576451550304	0.7604663168957442	0.7549551726430144
2028-04-01	GARW	south	0.3479344323260581	0.05738103597238534	0.004670840934084675	0.06834355078633737	-1.5530388194905096	4865	33782	4.237751868113441	4.222745544212395	0.7629280908583403	0.7407754055838746
2028-10-01	GARW	south	0.9869324127225672	0.008192440688398783	8.37286621419027e-05	0.009150336722869967	0.802448267162114	484	3176	3.9932111625193873	3.8687939105064593	0.7314334973786363	0.6786834177360741
2029-04-01	GARW	south	0.9090234433081729	0.004929114425931704	5.04413426956162e-05	0.007102206889102584	0.7852541263177913	300	2184	5.162529115010807	5.2888014534919305	0.9194649872106334	0.9233370985937068
2029-10-01	GARW	south	0.8920149281987538	0.01266155394990323	0.0003298801036967511	0.018162601787650116	0.7501748735629769	5636	38000	4.20086434612969	4.2511499973034805	0.7334013067138588	0.7421803481779786
2030-04-01	GARW	south	0.8776578557922814	0.02257961485892135	0.000810690073188493	0.02847261971067104	0.4948574675384735	5967	39860	4.306971966712248	4.325809630303528	0.7753898770403906	0.7552146829932551
2030-10-01	GARW	south	0.9961947766116155	0.004335112259386284	3.691784168968249e-05	0.006076005405666003	0.9613993577597568	743	6294	4.1728128848713055	4.120077345416348	0.7598187372601222	0.7192972350260297
2031-10-01	GARW	south	0.899557689069805	0.006265521326994012	0.00019751883109040528	0.014054139286715686	0.7953715419847478	1057	7606	3.8427329827403818	3.8295894457817674	0.7220565393267893	0.6718059720190486
2032-04-01	GARW	south	0.9974725592868203	0.0026791983433869047	1.1331589759913408e-05	0.003366242676919388	0.9890909103335143	2154	14704	4.5391927704312165	4.539070617390675	0.8217872464440523	0.7962667516587408
2032-10-01	GARW	south	0.9015595530952987	0.01408378779042108	0.0004834538683462005	0.021987584413623078	0.20509904885654318	1276	8332	4.0708433960471115	4.101709355120724	0.7288935951712238	0.7195426244167508
2034-10-01	GARW	south	0.8322270511966178	0.008166247605976071	0.00014774122814350095	0.012154884949825768	0.6893021721491304	1991	12852	4.007840086075249	3.8836570283531255	0.7215367677240002	0.6812907811293516
2035-04-01	GARW	south	0.9942907241464767	0.0028789128392204093	1.4531425106575372e-05	0.0038120106383082632	0.9852411300841346	2837	19435	4.531032241140339	4.499618362774642	0.7910431503165608	0.7893458373842718
2035-10-01	GARW	south	0.9956627398165957	0.002480128609825089	1.044224602541061e-05	0.0032314464292961145	0.895548373388708	1238	7593	3.8655958504480106	3.8641604814686796	0.6781223978469819	0.6778705981525192
2037-04-01	GARW	south	0.973215728608611	0.0039289691728639975	2.3182522975084136e-05	0.004814823254812593	0.9368902639394481	819	5443	4.931523587992775	4.978552262184329	0.9088247276765093	0.8691727306055937
2037-10-01	GARW	south	0.9649728060766048	0.007394356154779642	0.00014779216552562402	0.012156980115375035	0.9240127140355273	7588	50493	4.480655923050889	4.456750518764083	0.7860193501900633	0.781825743123098
2038-04-01	GARW	south	0.9785309652878091	0.010754744020937753	0.0001569133334678636	0.012526505237609713	0.9248014765366819	7181	48178	4.215830664205438	4.228317565910649	0.7676517543819534	0.7381941839890814
2040-10-01	GARW	south	0.9901530492695921	0.014030877319274285	0.00029139872101428046	0.017070404828658296	-0.3843491160503125	926	5863	3.930691636073629	3.9332547600738303	0.7385841307870622	0.689991466369977
2041-04-01	GARW	south	0.9981519423106907	0.0023071995926271824	9.115557813581573e-06	0.003019198207071138	0.989863848775518	1745	11768	4.578466592351468	4.653488124165938	0.8386342960541151	0.8163384500596801
2041-10-01	GARW	south	0.9144719185845368	0.008769081369777422	0.00010829459381610674	0.010406468844718977	0.6152306335339401	1098	7612	4.439012377324311	4.507114749854731	0.7991612873351748	0.7906608915644313
2042-04-01	GARW	south	0.9390756500991324	0.009127480746298239	0.00010958968725758702	0.010468509314013481	-0.8880159939735641	314	2092	5.002468222434847	5.116128652820907	0.9218990315760003	0.8974971942145671
2042-10-01	GARW	south	0.9980189512212834	0.0016896047106202104	5.831145537374501e-06	0.0024147764984309627	0.979609669151901	1670	11167	4.171818615406604	4.13984250545269	0.7641488907315798	0.7262321347383162
2043-04-01	GARW	south	0.9996281286667188	0.0007576175509458567	1.0204012078942676e-06	0.0010101491018133252	0.9990110913311655	2323	15892	4.603890827968836	4.5744792744194385	0.8243369274859699	0.8024783175693633
2043-10-01	GARW	south	0.9744676601362059	0.005617413799671342	5.272108039437645e-05	0.007260928342462584	0.9464002545414749	1216	8884	4.554373154223438	4.589162429169811	0.8111502251531105	0.8011917179320837
2044-04-01	GARW	south	0.9975421578890887	0.0013592532203659095	3.273155598512084e-06	0.001809186446586444	0.9894625937555995	1918	12902	5.175362013217299	5.191294576147111	0.9078882102282769	0.9063140134935743
2044-10-01	GARW	south	0.625442244117347	0.03371144311687192	0.0021367760490875326	0.046225275002832945	-4.267030646857407	5254	35331	5.307157325808304	5.298647412037482	0.9310084113193575	0.9295155591550341
2045-04-01	GARW	south	0.9239064751421338	0.009822532986428783	0.00024801978708886233	0.015748643976192436	0.8101103982270212	3983	26811	4.641980075893173	4.614393962386863	0.8664367740885941	0.8094803542439026
2047-10-01	GARW	south	0.9668835737992545	0.0038039704364402575	2.104864689728224e-05	0.004587880436245286	0.8527448466368281	667	4381	4.146256404129197	4.180556954157972	0.7900750140903731	0.7333744694911445
2048-04-01	GARW	south	0.9906947802321677	0.0022465317931013927	7.888048402993757e-06	0.0028085669660867546	0.980204538422016	1103	7522	4.858510888120941	4.87186638518144	0.874684160764399	0.8546474703832412
2048-10-01	GARW	south	0.9153291759808033	0.009065826798888623	0.0001308809206224522	0.011440319952800804	0.7748862231250299	1378	9085	4.739618241071505	4.7623079953059255	0.8532797597863631	0.8354281828733924
2049-04-01	GARW	south	0.9966717103573188	0.0026012703612080367	9.673639036303012e-06	0.003110247423647034	0.9829311796535608	1697	10883	4.802233910132479	4.8181296945008185	0.8465927042881847	0.8452207080039092
2049-10-01	GARW	south	0.9143599327259065	0.007881077115337153	0.0001119096537653744	0.010578735924739515	0.8253554300413578	1961	13388	4.815589551776931	4.844385173344474	0.844775103305064	0.8498265770494322
2050-04-01	GARW	south	0.934948829658466	0.013322364256817777	0.00021647209692209516	0.014712990753823478	0.6996893525327894	1891	13200	4.735253935026818	4.745291188637233	0.843365742219048	0.8324430084815752
2050-10-01	GARW	south	0.9959113359929368	0.0022767087440336915	9.801329742914299e-06	0.0031307075466920093	0.991442434228504	2215	15717	4.585366755252525	4.630093293800436	0.8255096601556061	0.8083375686741304
2051-04-01	GARW	south	0.9992389694446218	0.001080927835961029	2.0721565029279087e-06	0.001439498698480797	0.9982517450947116	2396	15647	4.5939675582377255	4.574667553002733	0.8225601438943468	0.7986611527327137
2051-10-01	GARW	south	0.9908137780191283	0.0038749373862722353	2.7282628357885568e-05	0.005223277549382722	0.9778462355673815	1220	8136	4.395180806296545	4.391534750806103	0.791270231453599	0.7666891999709157
2052-04-01	GARW	south	0.9890613404715674	0.0021899055807989014	9.52506232776613e-06	0.003086269970006858	0.9720457890064971	1216	8059	5.054417941528461	5.12400951504623	0.9002099987100864	0.8988796949715249
2052-10-01	GARW	south	0.8898790578611446	0.04272837098659921	0.0038126949119361825	0.061747023506693685	-3.611403970479949	5548	36820	4.931793333548576	4.9501105752162795	0.8651601591108184	0.8683734623950213
2053-04-01	GARW	south	0.9976928244940272	0.003956525757431777	2.335731585711436e-05	0.004832940704903626	0.9823369704735117	4887	32435	4.4757684593247635	4.488473101091006	0.8528640016195371	0.7873906791447823
2025-04-01	GARW	tropics	0.07402153764983807	0.0186078015081721	0.000817182427411215	0.028586402841407222	-600.8173123445775	684	4285	3.7676551174672204	3.7002527665142053	0.964361562031503	0.9999494785373829
2025-10-01	GARW	tropics	0.9509531389502547	0.0026714773217734766	8.460902166907762e-06	0.002908762996001524	0.3605228750864887	1573	10123	5.239360636413678	5.2244403835323405	0.9779392961370178	0.9884659988387732
2026-04-01	GARW	tropics	0.9255457040447411	0.008690729073227132	0.0001191041402441129	0.010913484331051788	-0.18596727985441097	1389	9488	5.558361624363323	5.60248824602147	0.9750759413654321	0.9828168567754693
2026-10-01	GARW	tropics	0.9831493054453126	0.0014431499804575807	4.106996584345859e-06	0.002026572620052353	0.9564699412608152	2070	13783	5.456530152145887	5.507771976826637	0.9572121488770442	0.9662012492297203
2027-04-01	GARW	tropics	0.9525976329016105	0.0024178401544595026	1.2641047381745173e-05	0.003555425063441103	0.8507960874040534	2163	14013	5.496198408580114	5.512383842691493	0.9641709552842039	0.9670102860922941
2027-10-01	GARW	tropics	0.9769308891952402	0.0016596303697732687	6.20946074955072e-06	0.0024918789596508734	0.9462848263111533	1575	10432	5.485685212221041	5.50835350619205	0.9623266771444638	0.9663032640556225
2028-04-01	GARW	tropics	0.9622209268935706	0.00208126899406522	1.3326749164661914e-05	0.003650582030945465	0.9213896032190048	3105	20760	5.527245863045611	5.538429123984609	0.9696174569578714	0.9715792812191488
2028-10-01	GARW	tropics	0.5147892434644171	0.01365960104285336	0.00047172123074404543	0.021719144337290212	-0.09600648178850113	3367	21697	5.644653155261357	5.614281364361066	0.9854629092770472	0.9848856653100224
2029-04-01	GARW	tropics	0.8160013280112554	0.0065666827337660105	6.701166085214602e-05	0.00818606504079622	0.49044520594510366	3273	21496	5.623082422323322	5.625745237915681	0.9816970167320749	0.9821619002117743
2029-10-01	GARW	tropics	0.9190292673495294	0.007127298419613927	7.979839503851229e-05	0.00893299474076372	0.577950984279754	2485	16778	5.283245775052805	5.329680092475348	0.9223671691955604	0.9304738316031276
2030-04-01	GARW	tropics	0.8485581847347929	0.009149262842955874	0.00011986880488806603	0.010948461302304814	0.5677309168284322	2418	15898	5.215526841356873	5.275406569276285	0.9105445654717284	0.920998573762243
2030-10-01	GARW	tropics	0.9810297481901014	0.0023801893663531566	9.044527269256782e-06	0.0030074120551159566	0.9610139229721263	4205	27287	5.568794747106597	5.579563030366476	0.9769061725860291	0.9740992520106433
2031-04-01	GARW	tropics	0.9387349205990868	0.002582804232287453	1.401900851292294e-05	0.0037441966445317665	0.8395246462819923	2430	16420	5.005139351250032	5.013993405384998	0.8780268889295796	0.8753601669503904
2031-10-01	GARW	tropics	0.9963775912107448	0.0030009903025358673	1.079402839461037e-05	0.00328542666857904	0.959860376501936	433	2816	5.316574795846643	5.473895318212715	0.9372665967955828	0.9602584342384287
2032-04-01	GARW	tropics	0.9456635604263052	0.0011651385344021688	2.0871597134461297e-06	0.001444700561862606	0.8901977123472022	945	6581	5.335391876957928	5.408847492379465	0.9405838870157032	0.948847415255763
2032-10-01	GARW	tropics	-0.8173750610757458	0.010477738934933447	0.00020695699002240173	0.014385999792242516	-5.129565751072213	1286	8796	5.593133546503818	5.633414991940522	0.9811758080177951	0.9882421831447019
2033-04-01	GARW	tropics	0.06465748649202789	0.003019771112481587	1.2663971912615264e-05	0.003558647483611613	-0.8436125770849026	727	4865	5.37173970136775	5.433986058573474	0.942337778658147	0.9532573498287062
2034-10-01	GARW	tropics	0.10959631414254907	0.008721679213595925	9.419319121238062e-05	0.00970531767704595	-0.11365266222250536	388	2522	5.505687064925229	5.578213273451694	0.9612017325657995	0.9785584181689662
2035-04-01	GARW	tropics	0.9612856906078522	0.001363813989323894	3.1119479223426873e-06	0.0017640714051145117	0.9203342184014005	1235	7692	5.324768250385486	5.367176690150226	0.9296163053632251	0.9415373121251877
2035-10-01	GARW	tropics	0.9738864311296456	0.0016230210619973195	4.942151082375664e-06	0.0022230949332801026	0.9412566268096614	2211	14224	5.606706716628963	5.604270896938113	0.9788380898624963	0.9831295784258658
2036-04-01	GARW	tropics	0.8998106867367848	0.0021909354614413038	6.714199206077765e-06	0.00259117718538848	0.6576018322216635	1666	11236	5.4636074074541465	5.507129459745058	0.9584536768394815	0.9614535508009289
2036-10-01	GARW	tropics	-0.10184611437593574	0.011764971977079685	0.00015263641321231147	0.012354611010157765	-10.87517301376684	1006	6843	5.6231359252413835	5.682005536280467	0.9864389772154425	0.9919840160758251
2037-04-01	GARW	tropics	0.9509818918264883	0.0027262461754739087	1.3298868327108129e-05	0.0036467613477040323	0.8510902023931308	2322	15525	5.354372908126779	5.390567012497515	0.9392912078496349	0.9411036789456585
2037-10-01	GARW	tropics	0.9632547262026433	0.002699992561393942	1.4544476917836791e-05	0.003813722186766728	0.9255526037709473	3734	24339	5.513500791169957	5.520848456985162	0.9672062268501462	0.9684951915929576
2038-04-01	GARW	tropics	0.802866054633088	0.007513691852832994	9.304387746193515e-05	0.00964592543315234	0.31488108183253316	3365	22993	5.534137923170563	5.586437893786545	0.9708264970435019	0.9752994892476309
2038-10-01	GARW	tropics	0.8497379998206885	0.003193574288812345	2.471076568329134e-05	0.004970992424384827	0.7146766623021361	2176	14085	5.555230097062528	5.556501921781587	0.9745265929895813	0.9747497029217874
2039-04-01	GARW	tropics	0.9760499512101657	0.001553985638042406	4.1299542220289825e-06	0.002032228880325487	0.9519809551831472	1413	8626	5.576026300098809	5.609010069430486	0.9781747682294842	0.9839609480616662
2039-10-01	GARW	tropics	0.9575368729389183	0.0013018112616165806	2.5458513943144764e-06	0.001595572434681195	0.9113168174846267	1337	8796	5.631943257193068	5.666055387854154	0.9879840039830541	0.993968126673191
2040-04-01	GARW	tropics	0.904194483868357	0.0010767664631641547	1.8079253519700294e-06	0.001344591146769169	0.8107400111422076	1109	7390	5.61234720209901	5.608025799160761	0.9798228251629932	0.9837882823870179
2040-10-01	GARW	tropics	0.858173053647524	0.011306169155103525	0.0001666820631769892	0.012910540777867874	-4.160315936069992	889	5614	5.662200939063722	5.673048778050173	0.9885264615630057	0.9951949425929811
2041-04-01	GARW	tropics	0.9346442576191876	0.0031403387751495005	1.3481561215727841e-05	0.003671724556080949	0.27604166423088194	1044	6874	5.682627622661097	5.679431303234691	0.9920926220499415	0.9963145974792885
2041-10-01	GARW	tropics	0.5711957236467778	0.003318229029061296	1.629351741324735e-05	0.004036522936048717	-0.8113593394157788	850	5767	5.610311559033641	5.6165524290736055	0.9841892619580509	0.9852840669816184
2042-04-01	GARW	tropics	0.9400265763282153	0.005461208469839486	4.427320082993136e-05	0.006653811000466677	0.23064298831219243	666	4342	5.609839352429834	5.650200010724531	0.9841064250845543	0.9911866961321111
2042-10-01	GARW	tropics	0.8969628223616866	0.0012917105928562937	3.171828001010327e-06	0.0017809626613184027	0.7975767153029751	1246	8182	5.509777045561284	5.533796678364901	0.9665529885399818	0.9707666341517716
2043-04-01	GARW	tropics	0.9550974445235502	0.0013153257824683093	4.756903530019566e-06	0.0021810326751379875	0.9113853097211017	1801	11939	5.677310257143834	5.6897298592218135	0.9959425128339396	0.9981212223181318
2043-10-01	GARW	tropics	0.9478783615288717	0.001378157681099635	5.538660527002892e-06	0.002353435898214118	0.8871426740646317	1535	10216	5.629987669017274	5.677359189053019	0.9876409448029754	0.9911728408396628
2044-04-01	GARW	tropics	0.9757453421262476	0.0027035936269595487	1.2160036088455661e-05	0.003487124329365912	0.9515417049275534	2209	15382	5.114680944689556	5.105326043690626	0.8972432299235766	0.8913053322211244
2044-10-01	GARW	tropics	0.5157670433639503	0.023108651563361886	0.0009986838694298805	0.031601959898555035	-0.991753188967307	4159	27206	5.105825373448686	5.105455488766295	0.8956897407755924	0.8956248537316661
2045-04-01	GARW	tropics	0.8424969978286004	0.005683519085218098	5.3321347568916566e-05	0.007302146778100024	0.3119683346061214	2619	16218	4.288286900389537	4.268143659495529	0.7854822992470993	0.7487393728439192
2047-04-01	GARW	tropics	0.21733924028847293	0.001847724106163696	6.650216799970888e-06	0.00257880142701428	-0.05705564725029322	703	4364	5.170351253467356	5.189172047312646	0.9070091973805492	0.9103108363375222
2047-10-01	GARW	tropics	0.9620011186900964	0.0011710789591545024	3.1990826247900434e-06	0.0017885979494537175	0.9213964724311724	1725	11131	5.5539195617312	5.561453536946248	0.9742966922457568	0.9756183403268814
2048-04-01	GARW	tropics	0.9605199054939535	0.0010162557979758915	1.9579721138760558e-06	0.0013992755675263024	0.9131701326355709	1552	10332	5.484334060805184	5.518465857435282	0.9620896513214282	0.9680772239154296
2048-10-01	GARW	tropics	0.12826854196976473	0.0075923848184602325	0.00016707356985561588	0.012925694173065364	-0.5887213228726667	749	5082	5.575481714340337	5.614227291786108	0.9780792342381784	0.9848761796251224
2049-04-01	GARW	tropics	0.8240936935317181	0.0039289232888364365	2.6236275949816726e-05	0.005122135877719052	-0.37521285670738336	1334	8487	5.449940579058636	5.486864028809783	0.9560561725992354	0.9625334711194954
2049-10-01	GARW	tropics	0.9590544895136371	0.0018647238038989886	5.3562705290029705e-06	0.002314361797343486	0.9107066043317018	2059	13266	5.667519291735494	5.677844268124034	0.9942249321046529	0.9960361917440949
2050-04-01	GARW	tropics	0.693644159968703	0.008401759582544726	9.118924478831279e-05	0.009549305984641647	-0.5977900026029155	1939	12721	5.661934546847313	5.6838351649513426	0.9932452278775548	0.9970871452009383
2050-10-01	GARW	tropics	0.9681304867223011	0.0015356628262986126	4.44394255532814e-06	0.002108066069962737	0.9372610703614803	1533	10543	5.63100537674688	5.687826101451401	0.9878194762461493	0.9930001903081849
2051-04-01	GARW	tropics	0.9713083899008116	0.0014539485149602702	4.539177083654413e-06	0.0021305344596261318	0.9385903211730822	2136	14763	5.548052269889174	5.604145761936803	0.9732674222013156	0.9783909896081414
2051-10-01	GARW	tropics	0.9835773796126815	0.0014745434300664803	4.321911568126774e-06	0.002078920770045548	0.9594854892897889	2176	14815	5.586472594858081	5.6107874626142555	0.9753055474797259	0.9795505204937635
2052-04-01	GARW	tropics	0.9823232283949603	0.0018747157286270444	7.01647437205825e-06	0.002648862845082442	0.9512867541596387	2875	18445	5.441947986277689	5.448729607808639	0.9500739455874099	0.9558437378907088
2052-10-01	GARW	tropics	-0.2195469836245667	0.019576606864866068	0.0017744828152524241	0.04212461056499424	-9.90436142227806	2940	18880	5.392878385591023	5.413834650287795	0.9460460336820535	0.949722287748925
2053-04-01	GARW	tropics	0.9669421512330225	0.003404049427053802	1.9256375669428047e-05	0.004388208708508296	0.8642433784872604	1331	8715	5.487447438272664	5.502388003988887	0.9626358157616156	0.9652567654523344
2053-10-01	GARW	tropics	0.9507561128930291	0.0022454818273309803	7.045763578240202e-06	0.0026543857252178333	0.735815044710055	1466	9829	5.611032684274711	5.6230722729352784	0.9843157653993163	0.9864278110055968
2054-04-01	GARW	tropics	-0.31836542818619956	0.007598218145251917	7.596816654709277e-05	0.008715971922114754	-3.3069738901898873	1250	8389	5.488526151793972	5.4988887040583	0.9628250491496778	0.9646429005395187
