position,reference_aa,variant_aa,count,frequency,n_sequences,reference_type
1,M,T,3,0.0005250262513125656,5714,provided
1,M,V,3,0.0005250262513125656,5714,provided
1,M,I,3,0.0005250262513125656,5714,provided
1,M,K,1,0.00017500875043752187,5714,provided
2,K,M,1,0.00017500875043752187,5714,provided
2,K,E,1,0.00017500875043752187,5714,provided
2,K,R,1,0.00017500875043752187,5714,provided
2,K,T,1,0.00017500875043752187,5714,provided
3,T,P,1,0.00017500875043752187,5714,provided
3,T,I,3,0.0005250262513125656,5714,provided
3,T,S,2,0.00035001750087504374,5714,provided
4,I,T,5,0.0008750437521876093,5714,provided
4,I,V,5,0.0008750437521876093,5714,provided
4,I,S,1,0.00017500875043752187,5714,provided
5,I,V,4,0.0007000350017500875,5714,provided
5,I,T,4,0.0007000350017500875,5714,provided
5,I,F,1,0.00017500875043752187,5714,provided
6,A,P,1,0.00017500875043752187,5714,provided
6,A,V,5,0.0008750437521876093,5714,provided
6,A,T,3,0.0005250262513125656,5714,provided
7,L,S,3,0.0005250262513125656,5714,provided
8,S,G,3,0.0005250262513125656,5714,provided
8,S,R,1,0.00017500875043752187,5714,provided
9,Y,H,3,0.0005250262513125656,5714,provided
9,Y,C,5,0.0008750437521876093,5714,provided
9,Y,N,1,0.00017500875043752187,5714,provided
10,I,V,1,0.00017500875043752187,5714,provided
10,I,N,1,0.00017500875043752187,5714,provided
10,I,F,1,0.00017500875043752187,5714,provided
10,I,L,1,0.00017500875043752187,5714,provided
11,L,P,4,0.0007000350017500875,5714,provided
12,C,Y,5,0.0008750437521876093,5714,provided
12,C,R,1,0.00017500875043752187,5714,provided
12,C,F,1,0.00017500875043752187,5714,provided
13,L,P,2,0.00035001750087504374,5714,provided
13,L,R,1,0.00017500875043752187,5714,provided
14,V,A,3,0.0005250262513125656,5714,provided
14,V,I,2,0.00035001750087504374,5714,provided
15,F,L,3,0.0005250262513125656,5714,provided
15,F,C,1,0.00017500875043752187,5714,provided
15,F,S,1,0.00017500875043752187,5714,provided
16,A,V,2,0.00035001750087504374,5714,provided
17,Q,R,3,0.0005250262513125656,5714,provided
17,Q,H,1,0.00017500875043752187,5714,provided
17,Q,L,1,0.00017500875043752187,5714,provided
18,K,E,9,0.001575078753937697,5714,provided
18,K,R,2,0.00035001750087504374,5714,provided
18,K,I,1,0.00017500875043752187,5714,provided
18,K,Q,1,0.00017500875043752187,5714,provided
18,K,T,1,0.00017500875043752187,5714,provided
19,L,H,1,0.00017500875043752187,5714,provided
19,L,V,1,0.00017500875043752187,5714,provided
19,L,F,3,0.0005250262513125656,5714,provided
19,L,P,2,0.00035001750087504374,5714,provided
19,L,I,1,0.00017500875043752187,5714,provided
20,P,S,1,0.00017500875043752187,5714,provided
20,P,L,1,0.00017500875043752187,5714,provided
21,G,R,6,0.0010500525026251313,5714,provided
21,G,E,3,0.0005250262513125656,5714,provided
21,G,A,1,0.00017500875043752187,5714,provided
22,N,D,1,0.00017500875043752187,5714,provided
22,N,S,1,0.00017500875043752187,5714,provided
22,N,Y,1,0.00017500875043752187,5714,provided
23,D,N,2,0.00035001750087504374,5714,provided
23,D,G,1,0.00017500875043752187,5714,provided
24,N,D,1,0.00017500875043752187,5714,provided
24,N,S,4,0.0007000350017500875,5714,provided
24,N,K,2,0.00035001750087504374,5714,provided
25,S,N,3,0.0005250262513125656,5714,provided
25,S,G,3,0.0005250262513125656,5714,provided
25,S,C,1,0.00017500875043752187,5714,provided
25,S,T,1,0.00017500875043752187,5714,provided
26,T,R,1,0.00017500875043752187,5714,provided
26,T,A,5,0.0008750437521876093,5714,provided
26,T,M,2,0.00035001750087504374,5714,provided
26,T,K,1,0.00017500875043752187,5714,provided
27,A,V,4,0.0007000350017500875,5714,provided
27,A,T,3,0.0005250262513125656,5714,provided
27,A,G,1,0.00017500875043752187,5714,provided
28,T,A,6,0.0010500525026251313,5714,provided
28,T,S,1,0.00017500875043752187,5714,provided
28,T,M,2,0.00035001750087504374,5714,provided
29,L,R,1,0.00017500875043752187,5714,provided
29,L,Q,1,0.00017500875043752187,5714,provided
30,C,Y,3,0.0005250262513125656,5714,provided
30,C,F,2,0.00035001750087504374,5714,provided
30,C,R,3,0.0005250262513125656,5714,provided
31,L,P,4,0.0007000350017500875,5714,provided
31,L,F,2,0.00035001750087504374,5714,provided
31,L,R,1,0.00017500875043752187,5714,provided
32,G,A,1,0.00017500875043752187,5714,provided
32,G,R,1,0.00017500875043752187,5714,provided
33,H,R,2,0.00035001750087504374,5714,provided
33,H,Y,1,0.00017500875043752187,5714,provided
34,H,P,1,0.00017500875043752187,5714,provided
34,H,R,1,0.00017500875043752187,5714,provided
34,H,Y,2,0.00035001750087504374,5714,provided
35,A,V,4,0.0007000350017500875,5714,provided
35,A,T,2,0.00035001750087504374,5714,provided
36,V,A,3,0.0005250262513125656,5714,provided
36,V,I,2,0.00035001750087504374,5714,provided
37,P,L,1,0.00017500875043752187,5714,provided
37,P,R,1,0.00017500875043752187,5714,provided
37,P,S,1,0.00017500875043752187,5714,provided
38,N,D,3,0.0005250262513125656,5714,provided
38,N,S,1,0.00017500875043752187,5714,provided
38,N,K,1,0.00017500875043752187,5714,provided
38,N,H,1,0.00017500875043752187,5714,provided
39,G,R,3,0.0005250262513125656,5714,provided
39,G,E,6,0.0010500525026251313,5714,provided
39,G,V,1,0.00017500875043752187,5714,provided
40,T,A,5,0.0008750437521876093,5714,provided
40,T,M,1,0.00017500875043752187,5714,provided
41,I,M,1,0.00017500875043752187,5714,provided
41,I,T,4,0.0007000350017500875,5714,provided
41,I,V,1,0.00017500875043752187,5714,provided
41,I,R,1,0.00017500875043752187,5714,provided
42,V,M,3,0.0005250262513125656,5714,provided
42,V,A,4,0.0007000350017500875,5714,provided
43,K,R,2,0.00035001750087504374,5714,provided
43,K,E,1,0.00017500875043752187,5714,provided
44,T,S,1,0.00017500875043752187,5714,provided
44,T,A,3,0.0005250262513125656,5714,provided
45,I,T,3,0.0005250262513125656,5714,provided
45,I,V,2,0.00035001750087504374,5714,provided
45,I,N,1,0.00017500875043752187,5714,provided
46,T,M,3,0.0005250262513125656,5714,provided
46,T,K,1,0.00017500875043752187,5714,provided
46,T,A,2,0.00035001750087504374,5714,provided
47,N,D,7,0.001225061253062653,5714,provided
47,N,T,2,0.00035001750087504374,5714,provided
48,D,H,1,0.00017500875043752187,5714,provided
49,Q,R,4,0.0007000350017500875,5714,provided
50,I,V,5664,0.9912495624781239,5714,provided
50,I,A,18,0.003150157507875394,5714,provided
50,I,D,2,0.00035001750087504374,5714,provided
50,I,L,16,0.00280014000700035,5714,provided
51,E,K,4,0.0007000350017500875,5714,provided
51,E,G,1,0.00017500875043752187,5714,provided
51,E,V,1,0.00017500875043752187,5714,provided
52,V,A,4,0.0007000350017500875,5714,provided
52,V,I,4,0.0007000350017500875,5714,provided
53,T,S,2,0.00035001750087504374,5714,provided
53,T,I,33,0.005775288764438222,5714,provided
53,T,A,10,0.0017500875043752187,5714,provided
53,T,N,3,0.0005250262513125656,5714,provided
54,N,H,4,0.0007000350017500875,5714,provided
54,N,D,16,0.00280014000700035,5714,provided
54,N,K,4,0.0007000350017500875,5714,provided
54,N,S,30,0.005250262513125656,5714,provided
54,N,Y,2,0.00035001750087504374,5714,provided
54,N,T,1,0.00017500875043752187,5714,provided
55,A,T,3,0.0005250262513125656,5714,provided
55,A,V,3,0.0005250262513125656,5714,provided
56,T,A,1,0.00017500875043752187,5714,provided
56,T,I,2,0.00035001750087504374,5714,provided
56,T,S,2,0.00035001750087504374,5714,provided
57,E,G,6,0.0010500525026251313,5714,provided
57,E,K,5,0.0008750437521876093,5714,provided
57,E,A,1,0.00017500875043752187,5714,provided
57,E,V,1,0.00017500875043752187,5714,provided
58,L,P,3,0.0005250262513125656,5714,provided
58,L,R,1,0.00017500875043752187,5714,provided
58,L,V,1,0.00017500875043752187,5714,provided
59,V,A,3,0.0005250262513125656,5714,provided
59,V,D,1,0.00017500875043752187,5714,provided
59,V,I,1,0.00017500875043752187,5714,provided
60,Q,R,5,0.0008750437521876093,5714,provided
60,Q,H,1,0.00017500875043752187,5714,provided
61,S,G,4,0.0007000350017500875,5714,provided
61,S,I,4,0.0007000350017500875,5714,provided
61,S,N,1,0.00017500875043752187,5714,provided
62,S,P,3,0.0005250262513125656,5714,provided
62,S,F,4,0.0007000350017500875,5714,provided
62,S,C,1,0.00017500875043752187,5714,provided
63,S,L,5,0.0008750437521876093,5714,provided
63,S,P,3,0.0005250262513125656,5714,provided
64,T,R,1,0.00017500875043752187,5714,provided
64,T,I,2,0.00035001750087504374,5714,provided
64,T,A,4,0.0007000350017500875,5714,provided
65,G,S,3,0.0005250262513125656,5714,provided
66,E,Q,1,0.00017500875043752187,5714,provided
66,E,G,4,0.0007000350017500875,5714,provided
66,E,K,2,0.00035001750087504374,5714,provided
66,E,V,1,0.00017500875043752187,5714,provided
66,E,D,1,0.00017500875043752187,5714,provided
67,I,L,4,0.0007000350017500875,5714,provided
67,I,T,2,0.00035001750087504374,5714,provided
67,I,V,2,0.00035001750087504374,5714,provided
67,I,M,2,0.00035001750087504374,5714,provided
68,C,R,3,0.0005250262513125656,5714,provided
68,C,Y,3,0.0005250262513125656,5714,provided
69,D,V,2,0.00035001750087504374,5714,provided
69,D,N,2,0.00035001750087504374,5714,provided
70,S,G,2,0.00035001750087504374,5714,provided
70,S,N,1,0.00017500875043752187,5714,provided
71,P,S,4,0.0007000350017500875,5714,provided
71,P,L,4,0.0007000350017500875,5714,provided
72,H,R,1,0.00017500875043752187,5714,provided
73,Q,R,1,0.00017500875043752187,5714,provided
74,I,T,2,0.00035001750087504374,5714,provided
74,I,S,1,0.00017500875043752187,5714,provided
74,I,V,4,0.0007000350017500875,5714,provided
74,I,N,1,0.00017500875043752187,5714,provided
74,I,L,1,0.00017500875043752187,5714,provided
75,L,F,2,0.00035001750087504374,5714,provided
75,L,R,1,0.00017500875043752187,5714,provided
75,L,P,1,0.00017500875043752187,5714,provided
76,D,N,3,0.0005250262513125656,5714,provided
76,D,G,3,0.0005250262513125656,5714,provided
76,D,E,4,0.0007000350017500875,5714,provided
77,G,R,3,0.0005250262513125656,5714,provided
77,G,E,1,0.00017500875043752187,5714,provided
78,K,R,3,0.0005250262513125656,5714,provided
78,K,I,2,0.00035001750087504374,5714,provided
78,K,E,21,0.0036751837591879593,5714,provided
79,N,Y,1,0.00017500875043752187,5714,provided
79,N,D,5,0.0008750437521876093,5714,provided
79,N,S,2,0.00035001750087504374,5714,provided
80,C,Y,11,0.0019250962548127406,5714,provided
80,C,R,5,0.0008750437521876093,5714,provided
80,C,S,1,0.00017500875043752187,5714,provided
81,T,A,2,0.00035001750087504374,5714,provided
81,T,I,3,0.0005250262513125656,5714,provided
81,T,S,1,0.00017500875043752187,5714,provided
81,T,K,1,0.00017500875043752187,5714,provided
82,L,Q,2,0.00035001750087504374,5714,provided
83,I,V,5,0.0008750437521876093,5714,provided
83,I,M,3,0.0005250262513125656,5714,provided
83,I,T,1,0.00017500875043752187,5714,provided
84,D,G,1,0.00017500875043752187,5714,provided
84,D,N,1,0.00017500875043752187,5714,provided
84,D,V,1,0.00017500875043752187,5714,provided
85,A,T,1,0.00017500875043752187,5714,provided
85,A,V,6,0.0010500525026251313,5714,provided
86,L,P,3,0.0005250262513125656,5714,provided
87,L,S,3,0.0005250262513125656,5714,provided
87,L,W,1,0.00017500875043752187,5714,provided
88,G,R,2,0.00035001750087504374,5714,provided
88,G,E,3,0.0005250262513125656,5714,provided
89,D,N,2,0.00035001750087504374,5714,provided
89,D,G,44,0.0077003850192509625,5714,provided
90,P,L,1,0.00017500875043752187,5714,provided
90,P,S,1,0.00017500875043752187,5714,provided
91,Q,H,2,0.00035001750087504374,5714,provided
91,Q,E,1,0.00017500875043752187,5714,provided
91,Q,R,1,0.00017500875043752187,5714,provided
92,C,S,3,0.0005250262513125656,5714,provided
92,C,R,4,0.0007000350017500875,5714,provided
93,D,G,4,0.0007000350017500875,5714,provided
93,D,N,2,0.00035001750087504374,5714,provided
94,D,G,4,0.0007000350017500875,5714,provided
94,D,N,3,0.0005250262513125656,5714,provided
94,D,A,1,0.00017500875043752187,5714,provided
95,F,L,5,0.0008750437521876093,5714,provided
95,F,S,2,0.00035001750087504374,5714,provided
95,F,I,1,0.00017500875043752187,5714,provided
96,Q,R,2,0.00035001750087504374,5714,provided
97,N,D,2,0.00035001750087504374,5714,provided
97,N,S,3,0.0005250262513125656,5714,provided
97,N,K,1,0.00017500875043752187,5714,provided
97,N,H,1,0.00017500875043752187,5714,provided
98,K,E,5,0.0008750437521876093,5714,provided
98,K,R,3,0.0005250262513125656,5714,provided
98,K,N,1,0.00017500875043752187,5714,provided
98,K,T,1,0.00017500875043752187,5714,provided
99,K,E,5,0.0008750437521876093,5714,provided
99,K,I,1,0.00017500875043752187,5714,provided
99,K,R,1,0.00017500875043752187,5714,provided
100,W,R,2,0.00035001750087504374,5714,provided
101,D,G,5,0.0008750437521876093,5714,provided
101,D,N,1,0.00017500875043752187,5714,provided
102,L,P,3,0.0005250262513125656,5714,provided
102,L,F,2,0.00035001750087504374,5714,provided
103,F,L,4,0.0007000350017500875,5714,provided
103,F,Y,2,0.00035001750087504374,5714,provided
103,F,S,3,0.0005250262513125656,5714,provided
104,V,I,3,0.0005250262513125656,5714,provided
104,V,A,3,0.0005250262513125656,5714,provided
104,V,D,1,0.00017500875043752187,5714,provided
105,E,G,4,0.0007000350017500875,5714,provided
105,E,D,1,0.00017500875043752187,5714,provided
106,R,G,1,0.00017500875043752187,5714,provided
106,R,C,2,0.00035001750087504374,5714,provided
107,S,N,3,0.0005250262513125656,5714,provided
107,S,R,1,0.00017500875043752187,5714,provided
107,S,G,1,0.00017500875043752187,5714,provided
108,K,E,2,0.00035001750087504374,5714,provided
108,K,R,1,0.00017500875043752187,5714,provided
108,K,I,1,0.00017500875043752187,5714,provided
109,A,T,3,0.0005250262513125656,5714,provided
109,A,V,2,0.00035001750087504374,5714,provided
110,Y,H,5,0.0008750437521876093,5714,provided
110,Y,C,3,0.0005250262513125656,5714,provided
111,S,N,4,0.0007000350017500875,5714,provided
111,S,R,1,0.00017500875043752187,5714,provided
111,S,G,3,0.0005250262513125656,5714,provided
112,N,S,4,0.0007000350017500875,5714,provided
112,N,Y,1,0.00017500875043752187,5714,provided
112,N,D,1,0.00017500875043752187,5714,provided
113,C,Y,5,0.0008750437521876093,5714,provided
113,C,R,1,0.00017500875043752187,5714,provided
114,Y,H,3,0.0005250262513125656,5714,provided
114,Y,N,1,0.00017500875043752187,5714,provided
114,Y,C,2,0.00035001750087504374,5714,provided
115,P,L,3,0.0005250262513125656,5714,provided
115,P,S,4,0.0007000350017500875,5714,provided
116,Y,C,2,0.00035001750087504374,5714,provided
116,Y,H,3,0.0005250262513125656,5714,provided
117,D,N,3,0.0005250262513125656,5714,provided
117,D,V,1,0.00017500875043752187,5714,provided
117,D,A,3,0.0005250262513125656,5714,provided
117,D,E,2,0.00035001750087504374,5714,provided
117,D,G,2,0.00035001750087504374,5714,provided
117,D,H,1,0.00017500875043752187,5714,provided
118,V,A,3,0.0005250262513125656,5714,provided
118,V,M,1,0.00017500875043752187,5714,provided
119,P,L,1,0.00017500875043752187,5714,provided
119,P,A,1,0.00017500875043752187,5714,provided
119,P,S,1,0.00017500875043752187,5714,provided
120,D,N,4,0.0007000350017500875,5714,provided
120,D,G,2,0.00035001750087504374,5714,provided
120,D,Y,1,0.00017500875043752187,5714,provided
121,Y,C,9,0.001575078753937697,5714,provided
121,Y,H,9,0.001575078753937697,5714,provided
121,Y,F,1,0.00017500875043752187,5714,provided
121,Y,N,2,0.00035001750087504374,5714,provided
122,A,T,5259,0.9203710185509275,5714,provided
122,A,V,2,0.00035001750087504374,5714,provided
122,A,S,1,0.00017500875043752187,5714,provided
122,A,N,2,0.00035001750087504374,5714,provided
122,A,I,36,0.006300315015750788,5714,provided
122,A,P,1,0.00017500875043752187,5714,provided
123,S,P,3,0.0005250262513125656,5714,provided
123,S,T,1,0.00017500875043752187,5714,provided
123,S,F,3,0.0005250262513125656,5714,provided
124,L,P,5684,0.9947497374868743,5714,provided
124,L,S,9,0.001575078753937697,5714,provided
124,L,A,4,0.0007000350017500875,5714,provided
124,L,T,1,0.00017500875043752187,5714,provided
124,L,R,1,0.00017500875043752187,5714,provided
125,R,G,3,0.0005250262513125656,5714,provided
125,R,M,2,0.00035001750087504374,5714,provided
125,R,K,2,0.00035001750087504374,5714,provided
126,S,P,19,0.003325166258312916,5714,provided
126,S,L,11,0.0019250962548127406,5714,provided
126,S,A,1,0.00017500875043752187,5714,provided
127,L,V,1,0.00017500875043752187,5714,provided
127,L,P,5,0.0008750437521876093,5714,provided
127,L,I,1,0.00017500875043752187,5714,provided
128,V,A,2,0.00035001750087504374,5714,provided
128,V,I,1,0.00017500875043752187,5714,provided
129,A,V,4,0.0007000350017500875,5714,provided
129,A,T,3,0.0005250262513125656,5714,provided
129,A,S,1,0.00017500875043752187,5714,provided
130,S,L,2,0.00035001750087504374,5714,provided
130,S,P,3,0.0005250262513125656,5714,provided
131,S,F,24,0.004200210010500525,5714,provided
131,S,P,13,0.0022751137556877845,5714,provided
131,S,C,3,0.0005250262513125656,5714,provided
131,S,Y,2,0.00035001750087504374,5714,provided
131,S,A,1,0.00017500875043752187,5714,provided
131,S,T,24,0.004200210010500525,5714,provided
132,G,R,1,0.00017500875043752187,5714,provided
132,G,S,5,0.0008750437521876093,5714,provided
132,G,D,7,0.001225061253062653,5714,provided
133,T,A,11,0.0019250962548127406,5714,provided
133,T,R,1,0.00017500875043752187,5714,provided
133,T,S,1,0.00017500875043752187,5714,provided
133,T,K,145,0.025376268813440673,5714,provided
133,T,I,7,0.001225061253062653,5714,provided
134,L,P,5,0.0008750437521876093,5714,provided
135,E,K,5658,0.9901995099754988,5714,provided
135,E,R,42,0.007350367518375919,5714,provided
135,E,M,1,0.00017500875043752187,5714,provided
135,E,N,8,0.001400070003500175,5714,provided
136,F,S,2,0.00035001750087504374,5714,provided
137,N,D,1348,0.23591179558977948,5714,provided
137,N,I,4,0.0007000350017500875,5714,provided
137,N,S,15,0.002625131256562828,5714,provided
137,N,K,2,0.00035001750087504374,5714,provided
137,N,T,1,0.00017500875043752187,5714,provided
137,N,G,7,0.001225061253062653,5714,provided
137,N,E,1,0.00017500875043752187,5714,provided
138,N,S,4,0.0007000350017500875,5714,provided
138,N,D,4,0.0007000350017500875,5714,provided
139,E,G,3,0.0005250262513125656,5714,provided
139,E,K,1,0.00017500875043752187,5714,provided
140,S,G,4,0.0007000350017500875,5714,provided
140,S,N,1,0.00017500875043752187,5714,provided
140,S,T,1,0.00017500875043752187,5714,provided
141,F,V,2,0.00035001750087504374,5714,provided
141,F,L,3,0.0005250262513125656,5714,provided
141,F,S,3,0.0005250262513125656,5714,provided
142,N,D,5633,0.9858242912145607,5714,provided
142,N,E,2,0.00035001750087504374,5714,provided
142,N,G,27,0.004725236261813091,5714,provided
142,N,A,1,0.00017500875043752187,5714,provided
142,N,H,2,0.00035001750087504374,5714,provided
143,W,R,886,0.1550577528876444,5714,provided
143,W,L,2,0.00035001750087504374,5714,provided
143,W,S,5,0.0008750437521876093,5714,provided
144,T,I,1003,0.17553377668883444,5714,provided
144,T,A,6,0.0010500525026251313,5714,provided
144,T,S,2,0.00035001750087504374,5714,provided
144,T,N,1,0.00017500875043752187,5714,provided
144,T,P,1,0.00017500875043752187,5714,provided
144,T,V,41,0.007175358767938397,5714,provided
145,G,R,5688,0.9954497724886244,5714,provided
145,G,K,11,0.0019250962548127406,5714,provided
145,G,S,3,0.0005250262513125656,5714,provided
146,V,A,3221,0.563703185159258,5714,provided
146,V,T,7,0.001225061253062653,5714,provided
146,V,P,1,0.00017500875043752187,5714,provided
146,V,S,1,0.00017500875043752187,5714,provided
146,V,G,1,0.00017500875043752187,5714,provided
146,V,I,3,0.0005250262513125656,5714,provided
146,V,L,1,0.00017500875043752187,5714,provided
147,T,I,1,0.00017500875043752187,5714,provided
147,T,P,1,0.00017500875043752187,5714,provided
148,Q,R,9,0.001575078753937697,5714,provided
148,Q,L,1,0.00017500875043752187,5714,provided
149,N,S,2,0.00035001750087504374,5714,provided
149,N,D,3,0.0005250262513125656,5714,provided
150,G,E,5,0.0008750437521876093,5714,provided
150,G,R,2,0.00035001750087504374,5714,provided
150,G,A,1,0.00017500875043752187,5714,provided
151,T,I,1,0.00017500875043752187,5714,provided
151,T,A,1,0.00017500875043752187,5714,provided
152,S,G,1,0.00017500875043752187,5714,provided
152,S,I,1,0.00017500875043752187,5714,provided
153,S,P,1,0.00017500875043752187,5714,provided
153,S,F,3,0.0005250262513125656,5714,provided
154,A,T,5,0.0008750437521876093,5714,provided
154,A,V,4,0.0007000350017500875,5714,provided
154,A,P,1,0.00017500875043752187,5714,provided
155,C,Y,25,0.004375218760938047,5714,provided
155,C,S,4,0.0007000350017500875,5714,provided
155,C,R,10,0.0017500875043752187,5714,provided
155,C,F,1,0.00017500875043752187,5714,provided
155,C,G,1,0.00017500875043752187,5714,provided
156,I,M,73,0.012775638781939097,5714,provided
156,I,T,14,0.002450122506125306,5714,provided
156,I,V,17,0.002975148757437872,5714,provided
156,I,L,29,0.005075253762688134,5714,provided
156,I,K,1,0.00017500875043752187,5714,provided
157,R,G,49,0.008575428771438572,5714,provided
157,R,K,8,0.001400070003500175,5714,provided
157,R,T,2,0.00035001750087504374,5714,provided
157,R,M,1,0.00017500875043752187,5714,provided
158,R,G,1339,0.23433671683584179,5714,provided
158,R,I,2,0.00035001750087504374,5714,provided
158,R,K,6,0.0010500525026251313,5714,provided
158,R,E,850,0.1487574378718936,5714,provided
158,R,V,3,0.0005250262513125656,5714,provided
158,R,A,2,0.00035001750087504374,5714,provided
158,R,D,1,0.00017500875043752187,5714,provided
159,S,P,48,0.00840042002100105,5714,provided
159,S,F,13,0.0022751137556877845,5714,provided
159,S,T,18,0.003150157507875394,5714,provided
159,S,A,2,0.00035001750087504374,5714,provided
159,S,Y,1,0.00017500875043752187,5714,provided
160,K,E,62,0.010850542527126356,5714,provided
160,K,N,4,0.0007000350017500875,5714,provided
160,K,R,8,0.001400070003500175,5714,provided
161,N,S,4,0.0007000350017500875,5714,provided
161,N,D,5,0.0008750437521876093,5714,provided
161,N,T,1,0.00017500875043752187,5714,provided
161,N,Y,1,0.00017500875043752187,5714,provided
162,S,N,6,0.0010500525026251313,5714,provided
162,S,G,1,0.00017500875043752187,5714,provided
162,S,R,1,0.00017500875043752187,5714,provided
163,F,S,10,0.0017500875043752187,5714,provided
163,F,L,2658,0.46517325866293313,5714,provided
163,F,V,4,0.0007000350017500875,5714,provided
163,F,P,1178,0.20616030801540078,5714,provided
163,F,H,2,0.00035001750087504374,5714,provided
163,F,A,1,0.00017500875043752187,5714,provided
164,F,S,83,0.014525726286314315,5714,provided
164,F,L,57,0.009975498774938746,5714,provided
164,F,C,2,0.00035001750087504374,5714,provided
164,F,Y,7,0.001225061253062653,5714,provided
164,F,I,2,0.00035001750087504374,5714,provided
164,F,V,1,0.00017500875043752187,5714,provided
165,S,N,3,0.0005250262513125656,5714,provided
165,S,G,1,0.00017500875043752187,5714,provided
166,R,K,1,0.00017500875043752187,5714,provided
166,R,G,4,0.0007000350017500875,5714,provided
167,L,S,2,0.00035001750087504374,5714,provided
168,N,D,3,0.0005250262513125656,5714,provided
168,N,I,1,0.00017500875043752187,5714,provided
168,N,T,1,0.00017500875043752187,5714,provided
168,N,Y,1,0.00017500875043752187,5714,provided
169,W,R,1,0.00017500875043752187,5714,provided
169,W,L,1,0.00017500875043752187,5714,provided
169,W,C,1,0.00017500875043752187,5714,provided
171,T,I,4,0.0007000350017500875,5714,provided
171,T,A,2,0.00035001750087504374,5714,provided
172,H,L,48,0.00840042002100105,5714,provided
172,H,Y,2,0.00035001750087504374,5714,provided
172,H,R,2,0.00035001750087504374,5714,provided
172,H,P,3374,0.5904795239761989,5714,provided
172,H,Q,1,0.00017500875043752187,5714,provided
172,H,T,1,0.00017500875043752187,5714,provided
172,H,S,601,0.10518025901295065,5714,provided
172,H,F,1,0.00017500875043752187,5714,provided
172,H,A,3,0.0005250262513125656,5714,provided
173,L,I,1,0.00017500875043752187,5714,provided
173,L,V,1,0.00017500875043752187,5714,provided
173,L,S,12,0.0021001050052502626,5714,provided
173,L,F,3,0.0005250262513125656,5714,provided
174,N,D,21,0.0036751837591879593,5714,provided
174,N,T,1,0.00017500875043752187,5714,provided
174,N,S,13,0.0022751137556877845,5714,provided
174,N,K,2,0.00035001750087504374,5714,provided
174,N,I,1,0.00017500875043752187,5714,provided
174,N,H,1,0.00017500875043752187,5714,provided
175,F,S,2,0.00035001750087504374,5714,provided
175,F,L,2,0.00035001750087504374,5714,provided
176,K,R,3,0.0005250262513125656,5714,provided
176,K,Q,1,0.00017500875043752187,5714,provided
176,K,E,8,0.001400070003500175,5714,provided
176,K,N,1,0.00017500875043752187,5714,provided
177,Y,F,1,0.00017500875043752187,5714,provided
177,Y,C,2,0.00035001750087504374,5714,provided
177,Y,N,2,0.00035001750087504374,5714,provided
177,Y,H,3,0.0005250262513125656,5714,provided
178,P,R,1,0.00017500875043752187,5714,provided
178,P,L,3,0.0005250262513125656,5714,provided
178,P,S,2,0.00035001750087504374,5714,provided
179,A,T,3,0.0005250262513125656,5714,provided
179,A,P,1,0.00017500875043752187,5714,provided
180,L,F,1,0.00017500875043752187,5714,provided
180,L,S,4,0.0007000350017500875,5714,provided
180,L,M,2,0.00035001750087504374,5714,provided
180,L,V,1,0.00017500875043752187,5714,provided
181,N,Y,2,0.00035001750087504374,5714,provided
181,N,H,1,0.00017500875043752187,5714,provided
181,N,D,4,0.0007000350017500875,5714,provided
181,N,S,4,0.0007000350017500875,5714,provided
182,V,L,2,0.00035001750087504374,5714,provided
182,V,A,2,0.00035001750087504374,5714,provided
182,V,G,1,0.00017500875043752187,5714,provided
183,T,I,5,0.0008750437521876093,5714,provided
183,T,A,3,0.0005250262513125656,5714,provided
184,M,V,2,0.00035001750087504374,5714,provided
184,M,T,1,0.00017500875043752187,5714,provided
184,M,L,1,0.00017500875043752187,5714,provided
184,M,I,5,0.0008750437521876093,5714,provided
185,P,S,2,0.00035001750087504374,5714,provided
185,P,L,3,0.0005250262513125656,5714,provided
186,N,D,939,0.16433321666083303,5714,provided
186,N,S,21,0.0036751837591879593,5714,provided
186,N,I,1,0.00017500875043752187,5714,provided
186,N,H,1,0.00017500875043752187,5714,provided
186,N,G,1,0.00017500875043752187,5714,provided
186,N,E,1,0.00017500875043752187,5714,provided
187,N,D,1,0.00017500875043752187,5714,provided
187,N,K,1,0.00017500875043752187,5714,provided
187,N,S,103,0.018025901295064754,5714,provided
187,N,Y,1,0.00017500875043752187,5714,provided
188,E,G,5,0.0008750437521876093,5714,provided
188,E,A,9,0.001575078753937697,5714,provided
188,E,K,3083,0.53955197759888,5714,provided
188,E,Q,1,0.00017500875043752187,5714,provided
188,E,R,18,0.003150157507875394,5714,provided
188,E,I,1,0.00017500875043752187,5714,provided
189,Q,R,9,0.001575078753937697,5714,provided
189,Q,L,2,0.00035001750087504374,5714,provided
189,Q,P,1,0.00017500875043752187,5714,provided
189,Q,E,3,0.0005250262513125656,5714,provided
189,Q,H,1,0.00017500875043752187,5714,provided
190,F,L,133,0.02327616380819041,5714,provided
190,F,S,29,0.005075253762688134,5714,provided
190,F,C,3,0.0005250262513125656,5714,provided
191,D,N,1,0.00017500875043752187,5714,provided
191,D,G,3,0.0005250262513125656,5714,provided
192,K,E,9,0.001575078753937697,5714,provided
192,K,R,251,0.04392719635981799,5714,provided
192,K,N,3,0.0005250262513125656,5714,provided
192,K,I,1,0.00017500875043752187,5714,provided
192,K,T,7,0.001225061253062653,5714,provided
192,K,S,1,0.00017500875043752187,5714,provided
193,L,S,11,0.0019250962548127406,5714,provided
193,L,V,3,0.0005250262513125656,5714,provided
193,L,W,2,0.00035001750087504374,5714,provided
193,L,M,2,0.00035001750087504374,5714,provided
193,L,F,4,0.0007000350017500875,5714,provided
194,Y,H,5,0.0008750437521876093,5714,provided
194,Y,C,2,0.00035001750087504374,5714,provided
195,I,N,1,0.00017500875043752187,5714,provided
195,I,T,1,0.00017500875043752187,5714,provided
195,I,V,2,0.00035001750087504374,5714,provided
195,I,F,1,0.00017500875043752187,5714,provided
196,W,R,2502,0.4378718935946797,5714,provided
196,W,G,2,0.00035001750087504374,5714,provided
196,W,Q,5,0.0008750437521876093,5714,provided
196,W,P,1,0.00017500875043752187,5714,provided
196,W,L,2,0.00035001750087504374,5714,provided
196,W,C,1,0.00017500875043752187,5714,provided
197,G,E,4,0.0007000350017500875,5714,provided
197,G,V,2,0.00035001750087504374,5714,provided
197,G,R,1305,0.22838641932096604,5714,provided
197,G,W,2,0.00035001750087504374,5714,provided
197,G,L,503,0.0880294014700735,5714,provided
197,G,Q,2,0.00035001750087504374,5714,provided
197,G,P,380,0.06650332516625831,5714,provided
197,G,S,2624,0.4592229611480574,5714,provided
198,V,I,5,0.0008750437521876093,5714,provided
198,V,A,2,0.00035001750087504374,5714,provided
199,L,F,1,0.00017500875043752187,5714,provided
199,L,V,1,0.00017500875043752187,5714,provided
199,L,I,1,0.00017500875043752187,5714,provided
199,L,P,2,0.00035001750087504374,5714,provided
199,L,R,1,0.00017500875043752187,5714,provided
200,H,P,1,0.00017500875043752187,5714,provided
200,H,Y,1,0.00017500875043752187,5714,provided
200,H,R,5,0.0008750437521876093,5714,provided
201,P,L,1843,0.3225411270563528,5714,provided
201,P,S,4,0.0007000350017500875,5714,provided
201,P,R,3,0.0005250262513125656,5714,provided
201,P,Q,3,0.0005250262513125656,5714,provided
201,P,A,1,0.00017500875043752187,5714,provided
201,P,T,1,0.00017500875043752187,5714,provided
202,G,V,1,0.00017500875043752187,5714,provided
202,G,D,3,0.0005250262513125656,5714,provided
202,G,S,1,0.00017500875043752187,5714,provided
203,T,S,2,0.00035001750087504374,5714,provided
203,T,M,3,0.0005250262513125656,5714,provided
203,T,P,1,0.00017500875043752187,5714,provided
203,T,A,4,0.0007000350017500875,5714,provided
204,D,G,4,0.0007000350017500875,5714,provided
204,D,E,2,0.00035001750087504374,5714,provided
204,D,V,2,0.00035001750087504374,5714,provided
204,D,A,1,0.00017500875043752187,5714,provided
205,K,E,3,0.0005250262513125656,5714,provided
205,K,R,4,0.0007000350017500875,5714,provided
205,K,T,1,0.00017500875043752187,5714,provided
206,D,A,1,0.00017500875043752187,5714,provided
206,D,V,1,0.00017500875043752187,5714,provided
206,D,E,6,0.0010500525026251313,5714,provided
206,D,N,1,0.00017500875043752187,5714,provided
206,D,G,1,0.00017500875043752187,5714,provided
207,Q,L,3,0.0005250262513125656,5714,provided
207,Q,R,2312,0.4046202310115506,5714,provided
207,Q,K,1,0.00017500875043752187,5714,provided
207,Q,H,11,0.0019250962548127406,5714,provided
207,Q,P,1,0.00017500875043752187,5714,provided
207,Q,G,2,0.00035001750087504374,5714,provided
208,I,T,5,0.0008750437521876093,5714,provided
208,I,V,2,0.00035001750087504374,5714,provided
209,F,L,2,0.00035001750087504374,5714,provided
209,F,S,3,0.0005250262513125656,5714,provided
209,F,V,1,0.00017500875043752187,5714,provided
210,L,Q,1,0.00017500875043752187,5714,provided
210,L,P,5,0.0008750437521876093,5714,provided
211,Y,D,1,0.00017500875043752187,5714,provided
211,Y,H,1,0.00017500875043752187,5714,provided
211,Y,F,1,0.00017500875043752187,5714,provided
211,Y,C,3,0.0005250262513125656,5714,provided
212,A,V,17,0.002975148757437872,5714,provided
212,A,T,1,0.00017500875043752187,5714,provided
213,Q,H,2,0.00035001750087504374,5714,provided
213,Q,R,50,0.008750437521876094,5714,provided
213,Q,E,1,0.00017500875043752187,5714,provided
213,Q,K,2,0.00035001750087504374,5714,provided
213,Q,L,1,0.00017500875043752187,5714,provided
214,A,V,2,0.00035001750087504374,5714,provided
214,A,T,4,0.0007000350017500875,5714,provided
214,A,E,1,0.00017500875043752187,5714,provided
215,S,P,3,0.0005250262513125656,5714,provided
215,S,T,1,0.00017500875043752187,5714,provided
216,G,R,3,0.0005250262513125656,5714,provided
216,G,V,1,0.00017500875043752187,5714,provided
217,R,K,46,0.008050402520126006,5714,provided
217,R,G,10,0.0017500875043752187,5714,provided
217,R,S,2,0.00035001750087504374,5714,provided
217,R,W,2,0.00035001750087504374,5714,provided
217,R,M,1,0.00017500875043752187,5714,provided
218,I,T,2,0.00035001750087504374,5714,provided
218,I,M,1,0.00017500875043752187,5714,provided
218,I,V,3,0.0005250262513125656,5714,provided
219,T,I,3,0.0005250262513125656,5714,provided
219,T,A,2,0.00035001750087504374,5714,provided
220,V,F,1,0.00017500875043752187,5714,provided
220,V,A,1,0.00017500875043752187,5714,provided
220,V,I,2,0.00035001750087504374,5714,provided
220,V,L,1,0.00017500875043752187,5714,provided
221,S,P,5,0.0008750437521876093,5714,provided
221,S,A,1,0.00017500875043752187,5714,provided
222,T,I,3,0.0005250262513125656,5714,provided
223,K,E,5,0.0008750437521876093,5714,provided
223,K,Q,2,0.00035001750087504374,5714,provided
223,K,N,2,0.00035001750087504374,5714,provided
223,K,R,4,0.0007000350017500875,5714,provided
224,R,G,1,0.00017500875043752187,5714,provided
224,R,K,3,0.0005250262513125656,5714,provided
225,S,N,1,0.00017500875043752187,5714,provided
225,S,G,1,0.00017500875043752187,5714,provided
225,S,T,1,0.00017500875043752187,5714,provided
226,Q,R,19,0.003325166258312916,5714,provided
226,Q,H,3,0.0005250262513125656,5714,provided
226,Q,K,2,0.00035001750087504374,5714,provided
226,Q,L,1,0.00017500875043752187,5714,provided
227,Q,K,1,0.00017500875043752187,5714,provided
227,Q,R,27,0.004725236261813091,5714,provided
227,Q,E,1,0.00017500875043752187,5714,provided
228,I,V,3,0.0005250262513125656,5714,provided
228,I,F,1,0.00017500875043752187,5714,provided
229,V,A,2,0.00035001750087504374,5714,provided
229,V,I,2,0.00035001750087504374,5714,provided
230,S,G,3,0.0005250262513125656,5714,provided
230,S,N,2,0.00035001750087504374,5714,provided
230,S,C,1,0.00017500875043752187,5714,provided
230,S,T,1,0.00017500875043752187,5714,provided
231,P,S,1,0.00017500875043752187,5714,provided
231,P,L,9,0.001575078753937697,5714,provided
231,P,R,1,0.00017500875043752187,5714,provided
232,N,D,5,0.0008750437521876093,5714,provided
232,N,I,1,0.00017500875043752187,5714,provided
232,N,S,2,0.00035001750087504374,5714,provided
233,I,T,4,0.0007000350017500875,5714,provided
233,I,V,4,0.0007000350017500875,5714,provided
233,I,S,1,0.00017500875043752187,5714,provided
234,G,E,4,0.0007000350017500875,5714,provided
234,G,A,1,0.00017500875043752187,5714,provided
235,S,P,2,0.00035001750087504374,5714,provided
235,S,Y,1,0.00017500875043752187,5714,provided
235,S,F,1,0.00017500875043752187,5714,provided
236,R,K,3,0.0005250262513125656,5714,provided
236,R,S,2,0.00035001750087504374,5714,provided
236,R,G,4,0.0007000350017500875,5714,provided
236,R,T,1,0.00017500875043752187,5714,provided
237,P,L,5,0.0008750437521876093,5714,provided
237,P,S,5,0.0008750437521876093,5714,provided
238,R,K,3,0.0005250262513125656,5714,provided
238,R,G,2,0.00035001750087504374,5714,provided
239,V,G,1,0.00017500875043752187,5714,provided
239,V,A,5,0.0008750437521876093,5714,provided
240,R,K,1,0.00017500875043752187,5714,provided
241,N,T,2,0.00035001750087504374,5714,provided
241,N,S,2,0.00035001750087504374,5714,provided
241,N,D,3,0.0005250262513125656,5714,provided
242,I,M,2,0.00035001750087504374,5714,provided
242,I,V,9,0.001575078753937697,5714,provided
242,I,T,1670,0.29226461323066155,5714,provided
242,I,F,1,0.00017500875043752187,5714,provided
242,I,L,1,0.00017500875043752187,5714,provided
242,I,A,4,0.0007000350017500875,5714,provided
242,I,S,2,0.00035001750087504374,5714,provided
243,P,A,1,0.00017500875043752187,5714,provided
243,P,L,2,0.00035001750087504374,5714,provided
243,P,S,1,0.00017500875043752187,5714,provided
244,S,G,3,0.0005250262513125656,5714,provided
244,S,N,424,0.07420371018550928,5714,provided
244,S,K,4587,0.8027651382569129,5714,provided
244,S,M,5,0.0008750437521876093,5714,provided
244,S,E,12,0.0021001050052502626,5714,provided
244,S,Q,3,0.0005250262513125656,5714,provided
244,S,T,1,0.00017500875043752187,5714,provided
244,S,R,5,0.0008750437521876093,5714,provided
245,R,K,1,0.00017500875043752187,5714,provided
245,R,S,1,0.00017500875043752187,5714,provided
245,R,G,1,0.00017500875043752187,5714,provided
246,I,V,2,0.00035001750087504374,5714,provided
246,I,M,6,0.0010500525026251313,5714,provided
246,I,T,1,0.00017500875043752187,5714,provided
247,S,N,5,0.0008750437521876093,5714,provided
247,S,G,3,0.0005250262513125656,5714,provided
247,S,R,1,0.00017500875043752187,5714,provided
247,S,I,1,0.00017500875043752187,5714,provided
248,I,M,458,0.08015400770038501,5714,provided
248,I,L,2,0.00035001750087504374,5714,provided
248,I,V,8,0.001400070003500175,5714,provided
248,I,T,17,0.002975148757437872,5714,provided
248,I,R,1,0.00017500875043752187,5714,provided
249,Y,H,3,0.0005250262513125656,5714,provided
250,W,R,3,0.0005250262513125656,5714,provided
250,W,L,2,0.00035001750087504374,5714,provided
250,W,C,1,0.00017500875043752187,5714,provided
251,T,I,1,0.00017500875043752187,5714,provided
251,T,A,2,0.00035001750087504374,5714,provided
252,I,T,6,0.0010500525026251313,5714,provided
252,I,M,1,0.00017500875043752187,5714,provided
252,I,V,1,0.00017500875043752187,5714,provided
253,V,A,3,0.0005250262513125656,5714,provided
253,V,I,2,0.00035001750087504374,5714,provided
254,K,R,3,0.0005250262513125656,5714,provided
254,K,E,1,0.00017500875043752187,5714,provided
254,K,T,1,0.00017500875043752187,5714,provided
255,P,L,1,0.00017500875043752187,5714,provided
255,P,S,1,0.00017500875043752187,5714,provided
255,P,Q,1,0.00017500875043752187,5714,provided
256,G,A,1,0.00017500875043752187,5714,provided
256,G,E,3,0.0005250262513125656,5714,provided
257,D,N,4,0.0007000350017500875,5714,provided
257,D,G,6,0.0010500525026251313,5714,provided
257,D,Y,1,0.00017500875043752187,5714,provided
258,I,V,2,0.00035001750087504374,5714,provided
259,L,F,3,0.0005250262513125656,5714,provided
259,L,P,3,0.0005250262513125656,5714,provided
259,L,R,1,0.00017500875043752187,5714,provided
259,L,H,1,0.00017500875043752187,5714,provided
260,L,S,3,0.0005250262513125656,5714,provided
261,I,M,2,0.00035001750087504374,5714,provided
261,I,T,2,0.00035001750087504374,5714,provided
261,I,V,2,0.00035001750087504374,5714,provided
262,N,H,1,0.00017500875043752187,5714,provided
262,N,S,1,0.00017500875043752187,5714,provided
262,N,Y,1,0.00017500875043752187,5714,provided
262,N,D,1,0.00017500875043752187,5714,provided
263,S,G,2,0.00035001750087504374,5714,provided
263,S,C,1,0.00017500875043752187,5714,provided
263,S,N,2,0.00035001750087504374,5714,provided
264,T,A,1,0.00017500875043752187,5714,provided
264,T,I,6,0.0010500525026251313,5714,provided
265,G,E,2,0.00035001750087504374,5714,provided
265,G,R,2,0.00035001750087504374,5714,provided
265,G,A,1,0.00017500875043752187,5714,provided
266,N,Y,2,0.00035001750087504374,5714,provided
266,N,D,3,0.0005250262513125656,5714,provided
266,N,I,1,0.00017500875043752187,5714,provided
266,N,S,1,0.00017500875043752187,5714,provided
266,N,K,1,0.00017500875043752187,5714,provided
267,L,R,1,0.00017500875043752187,5714,provided
267,L,Q,1,0.00017500875043752187,5714,provided
268,I,M,2,0.00035001750087504374,5714,provided
268,I,F,1,0.00017500875043752187,5714,provided
268,I,T,1,0.00017500875043752187,5714,provided
268,I,V,1,0.00017500875043752187,5714,provided
269,A,T,5,0.0008750437521876093,5714,provided
270,P,L,3,0.0005250262513125656,5714,provided
270,P,S,1,0.00017500875043752187,5714,provided
271,R,S,3,0.0005250262513125656,5714,provided
271,R,W,1,0.00017500875043752187,5714,provided
271,R,K,1,0.00017500875043752187,5714,provided
271,R,G,2,0.00035001750087504374,5714,provided
272,G,S,4,0.0007000350017500875,5714,provided
272,G,D,3,0.0005250262513125656,5714,provided
273,Y,H,5,0.0008750437521876093,5714,provided
273,Y,C,3,0.0005250262513125656,5714,provided
273,Y,S,3,0.0005250262513125656,5714,provided
273,Y,N,1,0.00017500875043752187,5714,provided
274,F,L,5,0.0008750437521876093,5714,provided
274,F,Y,2,0.00035001750087504374,5714,provided
274,F,S,1,0.00017500875043752187,5714,provided
275,K,R,1667,0.291739586979349,5714,provided
275,K,T,2,0.00035001750087504374,5714,provided
275,K,E,3,0.0005250262513125656,5714,provided
275,K,N,1,0.00017500875043752187,5714,provided
275,K,I,1,0.00017500875043752187,5714,provided
276,I,M,404,0.07070353517675884,5714,provided
276,I,T,20,0.0035001750087504373,5714,provided
276,I,V,390,0.06825341267063353,5714,provided
276,I,L,2,0.00035001750087504374,5714,provided
276,I,A,1,0.00017500875043752187,5714,provided
276,I,R,1,0.00017500875043752187,5714,provided
276,I,K,1,0.00017500875043752187,5714,provided
277,R,P,1,0.00017500875043752187,5714,provided
278,S,G,12,0.0021001050052502626,5714,provided
278,S,R,8,0.001400070003500175,5714,provided
278,S,N,12,0.0021001050052502626,5714,provided
278,S,T,2,0.00035001750087504374,5714,provided
278,S,C,4,0.0007000350017500875,5714,provided
279,G,E,2,0.00035001750087504374,5714,provided
280,K,R,1,0.00017500875043752187,5714,provided
280,K,E,2,0.00035001750087504374,5714,provided
281,S,N,2,0.00035001750087504374,5714,provided
281,S,G,6,0.0010500525026251313,5714,provided
281,S,R,1,0.00017500875043752187,5714,provided
282,S,L,1,0.00017500875043752187,5714,provided
282,S,P,2,0.00035001750087504374,5714,provided
283,I,V,3,0.0005250262513125656,5714,provided
283,I,T,2,0.00035001750087504374,5714,provided
283,I,L,1,0.00017500875043752187,5714,provided
283,I,M,1,0.00017500875043752187,5714,provided
284,M,I,4,0.0007000350017500875,5714,provided
284,M,L,1,0.00017500875043752187,5714,provided
284,M,T,3,0.0005250262513125656,5714,provided
284,M,V,1,0.00017500875043752187,5714,provided
285,R,T,2,0.00035001750087504374,5714,provided
285,R,K,3,0.0005250262513125656,5714,provided
285,R,G,3,0.0005250262513125656,5714,provided
286,S,P,2,0.00035001750087504374,5714,provided
287,D,N,2,0.00035001750087504374,5714,provided
287,D,A,1,0.00017500875043752187,5714,provided
287,D,E,1,0.00017500875043752187,5714,provided
287,D,G,2,0.00035001750087504374,5714,provided
288,A,T,2,0.00035001750087504374,5714,provided
288,A,V,3,0.0005250262513125656,5714,provided
289,P,S,2,0.00035001750087504374,5714,provided
289,P,L,2,0.00035001750087504374,5714,provided
290,I,V,3,0.0005250262513125656,5714,provided
290,I,T,4,0.0007000350017500875,5714,provided
290,I,S,1,0.00017500875043752187,5714,provided
291,G,S,4,0.0007000350017500875,5714,provided
291,G,V,1,0.00017500875043752187,5714,provided
292,K,E,5,0.0008750437521876093,5714,provided
292,K,R,2,0.00035001750087504374,5714,provided
293,C,Y,2,0.00035001750087504374,5714,provided
293,C,R,2,0.00035001750087504374,5714,provided
293,C,F,1,0.00017500875043752187,5714,provided
294,N,D,2,0.00035001750087504374,5714,provided
294,N,S,5,0.0008750437521876093,5714,provided
294,N,Y,1,0.00017500875043752187,5714,provided
294,N,I,1,0.00017500875043752187,5714,provided
295,S,P,3,0.0005250262513125656,5714,provided
296,E,G,3,0.0005250262513125656,5714,provided
296,E,K,2,0.00035001750087504374,5714,provided
297,C,Y,9,0.001575078753937697,5714,provided
297,C,R,1,0.00017500875043752187,5714,provided
298,I,T,1,0.00017500875043752187,5714,provided
298,I,V,4,0.0007000350017500875,5714,provided
298,I,M,1,0.00017500875043752187,5714,provided
299,T,A,1848,0.3234161708085404,5714,provided
299,T,N,2,0.00035001750087504374,5714,provided
299,T,I,9,0.001575078753937697,5714,provided
299,T,P,1,0.00017500875043752187,5714,provided
299,T,V,2,0.00035001750087504374,5714,provided
299,T,S,4,0.0007000350017500875,5714,provided
300,P,S,2,0.00035001750087504374,5714,provided
300,P,A,2,0.00035001750087504374,5714,provided
300,P,L,1,0.00017500875043752187,5714,provided
301,N,S,6,0.0010500525026251313,5714,provided
301,N,T,1,0.00017500875043752187,5714,provided
301,N,D,1,0.00017500875043752187,5714,provided
302,G,R,3,0.0005250262513125656,5714,provided
303,S,G,3,0.0005250262513125656,5714,provided
303,S,C,1,0.00017500875043752187,5714,provided
303,S,N,2,0.00035001750087504374,5714,provided
303,S,R,1,0.00017500875043752187,5714,provided
304,I,V,1,0.00017500875043752187,5714,provided
304,I,T,2,0.00035001750087504374,5714,provided
305,P,L,4,0.0007000350017500875,5714,provided
305,P,S,1,0.00017500875043752187,5714,provided
305,P,R,1,0.00017500875043752187,5714,provided
306,N,D,1,0.00017500875043752187,5714,provided
306,N,S,2,0.00035001750087504374,5714,provided
306,N,I,1,0.00017500875043752187,5714,provided
307,D,N,5184,0.9072453622681134,5714,provided
307,D,G,3,0.0005250262513125656,5714,provided
307,D,V,1,0.00017500875043752187,5714,provided
307,D,Y,1,0.00017500875043752187,5714,provided
307,D,I,1,0.00017500875043752187,5714,provided
307,D,K,1,0.00017500875043752187,5714,provided
307,D,S,7,0.001225061253062653,5714,provided
308,K,E,2,0.00035001750087504374,5714,provided
308,K,Q,1,0.00017500875043752187,5714,provided
308,K,I,1,0.00017500875043752187,5714,provided
308,K,R,1,0.00017500875043752187,5714,provided
309,P,S,3,0.0005250262513125656,5714,provided
309,P,L,2,0.00035001750087504374,5714,provided
309,P,R,1,0.00017500875043752187,5714,provided
310,F,L,2,0.00035001750087504374,5714,provided
310,F,I,2,0.00035001750087504374,5714,provided
311,Q,R,1,0.00017500875043752187,5714,provided
311,Q,P,2258,0.3951697584879244,5714,provided
311,Q,S,1,0.00017500875043752187,5714,provided
312,N,S,6,0.0010500525026251313,5714,provided
312,N,Y,2,0.00035001750087504374,5714,provided
312,N,D,1,0.00017500875043752187,5714,provided
313,V,L,1,0.00017500875043752187,5714,provided
313,V,A,1,0.00017500875043752187,5714,provided
313,V,I,1,0.00017500875043752187,5714,provided
314,N,S,4,0.0007000350017500875,5714,provided
314,N,K,5,0.0008750437521876093,5714,provided
315,R,G,2,0.00035001750087504374,5714,provided
315,R,S,3,0.0005250262513125656,5714,provided
315,R,W,1,0.00017500875043752187,5714,provided
315,R,M,1,0.00017500875043752187,5714,provided
315,R,K,1,0.00017500875043752187,5714,provided
316,I,T,3,0.0005250262513125656,5714,provided
316,I,V,2,0.00035001750087504374,5714,provided
316,I,N,1,0.00017500875043752187,5714,provided
317,T,A,1,0.00017500875043752187,5714,provided
317,T,I,1,0.00017500875043752187,5714,provided
317,T,S,2,0.00035001750087504374,5714,provided
317,T,R,1,0.00017500875043752187,5714,provided
318,Y,C,2,0.00035001750087504374,5714,provided
318,Y,H,4,0.0007000350017500875,5714,provided
318,Y,S,1,0.00017500875043752187,5714,provided
319,G,R,1,0.00017500875043752187,5714,provided
319,G,A,1,0.00017500875043752187,5714,provided
319,G,E,1,0.00017500875043752187,5714,provided
320,A,V,2,0.00035001750087504374,5714,provided
321,C,R,3,0.0005250262513125656,5714,provided
321,C,Y,2,0.00035001750087504374,5714,provided
322,P,L,3,0.0005250262513125656,5714,provided
322,P,T,1,0.00017500875043752187,5714,provided
322,P,S,2,0.00035001750087504374,5714,provided
323,R,K,4,0.0007000350017500875,5714,provided
323,R,G,3,0.0005250262513125656,5714,provided
324,Y,S,2,0.00035001750087504374,5714,provided
324,Y,C,1,0.00017500875043752187,5714,provided
324,Y,H,1,0.00017500875043752187,5714,provided
325,V,I,2,0.00035001750087504374,5714,provided
325,V,F,1,0.00017500875043752187,5714,provided
326,K,N,3,0.0005250262513125656,5714,provided
326,K,R,2,0.00035001750087504374,5714,provided
326,K,E,2,0.00035001750087504374,5714,provided
327,Q,H,3,0.0005250262513125656,5714,provided
327,Q,L,1,0.00017500875043752187,5714,provided
327,Q,R,2,0.00035001750087504374,5714,provided
328,N,S,1,0.00017500875043752187,5714,provided
328,N,D,2,0.00035001750087504374,5714,provided
329,T,A,4,0.0007000350017500875,5714,provided
329,T,I,2,0.00035001750087504374,5714,provided
330,L,V,1,0.00017500875043752187,5714,provided
330,L,P,2,0.00035001750087504374,5714,provided
331,K,R,5,0.0008750437521876093,5714,provided
331,K,E,2,0.00035001750087504374,5714,provided
331,K,Q,1,0.00017500875043752187,5714,provided
331,K,N,1,0.00017500875043752187,5714,provided
332,L,S,2,0.00035001750087504374,5714,provided
333,A,E,1,0.00017500875043752187,5714,provided
333,A,T,3,0.0005250262513125656,5714,provided
333,A,V,2,0.00035001750087504374,5714,provided
334,T,K,1,0.00017500875043752187,5714,provided
334,T,A,1,0.00017500875043752187,5714,provided
334,T,S,1,0.00017500875043752187,5714,provided
334,T,I,1,0.00017500875043752187,5714,provided
335,G,E,4,0.0007000350017500875,5714,provided
335,G,R,2,0.00035001750087504374,5714,provided
336,M,T,1,0.00017500875043752187,5714,provided
336,M,R,1,0.00017500875043752187,5714,provided
336,M,I,4,0.0007000350017500875,5714,provided
336,M,V,8,0.001400070003500175,5714,provided
337,R,Q,5,0.0008750437521876093,5714,provided
338,N,S,6,0.0010500525026251313,5714,provided
338,N,K,1,0.00017500875043752187,5714,provided
339,V,I,1,0.00017500875043752187,5714,provided
340,P,S,5,0.0008750437521876093,5714,provided
340,P,L,1,0.00017500875043752187,5714,provided
340,P,A,1,0.00017500875043752187,5714,provided
341,E,G,2,0.00035001750087504374,5714,provided
341,E,A,1,0.00017500875043752187,5714,provided
342,K,R,1,0.00017500875043752187,5714,provided
342,K,E,4,0.0007000350017500875,5714,provided
343,Q,E,2,0.00035001750087504374,5714,provided
343,Q,H,3,0.0005250262513125656,5714,provided
343,Q,R,2,0.00035001750087504374,5714,provided
345,R,I,1,0.00017500875043752187,5714,provided
345,R,G,4,0.0007000350017500875,5714,provided
346,G,D,2,0.00035001750087504374,5714,provided
346,G,S,1,0.00017500875043752187,5714,provided
347,I,T,4,0.0007000350017500875,5714,provided
347,I,M,2,0.00035001750087504374,5714,provided
348,F,L,5,0.0008750437521876093,5714,provided
349,G,S,4,0.0007000350017500875,5714,provided
349,G,D,3,0.0005250262513125656,5714,provided
350,A,V,1,0.00017500875043752187,5714,provided
351,I,V,3,0.0005250262513125656,5714,provided
351,I,T,3,0.0005250262513125656,5714,provided
352,A,V,12,0.0021001050052502626,5714,provided
352,A,T,2,0.00035001750087504374,5714,provided
353,G,S,1,0.00017500875043752187,5714,provided
353,G,D,5,0.0008750437521876093,5714,provided
354,F,S,2,0.00035001750087504374,5714,provided
354,F,L,5,0.0008750437521876093,5714,provided
355,I,T,2,0.00035001750087504374,5714,provided
355,I,M,3,0.0005250262513125656,5714,provided
355,I,V,3,0.0005250262513125656,5714,provided
356,E,K,3,0.0005250262513125656,5714,provided
356,E,G,3,0.0005250262513125656,5714,provided
357,N,S,2,0.00035001750087504374,5714,provided
357,N,D,5,0.0008750437521876093,5714,provided
357,N,H,1,0.00017500875043752187,5714,provided
358,G,D,3,0.0005250262513125656,5714,provided
358,G,V,1,0.00017500875043752187,5714,provided
358,G,S,1,0.00017500875043752187,5714,provided
359,W,R,1,0.00017500875043752187,5714,provided
360,E,K,3,0.0005250262513125656,5714,provided
360,E,G,5,0.0008750437521876093,5714,provided
361,G,R,2,0.00035001750087504374,5714,provided
362,M,V,3,0.0005250262513125656,5714,provided
362,M,L,1,0.00017500875043752187,5714,provided
362,M,T,2,0.00035001750087504374,5714,provided
362,M,I,3,0.0005250262513125656,5714,provided
363,V,A,2,0.00035001750087504374,5714,provided
363,V,E,1,0.00017500875043752187,5714,provided
363,V,M,1,0.00017500875043752187,5714,provided
364,D,G,3,0.0005250262513125656,5714,provided
364,D,N,4,0.0007000350017500875,5714,provided
364,D,A,1,0.00017500875043752187,5714,provided
365,G,S,2,0.00035001750087504374,5714,provided
365,G,D,4,0.0007000350017500875,5714,provided
365,G,R,1,0.00017500875043752187,5714,provided
366,W,C,1,0.00017500875043752187,5714,provided
366,W,R,4,0.0007000350017500875,5714,provided
366,W,S,1,0.00017500875043752187,5714,provided
367,Y,H,3,0.0005250262513125656,5714,provided
367,Y,C,3,0.0005250262513125656,5714,provided
368,G,S,3,0.0005250262513125656,5714,provided
368,G,D,3,0.0005250262513125656,5714,provided
368,G,V,1,0.00017500875043752187,5714,provided
369,F,L,2,0.00035001750087504374,5714,provided
369,F,S,5,0.0008750437521876093,5714,provided
370,R,S,1,0.00017500875043752187,5714,provided
370,R,G,3,0.0005250262513125656,5714,provided
370,R,W,1,0.00017500875043752187,5714,provided
371,H,Q,2,0.00035001750087504374,5714,provided
371,H,Y,2,0.00035001750087504374,5714,provided
371,H,R,3,0.0005250262513125656,5714,provided
372,Q,R,4,0.0007000350017500875,5714,provided
372,Q,K,1,0.00017500875043752187,5714,provided
372,Q,H,1,0.00017500875043752187,5714,provided
373,N,D,4,0.0007000350017500875,5714,provided
373,N,I,1,0.00017500875043752187,5714,provided
373,N,S,1,0.00017500875043752187,5714,provided
374,S,C,1,0.00017500875043752187,5714,provided
374,S,P,1,0.00017500875043752187,5714,provided
374,S,F,2,0.00035001750087504374,5714,provided
375,E,G,3,0.0005250262513125656,5714,provided
376,G,E,3,0.0005250262513125656,5714,provided
376,G,R,4,0.0007000350017500875,5714,provided
376,G,V,1,0.00017500875043752187,5714,provided
377,R,I,2,0.00035001750087504374,5714,provided
377,R,K,2,0.00035001750087504374,5714,provided
377,R,G,2,0.00035001750087504374,5714,provided
377,R,S,1,0.00017500875043752187,5714,provided
378,G,R,7,0.001225061253062653,5714,provided
378,G,E,2,0.00035001750087504374,5714,provided
378,G,V,1,0.00017500875043752187,5714,provided
378,G,A,1,0.00017500875043752187,5714,provided
379,Q,R,3,0.0005250262513125656,5714,provided
379,Q,H,1,0.00017500875043752187,5714,provided
380,A,T,3,0.0005250262513125656,5714,provided
380,A,V,4,0.0007000350017500875,5714,provided
381,A,T,1,0.00017500875043752187,5714,provided
381,A,S,1,0.00017500875043752187,5714,provided
381,A,V,3,0.0005250262513125656,5714,provided
381,A,G,1,0.00017500875043752187,5714,provided
382,D,Y,1,0.00017500875043752187,5714,provided
382,D,N,4,0.0007000350017500875,5714,provided
382,D,G,1,0.00017500875043752187,5714,provided
383,L,P,2,0.00035001750087504374,5714,provided
383,L,F,3,0.0005250262513125656,5714,provided
384,K,E,2,0.00035001750087504374,5714,provided
384,K,R,1,0.00017500875043752187,5714,provided
385,S,C,1,0.00017500875043752187,5714,provided
385,S,G,1,0.00017500875043752187,5714,provided
385,S,N,1,0.00017500875043752187,5714,provided
386,T,A,2,0.00035001750087504374,5714,provided
386,T,N,1,0.00017500875043752187,5714,provided
386,T,I,2,0.00035001750087504374,5714,provided
387,Q,R,5,0.0008750437521876093,5714,provided
387,Q,P,1,0.00017500875043752187,5714,provided
388,A,V,3,0.0005250262513125656,5714,provided
389,A,E,2,0.00035001750087504374,5714,provided
389,A,V,5,0.0008750437521876093,5714,provided
389,A,P,2,0.00035001750087504374,5714,provided
389,A,T,1,0.00017500875043752187,5714,provided
390,I,T,2,0.00035001750087504374,5714,provided
390,I,V,2,0.00035001750087504374,5714,provided
391,D,N,1,0.00017500875043752187,5714,provided
391,D,G,1,0.00017500875043752187,5714,provided
391,D,V,1,0.00017500875043752187,5714,provided
392,Q,R,2,0.00035001750087504374,5714,provided
392,Q,H,2,0.00035001750087504374,5714,provided
392,Q,E,1,0.00017500875043752187,5714,provided
393,I,T,2,0.00035001750087504374,5714,provided
394,N,S,1,0.00017500875043752187,5714,provided
394,N,D,5,0.0008750437521876093,5714,provided
395,G,R,3,0.0005250262513125656,5714,provided
395,G,E,2,0.00035001750087504374,5714,provided
396,K,R,2,0.00035001750087504374,5714,provided
396,K,E,3,0.0005250262513125656,5714,provided
396,K,M,1,0.00017500875043752187,5714,provided
397,L,Q,1,0.00017500875043752187,5714,provided
397,L,P,2,0.00035001750087504374,5714,provided
398,N,S,5,0.0008750437521876093,5714,provided
398,N,D,2,0.00035001750087504374,5714,provided
398,N,H,1,0.00017500875043752187,5714,provided
399,R,K,3,0.0005250262513125656,5714,provided
399,R,G,2,0.00035001750087504374,5714,provided
400,L,S,4,0.0007000350017500875,5714,provided
400,L,F,1,0.00017500875043752187,5714,provided
401,I,T,3,0.0005250262513125656,5714,provided
401,I,M,1,0.00017500875043752187,5714,provided
401,I,N,1,0.00017500875043752187,5714,provided
401,I,S,1,0.00017500875043752187,5714,provided
402,G,R,2,0.00035001750087504374,5714,provided
402,G,A,1,0.00017500875043752187,5714,provided
402,G,V,1,0.00017500875043752187,5714,provided
402,G,E,2,0.00035001750087504374,5714,provided
403,K,E,2,0.00035001750087504374,5714,provided
403,K,R,2,0.00035001750087504374,5714,provided
404,T,I,5,0.0008750437521876093,5714,provided
404,T,A,1,0.00017500875043752187,5714,provided
404,T,S,1,0.00017500875043752187,5714,provided
405,N,S,3,0.0005250262513125656,5714,provided
405,N,D,1,0.00017500875043752187,5714,provided
406,E,K,2,0.00035001750087504374,5714,provided
406,E,G,4,0.0007000350017500875,5714,provided
406,E,V,1,0.00017500875043752187,5714,provided
407,K,E,4,0.0007000350017500875,5714,provided
407,K,I,2,0.00035001750087504374,5714,provided
407,K,R,2,0.00035001750087504374,5714,provided
408,F,L,5,0.0008750437521876093,5714,provided
408,F,V,1,0.00017500875043752187,5714,provided
408,F,S,2,0.00035001750087504374,5714,provided
409,H,Q,1,0.00017500875043752187,5714,provided
409,H,R,3,0.0005250262513125656,5714,provided
409,H,Y,3,0.0005250262513125656,5714,provided
410,Q,H,2,0.00035001750087504374,5714,provided
410,Q,R,2,0.00035001750087504374,5714,provided
411,I,T,3,0.0005250262513125656,5714,provided
411,I,V,3,0.0005250262513125656,5714,provided
411,I,S,2,0.00035001750087504374,5714,provided
411,I,F,1,0.00017500875043752187,5714,provided
412,E,K,3,0.0005250262513125656,5714,provided
412,E,V,1,0.00017500875043752187,5714,provided
412,E,Q,1,0.00017500875043752187,5714,provided
413,K,R,2,0.00035001750087504374,5714,provided
413,K,E,1,0.00017500875043752187,5714,provided
413,K,Q,1,0.00017500875043752187,5714,provided
414,E,K,3,0.0005250262513125656,5714,provided
414,E,G,3,0.0005250262513125656,5714,provided
414,E,D,1,0.00017500875043752187,5714,provided
415,F,L,1,0.00017500875043752187,5714,provided
415,F,S,2,0.00035001750087504374,5714,provided
415,F,I,1017,0.17798389919495974,5714,provided
415,F,V,1,0.00017500875043752187,5714,provided
416,S,A,1,0.00017500875043752187,5714,provided
416,S,P,1,0.00017500875043752187,5714,provided
416,S,L,3,0.0005250262513125656,5714,provided
417,E,G,3,0.0005250262513125656,5714,provided
417,E,A,1,0.00017500875043752187,5714,provided
417,E,K,2,0.00035001750087504374,5714,provided
417,E,V,1,0.00017500875043752187,5714,provided
417,E,D,1,0.00017500875043752187,5714,provided
417,E,Q,1,0.00017500875043752187,5714,provided
418,V,A,4,0.0007000350017500875,5714,provided
418,V,L,2,0.00035001750087504374,5714,provided
418,V,I,3,0.0005250262513125656,5714,provided
419,E,V,2,0.00035001750087504374,5714,provided
419,E,K,4,0.0007000350017500875,5714,provided
419,E,G,3,0.0005250262513125656,5714,provided
420,G,E,5707,0.9987749387469373,5714,provided
420,G,K,3,0.0005250262513125656,5714,provided
420,G,D,1,0.00017500875043752187,5714,provided
421,R,K,3,0.0005250262513125656,5714,provided
421,R,S,1,0.00017500875043752187,5714,provided
421,R,G,2,0.00035001750087504374,5714,provided
422,I,T,2,0.00035001750087504374,5714,provided
422,I,V,2,0.00035001750087504374,5714,provided
422,I,M,1,0.00017500875043752187,5714,provided
422,I,N,1,0.00017500875043752187,5714,provided
423,Q,R,4,0.0007000350017500875,5714,provided
423,Q,P,1,0.00017500875043752187,5714,provided
424,D,N,6,0.0010500525026251313,5714,provided
424,D,G,2,0.00035001750087504374,5714,provided
424,D,E,1,0.00017500875043752187,5714,provided
425,L,F,2,0.00035001750087504374,5714,provided
425,L,P,2,0.00035001750087504374,5714,provided
426,E,G,1,0.00017500875043752187,5714,provided
426,E,K,3,0.0005250262513125656,5714,provided
427,K,Q,1,0.00017500875043752187,5714,provided
427,K,E,3,0.0005250262513125656,5714,provided
427,K,R,1,0.00017500875043752187,5714,provided
428,Y,C,4,0.0007000350017500875,5714,provided
428,Y,H,4,0.0007000350017500875,5714,provided
428,Y,N,1,0.00017500875043752187,5714,provided
429,V,G,1,0.00017500875043752187,5714,provided
429,V,I,2,0.00035001750087504374,5714,provided
429,V,A,3,0.0005250262513125656,5714,provided
430,E,K,2,0.00035001750087504374,5714,provided
430,E,G,1,0.00017500875043752187,5714,provided
431,D,G,6,0.0010500525026251313,5714,provided
431,D,N,3,0.0005250262513125656,5714,provided
431,D,E,1,0.00017500875043752187,5714,provided
431,D,V,1,0.00017500875043752187,5714,provided
431,D,A,1,0.00017500875043752187,5714,provided
432,T,A,5,0.0008750437521876093,5714,provided
432,T,I,6,0.0010500525026251313,5714,provided
432,T,N,1,0.00017500875043752187,5714,provided
432,T,S,1,0.00017500875043752187,5714,provided
433,K,E,3,0.0005250262513125656,5714,provided
433,K,I,1,0.00017500875043752187,5714,provided
433,K,R,4,0.0007000350017500875,5714,provided
434,I,V,5,0.0008750437521876093,5714,provided
434,I,M,4,0.0007000350017500875,5714,provided
435,D,G,3,0.0005250262513125656,5714,provided
435,D,N,2,0.00035001750087504374,5714,provided
435,D,Y,1,0.00017500875043752187,5714,provided
435,D,E,1,0.00017500875043752187,5714,provided
436,L,P,2,0.00035001750087504374,5714,provided
437,W,G,1,0.00017500875043752187,5714,provided
437,W,C,1,0.00017500875043752187,5714,provided
438,S,P,1,0.00017500875043752187,5714,provided
438,S,A,1,0.00017500875043752187,5714,provided
439,Y,C,4,0.0007000350017500875,5714,provided
439,Y,H,3,0.0005250262513125656,5714,provided
439,Y,F,2,0.00035001750087504374,5714,provided
440,N,D,6,0.0010500525026251313,5714,provided
440,N,S,2,0.00035001750087504374,5714,provided
440,N,K,4,0.0007000350017500875,5714,provided
441,A,T,3,0.0005250262513125656,5714,provided
441,A,V,5,0.0008750437521876093,5714,provided
442,E,K,5711,0.9994749737486874,5714,provided
443,L,P,3,0.0005250262513125656,5714,provided
443,L,F,1,0.00017500875043752187,5714,provided
444,L,F,9,0.001575078753937697,5714,provided
444,L,R,1,0.00017500875043752187,5714,provided
444,L,P,2,0.00035001750087504374,5714,provided
444,L,H,1,0.00017500875043752187,5714,provided
445,V,A,5,0.0008750437521876093,5714,provided
445,V,I,1,0.00017500875043752187,5714,provided
446,A,T,3,0.0005250262513125656,5714,provided
446,A,V,5,0.0008750437521876093,5714,provided
447,L,P,3,0.0005250262513125656,5714,provided
447,L,Q,1,0.00017500875043752187,5714,provided
448,E,K,4,0.0007000350017500875,5714,provided
448,E,G,2,0.00035001750087504374,5714,provided
449,N,D,2,0.00035001750087504374,5714,provided
449,N,I,2,0.00035001750087504374,5714,provided
449,N,S,1,0.00017500875043752187,5714,provided
450,Q,R,2,0.00035001750087504374,5714,provided
450,Q,P,1,0.00017500875043752187,5714,provided
450,Q,H,2,0.00035001750087504374,5714,provided
450,Q,K,1,0.00017500875043752187,5714,provided
451,H,Y,4,0.0007000350017500875,5714,provided
451,H,P,1,0.00017500875043752187,5714,provided
451,H,R,5,0.0008750437521876093,5714,provided
452,T,I,2,0.00035001750087504374,5714,provided
452,T,R,1,0.00017500875043752187,5714,provided
454,D,N,1,0.00017500875043752187,5714,provided
454,D,G,3,0.0005250262513125656,5714,provided
454,D,H,1,0.00017500875043752187,5714,provided
455,L,P,1,0.00017500875043752187,5714,provided
456,T,A,3,0.0005250262513125656,5714,provided
456,T,I,3,0.0005250262513125656,5714,provided
457,D,G,2,0.00035001750087504374,5714,provided
457,D,N,1,0.00017500875043752187,5714,provided
457,D,V,1,0.00017500875043752187,5714,provided
458,S,A,3,0.0005250262513125656,5714,provided
458,S,P,3,0.0005250262513125656,5714,provided
458,S,L,3,0.0005250262513125656,5714,provided
459,E,G,1,0.00017500875043752187,5714,provided
459,E,K,2,0.00035001750087504374,5714,provided
460,M,V,4,0.0007000350017500875,5714,provided
460,M,T,4,0.0007000350017500875,5714,provided
460,M,L,2,0.00035001750087504374,5714,provided
460,M,R,1,0.00017500875043752187,5714,provided
460,M,I,3,0.0005250262513125656,5714,provided
461,N,S,3,0.0005250262513125656,5714,provided
461,N,D,2,0.00035001750087504374,5714,provided
461,N,Y,1,0.00017500875043752187,5714,provided
461,N,K,3,0.0005250262513125656,5714,provided
462,K,E,2,0.00035001750087504374,5714,provided
462,K,I,1,0.00017500875043752187,5714,provided
462,K,R,2,0.00035001750087504374,5714,provided
463,L,P,3,0.0005250262513125656,5714,provided
463,L,M,1,0.00017500875043752187,5714,provided
464,F,I,1,0.00017500875043752187,5714,provided
464,F,L,3,0.0005250262513125656,5714,provided
464,F,S,1,0.00017500875043752187,5714,provided
465,E,K,4,0.0007000350017500875,5714,provided
465,E,Q,1,0.00017500875043752187,5714,provided
466,K,R,3,0.0005250262513125656,5714,provided
466,K,N,1,0.00017500875043752187,5714,provided
466,K,E,2,0.00035001750087504374,5714,provided
467,T,I,2,0.00035001750087504374,5714,provided
467,T,A,3,0.0005250262513125656,5714,provided
468,K,R,7,0.001225061253062653,5714,provided
468,K,E,1,0.00017500875043752187,5714,provided
469,K,E,8,0.001400070003500175,5714,provided
469,K,R,2,0.00035001750087504374,5714,provided
469,K,N,1,0.00017500875043752187,5714,provided
470,Q,R,6,0.0010500525026251313,5714,provided
470,Q,L,2,0.00035001750087504374,5714,provided
471,L,R,1,0.00017500875043752187,5714,provided
471,L,P,1,0.00017500875043752187,5714,provided
471,L,M,1,0.00017500875043752187,5714,provided
472,R,M,2,0.00035001750087504374,5714,provided
472,R,G,3,0.0005250262513125656,5714,provided
472,R,K,1,0.00017500875043752187,5714,provided
473,E,G,12,0.0021001050052502626,5714,provided
473,E,K,2,0.00035001750087504374,5714,provided
473,E,D,2,0.00035001750087504374,5714,provided
474,N,K,1,0.00017500875043752187,5714,provided
474,N,S,3,0.0005250262513125656,5714,provided
474,N,D,1,0.00017500875043752187,5714,provided
475,A,T,3,0.0005250262513125656,5714,provided
475,A,V,3,0.0005250262513125656,5714,provided
475,A,G,1,0.00017500875043752187,5714,provided
476,E,K,5,0.0008750437521876093,5714,provided
476,E,Q,1,0.00017500875043752187,5714,provided
476,E,D,1,0.00017500875043752187,5714,provided
476,E,G,1,0.00017500875043752187,5714,provided
476,E,V,1,0.00017500875043752187,5714,provided
477,D,N,4,0.0007000350017500875,5714,provided
477,D,G,2,0.00035001750087504374,5714,provided
477,D,Y,1,0.00017500875043752187,5714,provided
477,D,A,1,0.00017500875043752187,5714,provided
478,M,I,4,0.0007000350017500875,5714,provided
478,M,L,1,0.00017500875043752187,5714,provided
478,M,V,2,0.00035001750087504374,5714,provided
478,M,T,3,0.0005250262513125656,5714,provided
479,G,D,3,0.0005250262513125656,5714,provided
479,G,S,3,0.0005250262513125656,5714,provided
479,G,A,27,0.004725236261813091,5714,provided
479,G,R,1,0.00017500875043752187,5714,provided
480,N,S,4,0.0007000350017500875,5714,provided
481,G,S,3,0.0005250262513125656,5714,provided
481,G,D,2,0.00035001750087504374,5714,provided
481,G,A,1,0.00017500875043752187,5714,provided
482,C,R,2,0.00035001750087504374,5714,provided
482,C,Y,2,0.00035001750087504374,5714,provided
482,C,W,1,0.00017500875043752187,5714,provided
483,F,L,4,0.0007000350017500875,5714,provided
483,F,I,1,0.00017500875043752187,5714,provided
483,F,S,1,0.00017500875043752187,5714,provided
484,K,E,4,0.0007000350017500875,5714,provided
484,K,R,2,0.00035001750087504374,5714,provided
484,K,N,1,0.00017500875043752187,5714,provided
485,I,T,6,0.0010500525026251313,5714,provided
485,I,M,2,0.00035001750087504374,5714,provided
486,Y,N,1,0.00017500875043752187,5714,provided
486,Y,F,1,0.00017500875043752187,5714,provided
486,Y,H,5,0.0008750437521876093,5714,provided
486,Y,C,2,0.00035001750087504374,5714,provided
487,H,R,4,0.0007000350017500875,5714,provided
487,H,Y,2,0.00035001750087504374,5714,provided
487,H,Q,1,0.00017500875043752187,5714,provided
488,K,E,6,0.0010500525026251313,5714,provided
488,K,R,2,0.00035001750087504374,5714,provided
488,K,N,1,0.00017500875043752187,5714,provided
488,K,Q,1,0.00017500875043752187,5714,provided
489,C,R,3,0.0005250262513125656,5714,provided
489,C,Y,6,0.0010500525026251313,5714,provided
490,D,N,4,0.0007000350017500875,5714,provided
490,D,G,3,0.0005250262513125656,5714,provided
490,D,A,1,0.00017500875043752187,5714,provided
491,N,D,3,0.0005250262513125656,5714,provided
491,N,I,1,0.00017500875043752187,5714,provided
491,N,S,1,0.00017500875043752187,5714,provided
491,N,T,1,0.00017500875043752187,5714,provided
491,N,H,2,0.00035001750087504374,5714,provided
492,A,V,2,0.00035001750087504374,5714,provided
492,A,T,1,0.00017500875043752187,5714,provided
493,C,Y,6,0.0010500525026251313,5714,provided
493,C,R,3,0.0005250262513125656,5714,provided
493,C,S,1,0.00017500875043752187,5714,provided
494,I,L,1,0.00017500875043752187,5714,provided
494,I,V,2,0.00035001750087504374,5714,provided
494,I,T,1,0.00017500875043752187,5714,provided
494,I,M,1,0.00017500875043752187,5714,provided
495,G,E,6,0.0010500525026251313,5714,provided
495,G,R,4,0.0007000350017500875,5714,provided
496,S,L,4,0.0007000350017500875,5714,provided
496,S,P,4,0.0007000350017500875,5714,provided
497,I,M,1,0.00017500875043752187,5714,provided
497,I,V,1,0.00017500875043752187,5714,provided
498,R,K,2,0.00035001750087504374,5714,provided
498,R,S,1,0.00017500875043752187,5714,provided
498,R,G,3,0.0005250262513125656,5714,provided
498,R,I,1,0.00017500875043752187,5714,provided
498,R,T,1,0.00017500875043752187,5714,provided
499,N,K,1,0.00017500875043752187,5714,provided
499,N,D,2,0.00035001750087504374,5714,provided
500,G,R,4,0.0007000350017500875,5714,provided
500,G,V,1,0.00017500875043752187,5714,provided
500,G,E,1,0.00017500875043752187,5714,provided
501,T,A,2,0.00035001750087504374,5714,provided
501,T,I,4,0.0007000350017500875,5714,provided
501,T,S,1,0.00017500875043752187,5714,provided
502,Y,C,3,0.0005250262513125656,5714,provided
502,Y,H,6,0.0010500525026251313,5714,provided
502,Y,N,2,0.00035001750087504374,5714,provided
502,Y,S,1,0.00017500875043752187,5714,provided
503,D,N,3,0.0005250262513125656,5714,provided
503,D,A,1,0.00017500875043752187,5714,provided
503,D,G,2,0.00035001750087504374,5714,provided
503,D,H,1,0.00017500875043752187,5714,provided
503,D,E,1,0.00017500875043752187,5714,provided
504,H,R,2,0.00035001750087504374,5714,provided
504,H,D,1,0.00017500875043752187,5714,provided
504,H,P,2,0.00035001750087504374,5714,provided
504,H,Y,3,0.0005250262513125656,5714,provided
505,D,N,1,0.00017500875043752187,5714,provided
505,D,G,3,0.0005250262513125656,5714,provided
505,D,V,1,0.00017500875043752187,5714,provided
505,D,A,1,0.00017500875043752187,5714,provided
506,V,I,4,0.0007000350017500875,5714,provided
506,V,A,2,0.00035001750087504374,5714,provided
506,V,L,1,0.00017500875043752187,5714,provided
507,Y,H,7,0.001225061253062653,5714,provided
507,Y,C,2,0.00035001750087504374,5714,provided
508,R,K,3,0.0005250262513125656,5714,provided
508,R,G,2,0.00035001750087504374,5714,provided
509,D,N,1,0.00017500875043752187,5714,provided
509,D,G,2,0.00035001750087504374,5714,provided
510,E,G,3,0.0005250262513125656,5714,provided
510,E,K,2,0.00035001750087504374,5714,provided
510,E,Q,1,0.00017500875043752187,5714,provided
511,A,T,4,0.0007000350017500875,5714,provided
511,A,S,1,0.00017500875043752187,5714,provided
511,A,G,1,0.00017500875043752187,5714,provided
511,A,V,3,0.0005250262513125656,5714,provided
512,L,F,1,0.00017500875043752187,5714,provided
512,L,S,1,0.00017500875043752187,5714,provided
513,N,D,1,0.00017500875043752187,5714,provided
513,N,Y,1,0.00017500875043752187,5714,provided
513,N,S,2,0.00035001750087504374,5714,provided
514,N,S,3,0.0005250262513125656,5714,provided
514,N,K,1,0.00017500875043752187,5714,provided
515,R,Q,3,0.0005250262513125656,5714,provided
515,R,W,1,0.00017500875043752187,5714,provided
516,F,L,5,0.0008750437521876093,5714,provided
516,F,S,3,0.0005250262513125656,5714,provided
517,Q,R,3,0.0005250262513125656,5714,provided
517,Q,K,2,0.00035001750087504374,5714,provided
517,Q,H,1,0.00017500875043752187,5714,provided
518,I,V,3,0.0005250262513125656,5714,provided
518,I,N,2,0.00035001750087504374,5714,provided
518,I,T,5,0.0008750437521876093,5714,provided
519,K,E,17,0.002975148757437872,5714,provided
519,K,N,1,0.00017500875043752187,5714,provided
520,G,R,3,0.0005250262513125656,5714,provided
521,V,A,2,0.00035001750087504374,5714,provided
521,V,N,1,0.00017500875043752187,5714,provided
521,V,I,1,0.00017500875043752187,5714,provided
522,E,K,2,0.00035001750087504374,5714,provided
522,E,G,5,0.0008750437521876093,5714,provided
523,L,P,3,0.0005250262513125656,5714,provided
523,L,M,1,0.00017500875043752187,5714,provided
524,K,E,5,0.0008750437521876093,5714,provided
524,K,R,3,0.0005250262513125656,5714,provided
525,S,L,3,0.0005250262513125656,5714,provided
525,S,P,3,0.0005250262513125656,5714,provided
526,G,E,3,0.0005250262513125656,5714,provided
526,G,A,1,0.00017500875043752187,5714,provided
526,G,R,1,0.00017500875043752187,5714,provided
527,Y,H,2,0.00035001750087504374,5714,provided
528,K,E,1,0.00017500875043752187,5714,provided
528,K,R,3,0.0005250262513125656,5714,provided
529,D,G,2,0.00035001750087504374,5714,provided
529,D,Y,1,0.00017500875043752187,5714,provided
529,D,N,1,0.00017500875043752187,5714,provided
530,W,R,1,0.00017500875043752187,5714,provided
531,I,T,3,0.0005250262513125656,5714,provided
531,I,V,3,0.0005250262513125656,5714,provided
531,I,S,2,0.00035001750087504374,5714,provided
532,L,I,1,0.00017500875043752187,5714,provided
532,L,P,2,0.00035001750087504374,5714,provided
532,L,R,1,0.00017500875043752187,5714,provided
533,W,S,1,0.00017500875043752187,5714,provided
533,W,R,4,0.0007000350017500875,5714,provided
533,W,G,1,0.00017500875043752187,5714,provided
534,I,V,3,0.0005250262513125656,5714,provided
534,I,L,1,0.00017500875043752187,5714,provided
535,S,F,6,0.0010500525026251313,5714,provided
535,S,P,2,0.00035001750087504374,5714,provided
535,S,A,1,0.00017500875043752187,5714,provided
535,S,C,1,0.00017500875043752187,5714,provided
536,F,I,1,0.00017500875043752187,5714,provided
536,F,S,3,0.0005250262513125656,5714,provided
536,F,L,1,0.00017500875043752187,5714,provided
537,A,V,1,0.00017500875043752187,5714,provided
537,A,T,3,0.0005250262513125656,5714,provided
538,I,V,3,0.0005250262513125656,5714,provided
538,I,T,2,0.00035001750087504374,5714,provided
539,S,P,2,0.00035001750087504374,5714,provided
539,S,L,1,0.00017500875043752187,5714,provided
540,C,R,7,0.001225061253062653,5714,provided
540,C,Y,1,0.00017500875043752187,5714,provided
540,C,G,1,0.00017500875043752187,5714,provided
540,C,S,4,0.0007000350017500875,5714,provided
541,F,S,3,0.0005250262513125656,5714,provided
541,F,L,1,0.00017500875043752187,5714,provided
542,L,S,2,0.00035001750087504374,5714,provided
543,L,P,1,0.00017500875043752187,5714,provided
543,L,F,2,0.00035001750087504374,5714,provided
544,C,R,3,0.0005250262513125656,5714,provided
544,C,Y,2,0.00035001750087504374,5714,provided
544,C,F,1,0.00017500875043752187,5714,provided
545,V,I,5,0.0008750437521876093,5714,provided
545,V,D,1,0.00017500875043752187,5714,provided
545,V,L,1,0.00017500875043752187,5714,provided
545,V,A,1,0.00017500875043752187,5714,provided
546,A,V,2,0.00035001750087504374,5714,provided
546,A,T,2,0.00035001750087504374,5714,provided
547,L,S,3,0.0005250262513125656,5714,provided
547,L,M,1,0.00017500875043752187,5714,provided
547,L,V,1,0.00017500875043752187,5714,provided
547,L,W,1,0.00017500875043752187,5714,provided
548,L,S,1,0.00017500875043752187,5714,provided
549,G,A,1,0.00017500875043752187,5714,provided
549,G,R,6,0.0010500525026251313,5714,provided
549,G,E,2,0.00035001750087504374,5714,provided
550,F,S,37,0.00647532376618831,5714,provided
550,F,L,4,0.0007000350017500875,5714,provided
551,I,M,1,0.00017500875043752187,5714,provided
551,I,T,2,0.00035001750087504374,5714,provided
551,I,V,4,0.0007000350017500875,5714,provided
551,I,S,1,0.00017500875043752187,5714,provided
551,I,L,1,0.00017500875043752187,5714,provided
552,M,I,2,0.00035001750087504374,5714,provided
552,M,V,5,0.0008750437521876093,5714,provided
552,M,T,2,0.00035001750087504374,5714,provided
553,W,R,2,0.00035001750087504374,5714,provided
554,A,S,1,0.00017500875043752187,5714,provided
554,A,V,2,0.00035001750087504374,5714,provided
555,C,R,3,0.0005250262513125656,5714,provided
555,C,Y,2,0.00035001750087504374,5714,provided
555,C,G,1,0.00017500875043752187,5714,provided
555,C,F,1,0.00017500875043752187,5714,provided
555,C,S,1,0.00017500875043752187,5714,provided
556,Q,R,7,0.001225061253062653,5714,provided
556,Q,L,1,0.00017500875043752187,5714,provided
557,K,E,5,0.0008750437521876093,5714,provided
557,K,R,2,0.00035001750087504374,5714,provided
558,G,C,1,0.00017500875043752187,5714,provided
558,G,S,2,0.00035001750087504374,5714,provided
558,G,R,1,0.00017500875043752187,5714,provided
558,G,D,1,0.00017500875043752187,5714,provided
559,N,D,6,0.0010500525026251313,5714,provided
559,N,S,2,0.00035001750087504374,5714,provided
560,I,T,5,0.0008750437521876093,5714,provided
560,I,F,1,0.00017500875043752187,5714,provided
560,I,V,2,0.00035001750087504374,5714,provided
561,R,K,3,0.0005250262513125656,5714,provided
562,C,G,1,0.00017500875043752187,5714,provided
562,C,R,2,0.00035001750087504374,5714,provided
562,C,S,1,0.00017500875043752187,5714,provided
562,C,Y,1,0.00017500875043752187,5714,provided
563,N,D,1,0.00017500875043752187,5714,provided
563,N,S,2,0.00035001750087504374,5714,provided
564,I,V,5,0.0008750437521876093,5714,provided
564,I,S,1,0.00017500875043752187,5714,provided
564,I,T,1,0.00017500875043752187,5714,provided
565,C,R,4,0.0007000350017500875,5714,provided
565,C,Y,1,0.00017500875043752187,5714,provided
566,I,V,3,0.0005250262513125656,5714,provided
566,I,T,1,0.00017500875043752187,5714,provided
