batch,config,run,genetic_bin_low,genetic_bin_high,n_pairs,median_antigenic_distance,q25_antigenic_distance,q75_antigenic_distance
2026-07-04-reviewer-runs,nonEpitopeAcceptance_0.25_epitopeAcceptance_0.75,2,0,2,16574,1.390190594846621,0.0,2.4457711749057784
2026-07-04-reviewer-runs,nonEpitopeAcceptance_0.25_epitopeAcceptance_0.75,2,3,5,33117,4.136687237391777,2.9420794822709992,5.62708091020557
2026-07-04-reviewer-runs,nonEpitopeAcceptance_0.25_epitopeAcceptance_0.75,2,6,10,56281,9.649797214967784,7.158494109797119,12.383324261279762
2026-07-04-reviewer-runs,nonEpitopeAcceptance_0.25_epitopeAcceptance_0.75,2,11,20,92323,20.155608767784713,15.845310685814905,25.81497931744281
2026-07-04-reviewer-runs,nonEpitopeAcceptance_0.25_epitopeAcceptance_0.75,2,21,40,1705,34.201825977570266,30.30508443099936,36.58834015612077
2026-07-04-reviewer-runs,nonEpitopeAcceptance_0.25_epitopeAcceptance_0.75,3,0,2,16071,1.255232536225856,0.0,2.151462081420822
2026-07-04-reviewer-runs,nonEpitopeAcceptance_0.25_epitopeAcceptance_0.75,3,3,5,34065,3.690143033813189,2.7120170205955585,5.144594305676591
2026-07-04-reviewer-runs,nonEpitopeAcceptance_0.25_epitopeAcceptance_0.75,3,6,10,52033,8.578642217157677,6.827529375257203,10.89935329090676
2026-07-04-reviewer-runs,nonEpitopeAcceptance_0.25_epitopeAcceptance_0.75,3,11,20,80938,18.31950537159778,14.964818991554823,22.534211987997278
2026-07-04-reviewer-runs,nonEpitopeAcceptance_0.25_epitopeAcceptance_0.75,3,21,40,16893,31.728808443589557,29.308773081792424,33.99374581375227
2026-07-04-reviewer-runs,nonEpitopeAcceptance_0.25_epitopeAcceptance_0.75,4,0,2,13970,0.8891009503987742,0.0,2.4056068714567678
2026-07-04-reviewer-runs,nonEpitopeAcceptance_0.25_epitopeAcceptance_0.75,4,3,5,32250,4.345983498588093,2.884460304805739,5.834877062115362
2026-07-04-reviewer-runs,nonEpitopeAcceptance_0.25_epitopeAcceptance_0.75,4,6,10,52381,10.267912202585295,7.674697713916817,12.279558937111707
2026-07-04-reviewer-runs,nonEpitopeAcceptance_0.25_epitopeAcceptance_0.75,4,11,20,89664,22.42116570207713,18.22557563014129,28.405746855346013
2026-07-04-reviewer-runs,nonEpitopeAcceptance_0.25_epitopeAcceptance_0.75,4,21,40,11735,38.88313603414724,36.2073456605148,41.540468014335126
2026-07-04-reviewer-runs,nonEpitopeAcceptance_0.25_epitopeAcceptance_0.75,6,0,2,19357,1.020329618309691,0.0,2.1030331547552934
2026-07-04-reviewer-runs,nonEpitopeAcceptance_0.25_epitopeAcceptance_0.75,6,3,5,44445,3.8704946880211577,2.486391767200012,5.077660348034319
2026-07-04-reviewer-runs,nonEpitopeAcceptance_0.25_epitopeAcceptance_0.75,6,6,10,65705,9.214637247336434,7.138132322253488,11.170386175061275
2026-07-04-reviewer-runs,nonEpitopeAcceptance_0.25_epitopeAcceptance_0.75,6,11,20,67985,18.525487749584357,15.54393887854684,22.10033931526844
2026-07-04-reviewer-runs,nonEpitopeAcceptance_0.25_epitopeAcceptance_0.75,6,21,40,2508,28.925110269249867,27.7023765747634,29.009155571301967
2026-07-04-reviewer-runs,nonEpitopeAcceptance_0.25_epitopeAcceptance_0.75,7,0,2,14988,0.9356931120832281,0.0,2.232734189284517
2026-07-04-reviewer-runs,nonEpitopeAcceptance_0.25_epitopeAcceptance_0.75,7,3,5,31991,4.311058636808365,2.8869707740120956,5.408464777550094
2026-07-04-reviewer-runs,nonEpitopeAcceptance_0.25_epitopeAcceptance_0.75,7,6,10,47723,8.73944148787553,6.924612495295312,11.033378204339774
2026-07-04-reviewer-runs,nonEpitopeAcceptance_0.25_epitopeAcceptance_0.75,7,11,20,73259,17.485026026002938,14.330066060210608,21.15798522756834
2026-07-04-reviewer-runs,nonEpitopeAcceptance_0.25_epitopeAcceptance_0.75,7,21,40,32039,29.71827796844898,26.032304396648296,33.419909082162384
2026-07-04-reviewer-runs,nonEpitopeAcceptance_0.25_epitopeAcceptance_0.75,9,0,2,15769,1.188640403991048,0.0,2.3915294374102953
2026-07-04-reviewer-runs,nonEpitopeAcceptance_0.25_epitopeAcceptance_0.75,9,3,5,36079,4.474444918646336,3.221206781627034,6.52506471079023
2026-07-04-reviewer-runs,nonEpitopeAcceptance_0.25_epitopeAcceptance_0.75,9,6,10,63011,11.727211510414573,8.495436992880355,15.620171479532484
2026-07-04-reviewer-runs,nonEpitopeAcceptance_0.25_epitopeAcceptance_0.75,9,11,20,78054,25.85734682019793,20.477386357882686,31.605514866973685
2026-07-04-reviewer-runs,nonEpitopeAcceptance_0.25_epitopeAcceptance_0.75,9,21,40,7087,40.4276507484667,39.129792085826374,42.81863289886846
2026-07-04-reviewer-runs,nonEpitopeAcceptance_0.25_epitopeAcceptance_0.75,10,0,2,21769,0.9887140941647341,0.0,2.359227189144785
2026-07-04-reviewer-runs,nonEpitopeAcceptance_0.25_epitopeAcceptance_0.75,10,3,5,51488,4.105897579092787,3.0392887144856764,5.720804224932016
2026-07-04-reviewer-runs,nonEpitopeAcceptance_0.25_epitopeAcceptance_0.75,10,6,10,71248,10.231419346796415,7.888351630727425,12.094048419277009
2026-07-04-reviewer-runs,nonEpitopeAcceptance_0.25_epitopeAcceptance_0.75,10,11,20,55488,19.10011671613553,16.5044318878294,22.688263074990996
2026-07-04-reviewer-runs,nonEpitopeAcceptance_0.25_epitopeAcceptance_0.75,10,21,40,7,28.366242244083015,28.10361972707196,28.433477569688705
2026-07-04-reviewer-runs,nonEpitopeAcceptance_0.25_epitopeAcceptance_0.75,11,0,2,15491,1.3584667570463398,0.0,2.262263894862845
2026-07-04-reviewer-runs,nonEpitopeAcceptance_0.25_epitopeAcceptance_0.75,11,3,5,41351,4.747180958210882,3.115356841519121,6.22506623900501
2026-07-04-reviewer-runs,nonEpitopeAcceptance_0.25_epitopeAcceptance_0.75,11,6,10,79552,11.308600638452134,8.72557288667264,14.49577172454092
2026-07-04-reviewer-runs,nonEpitopeAcceptance_0.25_epitopeAcceptance_0.75,11,11,20,63506,22.235447721150113,18.18576813142629,26.528360181888363
2026-07-04-reviewer-runs,nonEpitopeAcceptance_0.25_epitopeAcceptance_0.75,11,21,40,100,32.04653152932467,32.04653152932467,32.7259792220187
2026-07-04-reviewer-runs,nonEpitopeAcceptance_0.25_epitopeAcceptance_0.75,12,0,2,12685,1.178692326266697,0.0,1.8899236227953766
2026-07-04-reviewer-runs,nonEpitopeAcceptance_0.25_epitopeAcceptance_0.75,12,3,5,27562,3.5736740785919463,2.364393919610186,4.930478842871145
2026-07-04-reviewer-runs,nonEpitopeAcceptance_0.25_epitopeAcceptance_0.75,12,6,10,58923,8.056299588520773,6.057521857526541,10.816698147309095
2026-07-04-reviewer-runs,nonEpitopeAcceptance_0.25_epitopeAcceptance_0.75,12,11,20,80373,16.394600417515516,13.897432284418585,19.43499017674051
2026-07-04-reviewer-runs,nonEpitopeAcceptance_0.25_epitopeAcceptance_0.75,12,21,40,20457,23.060584025778702,21.18892228240974,24.211392549169904
2026-07-04-reviewer-runs,nonEpitopeAcceptance_0.25_epitopeAcceptance_0.75,14,0,2,16876,1.3626031630669284,0.0,2.3998457367089254
2026-07-04-reviewer-runs,nonEpitopeAcceptance_0.25_epitopeAcceptance_0.75,14,3,5,41476,4.488737320227148,3.1091981868309806,6.041777636590078
2026-07-04-reviewer-runs,nonEpitopeAcceptance_0.25_epitopeAcceptance_0.75,14,6,10,64177,10.272928572709926,7.826604061788231,13.116014459430883
2026-07-04-reviewer-runs,nonEpitopeAcceptance_0.25_epitopeAcceptance_0.75,14,11,20,71427,21.028510338585566,17.16440535177377,25.493094105855416
2026-07-04-reviewer-runs,nonEpitopeAcceptance_0.25_epitopeAcceptance_0.75,14,21,40,6044,34.18674251007253,32.15505717643804,36.02072274968952
2026-07-04-reviewer-runs,nonEpitopeAcceptance_0.25_epitopeAcceptance_0.75,15,0,2,13546,1.2132088443462652,0.0,2.3369701003650034
2026-07-04-reviewer-runs,nonEpitopeAcceptance_0.25_epitopeAcceptance_0.75,15,3,5,36624,4.227159448140085,2.738401263511249,5.72516493037537
2026-07-04-reviewer-runs,nonEpitopeAcceptance_0.25_epitopeAcceptance_0.75,15,6,10,66657,9.689792198494247,7.486021769271049,12.336520524037564
2026-07-04-reviewer-runs,nonEpitopeAcceptance_0.25_epitopeAcceptance_0.75,15,11,20,75662,18.217259877654488,15.574021859494096,21.101720158555793
2026-07-04-reviewer-runs,nonEpitopeAcceptance_0.25_epitopeAcceptance_0.75,15,21,40,7511,26.766149051740708,24.43569294331552,28.505068374589104
2026-07-04-reviewer-runs,nonEpitopeAcceptance_0.25_epitopeAcceptance_0.75,16,0,2,11100,0.915863592463419,0.0,2.0605932762192554
2026-07-04-reviewer-runs,nonEpitopeAcceptance_0.25_epitopeAcceptance_0.75,16,3,5,26617,4.0990456694211135,2.904925956027107,5.526918461493711
2026-07-04-reviewer-runs,nonEpitopeAcceptance_0.25_epitopeAcceptance_0.75,16,6,10,51456,9.186782087325245,7.3414313488583405,11.633389757504043
2026-07-04-reviewer-runs,nonEpitopeAcceptance_0.25_epitopeAcceptance_0.75,16,11,20,101360,17.91366810929576,15.542924571971648,20.52591497595174
2026-07-04-reviewer-runs,nonEpitopeAcceptance_0.25_epitopeAcceptance_0.75,16,21,40,9467,21.84697699911821,19.726653312206814,29.811508189455964
2026-07-04-reviewer-runs,nonEpitopeAcceptance_0.25_epitopeAcceptance_0.75,17,0,2,15397,0.5993258295785409,0.0,1.733705932388762
2026-07-04-reviewer-runs,nonEpitopeAcceptance_0.25_epitopeAcceptance_0.75,17,3,5,35906,4.10030533741086,2.4980763499140672,5.239507515978959
2026-07-04-reviewer-runs,nonEpitopeAcceptance_0.25_epitopeAcceptance_0.75,17,6,10,59899,8.842804713437927,6.593422696141967,11.708054749615751
2026-07-04-reviewer-runs,nonEpitopeAcceptance_0.25_epitopeAcceptance_0.75,17,11,20,78990,18.239339912114595,14.71051317969567,22.278817747133708
2026-07-04-reviewer-runs,nonEpitopeAcceptance_0.25_epitopeAcceptance_0.75,17,21,40,9808,27.220601294056674,25.188381939497425,29.256384737010823
2026-07-04-reviewer-runs,nonEpitopeAcceptance_0.25_epitopeAcceptance_0.75,18,0,2,15413,1.2217542960841177,0.0,2.0739053136534467
2026-07-04-reviewer-runs,nonEpitopeAcceptance_0.25_epitopeAcceptance_0.75,18,3,5,33052,4.354802429502399,3.001518832191462,5.842784057279542
2026-07-04-reviewer-runs,nonEpitopeAcceptance_0.25_epitopeAcceptance_0.75,18,6,10,57155,9.871282483041403,7.649501539969777,12.433895824318297
2026-07-04-reviewer-runs,nonEpitopeAcceptance_0.25_epitopeAcceptance_0.75,18,11,20,83331,21.858077284152877,17.649870261846118,26.905456027542073
2026-07-04-reviewer-runs,nonEpitopeAcceptance_0.25_epitopeAcceptance_0.75,18,21,40,11049,36.5826138739429,34.44891167076255,38.821178433684885
2026-07-04-reviewer-runs,nonEpitopeAcceptance_0.25_epitopeAcceptance_0.75,21,0,2,12936,1.35112790290187,0.0,2.1469166169183223
2026-07-04-reviewer-runs,nonEpitopeAcceptance_0.25_epitopeAcceptance_0.75,21,3,5,29965,4.164098270934534,2.778827241841416,5.629775225530767
2026-07-04-reviewer-runs,nonEpitopeAcceptance_0.25_epitopeAcceptance_0.75,21,6,10,52491,9.64572781961009,7.2461338829751165,11.753490345425055
2026-07-04-reviewer-runs,nonEpitopeAcceptance_0.25_epitopeAcceptance_0.75,21,11,20,88688,19.42444975411144,16.055256445787464,24.64466104291151
2026-07-04-reviewer-runs,nonEpitopeAcceptance_0.25_epitopeAcceptance_0.75,21,21,40,15920,32.714978688820814,30.490995327853927,34.96074112272221
2026-07-04-reviewer-runs,nonEpitopeAcceptance_0.25_epitopeAcceptance_0.75,22,0,2,15028,1.292552610147842,0.0,2.273645055851948
2026-07-04-reviewer-runs,nonEpitopeAcceptance_0.25_epitopeAcceptance_0.75,22,3,5,32658,4.451025969690054,2.8830276339111727,5.99430023272108
2026-07-04-reviewer-runs,nonEpitopeAcceptance_0.25_epitopeAcceptance_0.75,22,6,10,61135,9.608494101054548,7.2921046975478925,11.837751774724792
2026-07-04-reviewer-runs,nonEpitopeAcceptance_0.25_epitopeAcceptance_0.75,22,11,20,81180,21.504589205562613,16.992469932590733,25.667649041156842
2026-07-04-reviewer-runs,nonEpitopeAcceptance_0.25_epitopeAcceptance_0.75,22,21,40,9999,34.26747294228158,32.17753948464081,35.69966067225948
2026-07-04-reviewer-runs,nonEpitopeAcceptance_0.25_epitopeAcceptance_0.75,23,0,2,18102,1.5459522955123817,0.0,2.564113901526218
2026-07-04-reviewer-runs,nonEpitopeAcceptance_0.25_epitopeAcceptance_0.75,23,3,5,40256,4.907204834730252,3.34078735929122,6.552354339837574
2026-07-04-reviewer-runs,nonEpitopeAcceptance_0.25_epitopeAcceptance_0.75,23,6,10,61714,11.260114525616514,8.602231976062962,14.05302459259216
2026-07-04-reviewer-runs,nonEpitopeAcceptance_0.25_epitopeAcceptance_0.75,23,11,20,74849,22.94617605549997,18.336470173400336,27.806477580772434
2026-07-04-reviewer-runs,nonEpitopeAcceptance_0.25_epitopeAcceptance_0.75,23,21,40,5079,36.897431868627386,34.17421001691188,39.20921494801956
2026-07-04-reviewer-runs,nonEpitopeAcceptance_0.25_epitopeAcceptance_0.75,24,0,2,15794,1.6516159026843955,0.0,2.618314375700521
2026-07-04-reviewer-runs,nonEpitopeAcceptance_0.25_epitopeAcceptance_0.75,24,3,5,36155,4.2877883926332006,2.841972809511023,6.277901777664253
2026-07-04-reviewer-runs,nonEpitopeAcceptance_0.25_epitopeAcceptance_0.75,24,6,10,61082,10.491975574218612,7.716502039136645,13.731093760513035
2026-07-04-reviewer-runs,nonEpitopeAcceptance_0.25_epitopeAcceptance_0.75,24,11,20,79740,22.003978477084548,17.538535071057797,27.051957130122766
2026-07-04-reviewer-runs,nonEpitopeAcceptance_0.25_epitopeAcceptance_0.75,24,21,40,7229,31.779930978685275,29.15177437103958,35.527995668345824
2026-07-04-reviewer-runs,nonEpitopeAcceptance_0.25_epitopeAcceptance_0.75,25,0,2,17062,1.2239158508655756,0.0,2.468029556143925
2026-07-04-reviewer-runs,nonEpitopeAcceptance_0.25_epitopeAcceptance_0.75,25,3,5,35421,4.068208023196456,2.601620804421738,5.731694127393754
2026-07-04-reviewer-runs,nonEpitopeAcceptance_0.25_epitopeAcceptance_0.75,25,6,10,62020,9.154522035584382,6.620442198222107,11.805866074541077
2026-07-04-reviewer-runs,nonEpitopeAcceptance_0.25_epitopeAcceptance_0.75,25,11,20,80092,19.72757555833965,15.812080587955526,24.587368126743456
2026-07-04-reviewer-runs,nonEpitopeAcceptance_0.25_epitopeAcceptance_0.75,25,21,40,5405,33.054473266110286,31.47198650768648,34.56605164391791
2026-07-04-reviewer-runs,nonEpitopeAcceptance_0.25_epitopeAcceptance_0.75,26,0,2,15140,1.157945050509737,0.0,2.2369938488963257
2026-07-04-reviewer-runs,nonEpitopeAcceptance_0.25_epitopeAcceptance_0.75,26,3,5,38273,4.1647828130648055,2.9604744248177544,6.16686049136836
2026-07-04-reviewer-runs,nonEpitopeAcceptance_0.25_epitopeAcceptance_0.75,26,6,10,63214,10.316902513836215,7.560054844377784,13.048369370921408
2026-07-04-reviewer-runs,nonEpitopeAcceptance_0.25_epitopeAcceptance_0.75,26,11,20,73102,21.063046831833233,16.76615058085785,24.61108126434107
2026-07-04-reviewer-runs,nonEpitopeAcceptance_0.25_epitopeAcceptance_0.75,26,21,40,10271,33.44487201261204,31.049700521744168,34.89163784289868
2026-07-04-reviewer-runs,nonEpitopeAcceptance_0.25_epitopeAcceptance_0.75,27,0,2,16215,1.4869952824404036,0.0,2.4744380089224305
2026-07-04-reviewer-runs,nonEpitopeAcceptance_0.25_epitopeAcceptance_0.75,27,3,5,42242,4.639730598191369,3.0393800586456683,6.570232824641756
2026-07-04-reviewer-runs,nonEpitopeAcceptance_0.25_epitopeAcceptance_0.75,27,6,10,70757,11.640565138342723,9.300337907839696,14.64128297110605
2026-07-04-reviewer-runs,nonEpitopeAcceptance_0.25_epitopeAcceptance_0.75,27,11,20,70624,24.012246261022725,19.917072624258818,29.128922885166904
2026-07-04-reviewer-runs,nonEpitopeAcceptance_0.25_epitopeAcceptance_0.75,27,21,40,162,35.41704444614203,33.94289173699281,35.936158705404225
2026-07-04-reviewer-runs,nonEpitopeAcceptance_0.25_epitopeAcceptance_0.75,29,0,2,17397,1.1857545277164254,0.0,2.3703211976438974
2026-07-04-reviewer-runs,nonEpitopeAcceptance_0.25_epitopeAcceptance_0.75,29,3,5,38091,4.624656801320505,3.262173324641106,6.084754934259883
2026-07-04-reviewer-runs,nonEpitopeAcceptance_0.25_epitopeAcceptance_0.75,29,6,10,66679,10.371133833867926,7.993927041198212,12.921760828927304
2026-07-04-reviewer-runs,nonEpitopeAcceptance_0.25_epitopeAcceptance_0.75,29,11,20,76961,21.976067854372857,17.8055666014873,27.351564087817717
2026-07-04-reviewer-runs,nonEpitopeAcceptance_0.25_epitopeAcceptance_0.75,29,21,40,872,34.616897983499335,31.002900271103673,35.9066967484394
2026-07-04-reviewer-runs,nonEpitopeAcceptance_0.25_epitopeAcceptance_1.0,1,0,2,13728,1.168983511432047,0.0,2.177165554109287
2026-07-04-reviewer-runs,nonEpitopeAcceptance_0.25_epitopeAcceptance_1.0,1,3,5,30773,3.5155417818595223,2.580848716992145,5.071895661387367
2026-07-04-reviewer-runs,nonEpitopeAcceptance_0.25_epitopeAcceptance_1.0,1,6,10,46900,8.319310099401273,6.175603226406308,9.811758377363297
2026-07-04-reviewer-runs,nonEpitopeAcceptance_0.25_epitopeAcceptance_1.0,1,11,20,93363,18.37483798595242,14.611188219990874,22.85157042830974
2026-07-04-reviewer-runs,nonEpitopeAcceptance_0.25_epitopeAcceptance_1.0,1,21,40,15236,31.34633060838222,28.24261153381535,34.52690809933608
2026-07-04-reviewer-runs,nonEpitopeAcceptance_0.25_epitopeAcceptance_1.0,3,0,2,11498,1.1177470196784216,0.0,2.5270033260761666
2026-07-04-reviewer-runs,nonEpitopeAcceptance_0.25_epitopeAcceptance_1.0,3,3,5,26281,4.481266277515764,3.23716789956901,6.107892324689427
2026-07-04-reviewer-runs,nonEpitopeAcceptance_0.25_epitopeAcceptance_1.0,3,6,10,44136,9.926386817467876,7.693303360811132,11.978048973434696
2026-07-04-reviewer-runs,nonEpitopeAcceptance_0.25_epitopeAcceptance_1.0,3,11,20,75515,21.287391360145566,17.000847925324198,25.255763128442585
2026-07-04-reviewer-runs,nonEpitopeAcceptance_0.25_epitopeAcceptance_1.0,3,21,40,42570,38.66183341099895,34.183920559818766,42.93409474310597
2026-07-04-reviewer-runs,nonEpitopeAcceptance_0.25_epitopeAcceptance_1.0,4,0,2,10771,1.0380175335706063,0.0,2.2836971362245047
2026-07-04-reviewer-runs,nonEpitopeAcceptance_0.25_epitopeAcceptance_1.0,4,3,5,28199,4.469350696689623,3.0677124979371833,5.8346704259966575
2026-07-04-reviewer-runs,nonEpitopeAcceptance_0.25_epitopeAcceptance_1.0,4,6,10,47925,9.971025033064555,7.585798717340187,12.337979642145626
2026-07-04-reviewer-runs,nonEpitopeAcceptance_0.25_epitopeAcceptance_1.0,4,11,20,80756,21.76326578112761,17.730762247856127,26.1201325810188
2026-07-04-reviewer-runs,nonEpitopeAcceptance_0.25_epitopeAcceptance_1.0,4,21,40,32349,33.86343587174815,31.569678530672437,36.27228707787806
2026-07-04-reviewer-runs,nonEpitopeAcceptance_0.25_epitopeAcceptance_1.0,7,0,2,10980,1.2370517572033917,0.0,2.0838720465727287
2026-07-04-reviewer-runs,nonEpitopeAcceptance_0.25_epitopeAcceptance_1.0,7,3,5,30214,3.9918319165515967,2.6678416032440904,5.553876487643557
2026-07-04-reviewer-runs,nonEpitopeAcceptance_0.25_epitopeAcceptance_1.0,7,6,10,54248,9.739659433573634,7.335056572644843,12.467416368277751
2026-07-04-reviewer-runs,nonEpitopeAcceptance_0.25_epitopeAcceptance_1.0,7,11,20,75302,21.22875907466096,17.161229361849344,25.704258402062486
2026-07-04-reviewer-runs,nonEpitopeAcceptance_0.25_epitopeAcceptance_1.0,7,21,40,29256,34.25583461090971,31.146247333025535,37.56330249725122
2026-07-04-reviewer-runs,nonEpitopeAcceptance_0.25_epitopeAcceptance_1.0,10,0,2,12968,1.3036511228085532,0.0,2.3718974050325183
2026-07-04-reviewer-runs,nonEpitopeAcceptance_0.25_epitopeAcceptance_1.0,10,3,5,29039,4.3470698039023965,2.8251415858324695,6.257758456508208
2026-07-04-reviewer-runs,nonEpitopeAcceptance_0.25_epitopeAcceptance_1.0,10,6,10,51609,9.91885383751571,6.920386863463632,12.834912252134803
2026-07-04-reviewer-runs,nonEpitopeAcceptance_0.25_epitopeAcceptance_1.0,10,11,20,90769,19.818548811151636,14.174814569510248,24.98405759399381
2026-07-04-reviewer-runs,nonEpitopeAcceptance_0.25_epitopeAcceptance_1.0,10,21,40,15615,21.294603113699957,17.781597921727958,24.58564616132755
2026-07-04-reviewer-runs,nonEpitopeAcceptance_0.25_epitopeAcceptance_1.0,12,0,2,12384,1.274925229180127,0.0,1.9762398867546411
2026-07-04-reviewer-runs,nonEpitopeAcceptance_0.25_epitopeAcceptance_1.0,12,3,5,29314,3.829084538110904,2.7781350903078854,5.498432617573846
2026-07-04-reviewer-runs,nonEpitopeAcceptance_0.25_epitopeAcceptance_1.0,12,6,10,49730,9.473533510258987,6.769072421683785,12.514037008495697
2026-07-04-reviewer-runs,nonEpitopeAcceptance_0.25_epitopeAcceptance_1.0,12,11,20,88937,20.777834894425357,16.265753822064315,26.111625548785735
2026-07-04-reviewer-runs,nonEpitopeAcceptance_0.25_epitopeAcceptance_1.0,12,21,40,19635,29.05527946879878,25.735475955575406,32.304368754769555
2026-07-04-reviewer-runs,nonEpitopeAcceptance_0.25_epitopeAcceptance_1.0,13,0,2,11342,1.0619665235024458,0.0,2.0853130987935615
2026-07-04-reviewer-runs,nonEpitopeAcceptance_0.25_epitopeAcceptance_1.0,13,3,5,27648,3.7840253500736516,2.6106150865265474,5.5642628199969115
2026-07-04-reviewer-runs,nonEpitopeAcceptance_0.25_epitopeAcceptance_1.0,13,6,10,46554,8.638866460942658,6.51552811827253,11.009167359333558
2026-07-04-reviewer-runs,nonEpitopeAcceptance_0.25_epitopeAcceptance_1.0,13,11,20,102539,20.146301835572704,15.565260306207538,26.190266828728568
2026-07-04-reviewer-runs,nonEpitopeAcceptance_0.25_epitopeAcceptance_1.0,13,21,40,11917,36.40737262753246,31.746252037209057,40.31240903071907
2026-07-04-reviewer-runs,nonEpitopeAcceptance_0.25_epitopeAcceptance_1.0,15,0,2,13927,0.9677701483306852,0.0,2.2998612675550683
2026-07-04-reviewer-runs,nonEpitopeAcceptance_0.25_epitopeAcceptance_1.0,15,3,5,32595,4.25832471519024,2.9427386700147156,5.864255626249594
2026-07-04-reviewer-runs,nonEpitopeAcceptance_0.25_epitopeAcceptance_1.0,15,6,10,60283,10.229278888074173,8.033746451687405,12.927809014678397
2026-07-04-reviewer-runs,nonEpitopeAcceptance_0.25_epitopeAcceptance_1.0,15,11,20,90052,22.923711700551458,18.465948992943744,28.701996352170347
2026-07-04-reviewer-runs,nonEpitopeAcceptance_0.25_epitopeAcceptance_1.0,15,21,40,3143,38.97687775245729,36.72344553170358,41.241061961593566
2026-07-04-reviewer-runs,nonEpitopeAcceptance_0.25_epitopeAcceptance_1.0,16,0,2,11175,1.0809478988369425,0.0,2.058380261273414
2026-07-04-reviewer-runs,nonEpitopeAcceptance_0.25_epitopeAcceptance_1.0,16,3,5,28632,4.333286579491368,2.79145808673532,5.969337897120583
2026-07-04-reviewer-runs,nonEpitopeAcceptance_0.25_epitopeAcceptance_1.0,16,6,10,57632,9.448571982051044,7.055830352268969,11.531972320899838
2026-07-04-reviewer-runs,nonEpitopeAcceptance_0.25_epitopeAcceptance_1.0,16,11,20,99480,19.410757662698277,15.62687679672429,23.9616343954247
2026-07-04-reviewer-runs,nonEpitopeAcceptance_0.25_epitopeAcceptance_1.0,16,21,40,3081,29.417679867895767,24.44348592754315,33.150076554059424
2026-07-04-reviewer-runs,nonEpitopeAcceptance_0.25_epitopeAcceptance_1.0,18,0,2,12240,1.305971883134772,0.0,2.3853602369453535
2026-07-04-reviewer-runs,nonEpitopeAcceptance_0.25_epitopeAcceptance_1.0,18,3,5,27771,4.320498935308281,2.859836584492198,5.753007361371962
2026-07-04-reviewer-runs,nonEpitopeAcceptance_0.25_epitopeAcceptance_1.0,18,6,10,62635,10.412322397044761,8.268344964380722,12.918820882727646
2026-07-04-reviewer-runs,nonEpitopeAcceptance_0.25_epitopeAcceptance_1.0,18,11,20,90945,19.553591417691024,17.046974272286562,22.205008302858165
2026-07-04-reviewer-runs,nonEpitopeAcceptance_0.25_epitopeAcceptance_1.0,18,21,40,6409,22.817204520273727,21.71260978164532,24.440205127207914
2026-07-04-reviewer-runs,nonEpitopeAcceptance_0.25_epitopeAcceptance_1.0,22,0,2,14380,1.5520826943175419,0.0,2.5085162666405028
2026-07-04-reviewer-runs,nonEpitopeAcceptance_0.25_epitopeAcceptance_1.0,22,3,5,33975,4.49788784431093,2.783875464168613,5.948824497327183
2026-07-04-reviewer-runs,nonEpitopeAcceptance_0.25_epitopeAcceptance_1.0,22,6,10,58809,10.557099340728017,8.111187061090382,12.999125758296207
2026-07-04-reviewer-runs,nonEpitopeAcceptance_0.25_epitopeAcceptance_1.0,22,11,20,81562,21.500664492522084,17.57342666300457,25.16868326631332
2026-07-04-reviewer-runs,nonEpitopeAcceptance_0.25_epitopeAcceptance_1.0,22,21,40,11274,31.479402943035627,29.128460905616006,32.95639524735677
2026-07-04-reviewer-runs,nonEpitopeAcceptance_0.25_epitopeAcceptance_1.0,23,0,2,14023,1.155994744797743,0.0,2.2855982433489914
2026-07-04-reviewer-runs,nonEpitopeAcceptance_0.25_epitopeAcceptance_1.0,23,3,5,29193,4.2257853234635565,2.6295968740474254,5.488861416541688
2026-07-04-reviewer-runs,nonEpitopeAcceptance_0.25_epitopeAcceptance_1.0,23,6,10,51551,9.404195103250464,7.288303852749282,11.499786858894385
2026-07-04-reviewer-runs,nonEpitopeAcceptance_0.25_epitopeAcceptance_1.0,23,11,20,83205,18.60118069048306,15.62783544864739,21.88442442034974
2026-07-04-reviewer-runs,nonEpitopeAcceptance_0.25_epitopeAcceptance_1.0,23,21,40,22028,25.9575871193761,25.275733177508663,26.600448479865904
2026-07-04-reviewer-runs,nonEpitopeAcceptance_0.25_epitopeAcceptance_1.0,24,0,2,11603,1.0998620868090696,0.0,2.1092913170067327
2026-07-04-reviewer-runs,nonEpitopeAcceptance_0.25_epitopeAcceptance_1.0,24,3,5,24207,3.6289111659008655,2.4579231090495886,5.048958590640256
2026-07-04-reviewer-runs,nonEpitopeAcceptance_0.25_epitopeAcceptance_1.0,24,6,10,48281,8.215208146480528,6.033905323254578,10.503305990496516
2026-07-04-reviewer-runs,nonEpitopeAcceptance_0.25_epitopeAcceptance_1.0,24,11,20,102150,16.638462043410144,13.107815058582418,21.191363097733948
2026-07-04-reviewer-runs,nonEpitopeAcceptance_0.25_epitopeAcceptance_1.0,24,21,40,13759,28.172148564317915,25.35285435074323,29.260803056136375
2026-07-04-reviewer-runs,nonEpitopeAcceptance_0.25_epitopeAcceptance_1.0,25,0,2,10976,1.4189782274580518,0.0,2.695586021628694
2026-07-04-reviewer-runs,nonEpitopeAcceptance_0.25_epitopeAcceptance_1.0,25,3,5,29152,4.679262122386393,2.9251080202276274,6.305660422192112
2026-07-04-reviewer-runs,nonEpitopeAcceptance_0.25_epitopeAcceptance_1.0,25,6,10,52024,10.950813336460449,8.063869830918648,14.035695363251515
2026-07-04-reviewer-runs,nonEpitopeAcceptance_0.25_epitopeAcceptance_1.0,25,11,20,90985,25.20840840870363,19.513594862300486,31.119249875920847
2026-07-04-reviewer-runs,nonEpitopeAcceptance_0.25_epitopeAcceptance_1.0,25,21,40,16863,44.300728548072435,39.74774447500135,47.777744876145
2026-07-04-reviewer-runs,nonEpitopeAcceptance_0.25_epitopeAcceptance_1.0,26,0,2,13220,1.40713769404419,0.0,2.419687955088425
2026-07-04-reviewer-runs,nonEpitopeAcceptance_0.25_epitopeAcceptance_1.0,26,3,5,31200,4.376241604390691,2.8545075319571325,5.7231026061044865
2026-07-04-reviewer-runs,nonEpitopeAcceptance_0.25_epitopeAcceptance_1.0,26,6,10,66187,10.687927036614724,7.855858406310541,13.658151795905624
2026-07-04-reviewer-runs,nonEpitopeAcceptance_0.25_epitopeAcceptance_1.0,26,11,20,84572,22.72140364260096,18.47152154669452,27.137033054600952
2026-07-04-reviewer-runs,nonEpitopeAcceptance_0.25_epitopeAcceptance_1.0,26,21,40,4821,35.87570689714699,33.74501039324184,37.572164329061486
2026-07-04-reviewer-runs,nonEpitopeAcceptance_0.2_epitopeAcceptance_0.75,0,0,2,14681,1.5806518465493902,0.0,2.296554397352695
2026-07-04-reviewer-runs,nonEpitopeAcceptance_0.2_epitopeAcceptance_0.75,0,3,5,36536,4.397828074174796,2.9842729851674084,6.351276691343244
2026-07-04-reviewer-runs,nonEpitopeAcceptance_0.2_epitopeAcceptance_0.75,0,6,10,72972,10.836452851833021,7.9638785023379155,13.909720730841434
2026-07-04-reviewer-runs,nonEpitopeAcceptance_0.2_epitopeAcceptance_0.75,0,11,20,73615,22.372110309266763,17.791275983751138,27.338386602175337
2026-07-04-reviewer-runs,nonEpitopeAcceptance_0.2_epitopeAcceptance_0.75,0,21,40,2196,33.23689369631284,31.958641064037753,35.15629826602909
2026-07-04-reviewer-runs,nonEpitopeAcceptance_0.2_epitopeAcceptance_0.75,2,0,2,17129,1.500756186060881,0.0,2.670408657864934
2026-07-04-reviewer-runs,nonEpitopeAcceptance_0.2_epitopeAcceptance_0.75,2,3,5,34141,4.69983847062854,3.2915433841892474,6.234109971760202
2026-07-04-reviewer-runs,nonEpitopeAcceptance_0.2_epitopeAcceptance_0.75,2,6,10,60546,11.263695275086238,8.655634078448555,14.307958701715629
2026-07-04-reviewer-runs,nonEpitopeAcceptance_0.2_epitopeAcceptance_0.75,2,11,20,79703,24.08057577156327,19.70660064242436,29.361503042249048
2026-07-04-reviewer-runs,nonEpitopeAcceptance_0.2_epitopeAcceptance_0.75,2,21,40,8481,39.033444356987,35.6483510744887,42.30936698675602
2026-07-04-reviewer-runs,nonEpitopeAcceptance_0.2_epitopeAcceptance_0.75,4,0,2,15830,1.426027278841472,0.0,2.4171545668409395
2026-07-04-reviewer-runs,nonEpitopeAcceptance_0.2_epitopeAcceptance_0.75,4,3,5,34727,4.3547857685539535,2.911454064552624,5.83965448464205
2026-07-04-reviewer-runs,nonEpitopeAcceptance_0.2_epitopeAcceptance_0.75,4,6,10,53418,10.126536980626698,7.808882089646379,12.245425465862754
2026-07-04-reviewer-runs,nonEpitopeAcceptance_0.2_epitopeAcceptance_0.75,4,11,20,82771,21.465017590954826,17.320397248619905,26.16311691083461
2026-07-04-reviewer-runs,nonEpitopeAcceptance_0.2_epitopeAcceptance_0.75,4,21,40,13254,35.76526938721418,34.00246397321818,38.705962235939836
2026-07-04-reviewer-runs,nonEpitopeAcceptance_0.2_epitopeAcceptance_0.75,5,0,2,15348,1.178219682402225,0.0,2.289344858250937
2026-07-04-reviewer-runs,nonEpitopeAcceptance_0.2_epitopeAcceptance_0.75,5,3,5,32262,4.285044177135166,2.8286321022713445,5.683701037176392
2026-07-04-reviewer-runs,nonEpitopeAcceptance_0.2_epitopeAcceptance_0.75,5,6,10,53950,9.43961372355882,7.254898638161667,11.315725058519227
2026-07-04-reviewer-runs,nonEpitopeAcceptance_0.2_epitopeAcceptance_0.75,5,11,20,86877,19.0221435437755,15.81788022839976,23.45339210796596
2026-07-04-reviewer-runs,nonEpitopeAcceptance_0.2_epitopeAcceptance_0.75,5,21,40,11563,32.3696916390935,29.790405707207146,34.029964478529806
2026-07-04-reviewer-runs,nonEpitopeAcceptance_0.2_epitopeAcceptance_0.75,6,0,2,15455,1.6268294717025504,0.0,2.7866616963671773
2026-07-04-reviewer-runs,nonEpitopeAcceptance_0.2_epitopeAcceptance_0.75,6,3,5,33252,4.902000796613563,3.1551432376359716,6.648919540045583
2026-07-04-reviewer-runs,nonEpitopeAcceptance_0.2_epitopeAcceptance_0.75,6,6,10,75120,11.899757430300838,8.998019891620606,15.632745203898132
2026-07-04-reviewer-runs,nonEpitopeAcceptance_0.2_epitopeAcceptance_0.75,6,11,20,72971,25.56308262416722,19.85689351056705,31.07088239558059
2026-07-04-reviewer-runs,nonEpitopeAcceptance_0.2_epitopeAcceptance_0.75,6,21,40,3202,33.00922850263005,29.93501125788998,40.61037058597225
2026-07-04-reviewer-runs,nonEpitopeAcceptance_0.2_epitopeAcceptance_0.75,7,0,2,14073,1.2184790929679528,0.0,2.2420111975634733
2026-07-04-reviewer-runs,nonEpitopeAcceptance_0.2_epitopeAcceptance_0.75,7,3,5,32330,4.156903594022839,2.8882895509280253,5.460763316606938
2026-07-04-reviewer-runs,nonEpitopeAcceptance_0.2_epitopeAcceptance_0.75,7,6,10,70984,9.976087199398371,7.622216932756505,12.229907128429064
2026-07-04-reviewer-runs,nonEpitopeAcceptance_0.2_epitopeAcceptance_0.75,7,11,20,81752,18.183565838415745,15.438927896716146,21.12918679414635
2026-07-04-reviewer-runs,nonEpitopeAcceptance_0.2_epitopeAcceptance_0.75,7,21,40,861,30.123184866477846,28.51256945629418,31.574804018552513
2026-07-04-reviewer-runs,nonEpitopeAcceptance_0.2_epitopeAcceptance_0.75,8,0,2,17158,1.2891428237398685,0.0,2.4250900622451126
2026-07-04-reviewer-runs,nonEpitopeAcceptance_0.2_epitopeAcceptance_0.75,8,3,5,39874,4.120228324983945,2.795564862597651,5.7625735023511835
2026-07-04-reviewer-runs,nonEpitopeAcceptance_0.2_epitopeAcceptance_0.75,8,6,10,70825,9.942500152879054,7.4285962960710155,12.43028811009624
2026-07-04-reviewer-runs,nonEpitopeAcceptance_0.2_epitopeAcceptance_0.75,8,11,20,72048,20.48618284063676,16.919948549862674,24.368896216283577
2026-07-04-reviewer-runs,nonEpitopeAcceptance_0.2_epitopeAcceptance_0.75,8,21,40,95,28.93233918731771,28.22905122387219,30.513631855287237
2026-07-04-reviewer-runs,nonEpitopeAcceptance_0.2_epitopeAcceptance_0.75,9,0,2,11995,1.2041269243730084,0.0,2.040342620737999
2026-07-04-reviewer-runs,nonEpitopeAcceptance_0.2_epitopeAcceptance_0.75,9,3,5,24321,3.543005256840577,2.3085548249933305,4.8952516431742295
2026-07-04-reviewer-runs,nonEpitopeAcceptance_0.2_epitopeAcceptance_0.75,9,6,10,43835,8.740994294129246,6.31877308660471,10.913371857496658
2026-07-04-reviewer-runs,nonEpitopeAcceptance_0.2_epitopeAcceptance_0.75,9,11,20,95484,16.64192396148955,12.801784391247963,21.059870096940294
2026-07-04-reviewer-runs,nonEpitopeAcceptance_0.2_epitopeAcceptance_0.75,9,21,40,24365,29.709607982098994,27.546304238862973,31.735995368035958
2026-07-04-reviewer-runs,nonEpitopeAcceptance_0.2_epitopeAcceptance_0.75,10,0,2,10886,1.115820792062954,0.0,2.159979275201418
2026-07-04-reviewer-runs,nonEpitopeAcceptance_0.2_epitopeAcceptance_0.75,10,3,5,24680,4.156418903334936,2.562292239382543,5.553734498515391
2026-07-04-reviewer-runs,nonEpitopeAcceptance_0.2_epitopeAcceptance_0.75,10,6,10,38870,7.853509444827835,5.786216838314998,10.205662693328641
2026-07-04-reviewer-runs,nonEpitopeAcceptance_0.2_epitopeAcceptance_0.75,10,11,20,79265,16.025538965351522,13.4166000477021,18.982773716188056
2026-07-04-reviewer-runs,nonEpitopeAcceptance_0.2_epitopeAcceptance_0.75,10,21,40,46299,26.584140578359875,21.351885449299317,31.96409198100268
2026-07-04-reviewer-runs,nonEpitopeAcceptance_0.2_epitopeAcceptance_0.75,11,0,2,12748,1.0373475116854523,0.0,1.9089064565871217
2026-07-04-reviewer-runs,nonEpitopeAcceptance_0.2_epitopeAcceptance_0.75,11,3,5,30167,3.6851370734343116,2.5890238102419985,5.115372365083509
2026-07-04-reviewer-runs,nonEpitopeAcceptance_0.2_epitopeAcceptance_0.75,11,6,10,59025,8.978080294806903,6.896801364400745,11.277287936822399
2026-07-04-reviewer-runs,nonEpitopeAcceptance_0.2_epitopeAcceptance_0.75,11,11,20,79102,20.45719030683344,16.222255920185702,24.77578465593173
2026-07-04-reviewer-runs,nonEpitopeAcceptance_0.2_epitopeAcceptance_0.75,11,21,40,18958,32.36829160536589,30.449882345421305,34.36388751887656
2026-07-04-reviewer-runs,nonEpitopeAcceptance_0.2_epitopeAcceptance_0.75,12,0,2,14819,1.2581708945926229,0.0,2.09096853395741
2026-07-04-reviewer-runs,nonEpitopeAcceptance_0.2_epitopeAcceptance_0.75,12,3,5,32023,3.874124475284709,2.577149962652543,5.407566000521865
2026-07-04-reviewer-runs,nonEpitopeAcceptance_0.2_epitopeAcceptance_0.75,12,6,10,62813,8.377005252475378,6.050674508680829,10.900790864886826
2026-07-04-reviewer-runs,nonEpitopeAcceptance_0.2_epitopeAcceptance_0.75,12,11,20,81771,17.76115237759082,14.022081285244358,22.44620186401254
2026-07-04-reviewer-runs,nonEpitopeAcceptance_0.2_epitopeAcceptance_0.75,12,21,40,8574,25.24522184493533,22.7877888058495,27.77171330274745
2026-07-04-reviewer-runs,nonEpitopeAcceptance_0.2_epitopeAcceptance_0.75,13,0,2,17621,0.9419630619084802,0.0,1.9267789182986217
2026-07-04-reviewer-runs,nonEpitopeAcceptance_0.2_epitopeAcceptance_0.75,13,3,5,33985,3.7122442187981126,2.5704627170997827,5.167880672964498
2026-07-04-reviewer-runs,nonEpitopeAcceptance_0.2_epitopeAcceptance_0.75,13,6,10,62912,7.688673503277403,5.522079007946192,10.543565880668647
2026-07-04-reviewer-runs,nonEpitopeAcceptance_0.2_epitopeAcceptance_0.75,13,11,20,83820,17.08323698863889,13.368059785011289,21.62290728116827
2026-07-04-reviewer-runs,nonEpitopeAcceptance_0.2_epitopeAcceptance_0.75,13,21,40,1662,29.047660426443986,27.305503589020294,31.38528930454521
2026-07-04-reviewer-runs,nonEpitopeAcceptance_0.2_epitopeAcceptance_0.75,14,0,2,16441,1.5658082034527745,9.999999999976694e-05,2.5055600012771597
2026-07-04-reviewer-runs,nonEpitopeAcceptance_0.2_epitopeAcceptance_0.75,14,3,5,33533,4.586838480914713,2.9936283403255004,6.315348003871201
2026-07-04-reviewer-runs,nonEpitopeAcceptance_0.2_epitopeAcceptance_0.75,14,6,10,59447,10.782315768423777,8.026562224265133,14.157692872074884
2026-07-04-reviewer-runs,nonEpitopeAcceptance_0.2_epitopeAcceptance_0.75,14,11,20,89713,23.683701800605412,18.709290710499957,29.441647163499532
2026-07-04-reviewer-runs,nonEpitopeAcceptance_0.2_epitopeAcceptance_0.75,14,21,40,866,35.45988897345845,30.525195969559316,37.934653384207955
2026-07-04-reviewer-runs,nonEpitopeAcceptance_0.2_epitopeAcceptance_0.75,15,0,2,14473,1.4624766117788015,0.0,2.4521670742426975
2026-07-04-reviewer-runs,nonEpitopeAcceptance_0.2_epitopeAcceptance_0.75,15,3,5,30043,4.523643178899059,2.8851704438386316,6.057185394223955
2026-07-04-reviewer-runs,nonEpitopeAcceptance_0.2_epitopeAcceptance_0.75,15,6,10,56563,10.219358755323153,7.514002835373435,13.264883179282059
2026-07-04-reviewer-runs,nonEpitopeAcceptance_0.2_epitopeAcceptance_0.75,15,11,20,95006,22.568176091567526,17.170168312803458,29.06300834566167
2026-07-04-reviewer-runs,nonEpitopeAcceptance_0.2_epitopeAcceptance_0.75,15,21,40,3915,39.70109508174806,35.5204461015061,42.276960273061256
2026-07-04-reviewer-runs,nonEpitopeAcceptance_0.2_epitopeAcceptance_0.75,16,0,2,14399,1.4099113624621948,0.0,2.3081930703474534
2026-07-04-reviewer-runs,nonEpitopeAcceptance_0.2_epitopeAcceptance_0.75,16,3,5,31720,3.84688394548107,2.7078516078249195,5.501753618620156
2026-07-04-reviewer-runs,nonEpitopeAcceptance_0.2_epitopeAcceptance_0.75,16,6,10,56312,9.674210485428066,7.08613060703795,12.400769739012173
2026-07-04-reviewer-runs,nonEpitopeAcceptance_0.2_epitopeAcceptance_0.75,16,11,20,83889,21.001378242391617,17.16696549917894,26.129141474223758
2026-07-04-reviewer-runs,nonEpitopeAcceptance_0.2_epitopeAcceptance_0.75,16,21,40,13680,35.3101052591181,32.93770957868807,37.25129328936111
2026-07-04-reviewer-runs,nonEpitopeAcceptance_0.2_epitopeAcceptance_0.75,17,0,2,15867,1.4518178467011622,0.0,2.4942595414270743
2026-07-04-reviewer-runs,nonEpitopeAcceptance_0.2_epitopeAcceptance_0.75,17,3,5,36407,5.115836745831517,3.458417107579709,6.79284310379322
2026-07-04-reviewer-runs,nonEpitopeAcceptance_0.2_epitopeAcceptance_0.75,17,6,10,64833,12.011854835120177,9.223302499647295,14.981864745418042
2026-07-04-reviewer-runs,nonEpitopeAcceptance_0.2_epitopeAcceptance_0.75,17,11,20,77838,25.445132635732122,20.81575261262843,30.29553327241493
2026-07-04-reviewer-runs,nonEpitopeAcceptance_0.2_epitopeAcceptance_0.75,17,21,40,5055,38.552163944453234,37.3094284925406,39.839260840156165
2026-07-04-reviewer-runs,nonEpitopeAcceptance_0.2_epitopeAcceptance_0.75,19,0,2,16412,1.4677836625334137,9.999999999976694e-05,2.426335889772889
2026-07-04-reviewer-runs,nonEpitopeAcceptance_0.2_epitopeAcceptance_0.75,19,3,5,41388,4.353571577452243,2.7881221727176855,6.053855171706705
2026-07-04-reviewer-runs,nonEpitopeAcceptance_0.2_epitopeAcceptance_0.75,19,6,10,63669,9.871599741176704,7.585767808864176,12.50770235215085
2026-07-04-reviewer-runs,nonEpitopeAcceptance_0.2_epitopeAcceptance_0.75,19,11,20,78140,20.82334399706253,17.04620524632975,25.15585091425055
2026-07-04-reviewer-runs,nonEpitopeAcceptance_0.2_epitopeAcceptance_0.75,19,21,40,391,32.32380271456315,27.26088674572283,33.37493613836587
2026-07-04-reviewer-runs,nonEpitopeAcceptance_0.2_epitopeAcceptance_0.75,20,0,2,17206,1.3938047208988789,0.0,2.130943922302976
2026-07-04-reviewer-runs,nonEpitopeAcceptance_0.2_epitopeAcceptance_0.75,20,3,5,39148,3.9842124704889943,2.774774212436029,5.47065932132499
2026-07-04-reviewer-runs,nonEpitopeAcceptance_0.2_epitopeAcceptance_0.75,20,6,10,70617,9.858046306444297,7.399772295145304,12.303178617739398
2026-07-04-reviewer-runs,nonEpitopeAcceptance_0.2_epitopeAcceptance_0.75,20,11,20,71806,19.98519619568444,16.554951738075225,23.879443609305472
2026-07-04-reviewer-runs,nonEpitopeAcceptance_0.2_epitopeAcceptance_0.75,20,21,40,1223,30.885724496763874,29.15500681289579,32.75286697756397
2026-07-04-reviewer-runs,nonEpitopeAcceptance_0.2_epitopeAcceptance_0.75,21,0,2,15681,1.4351911510318052,0.0,2.331435808680994
2026-07-04-reviewer-runs,nonEpitopeAcceptance_0.2_epitopeAcceptance_0.75,21,3,5,38854,4.840462820846785,2.9638368804598807,6.345225547606642
2026-07-04-reviewer-runs,nonEpitopeAcceptance_0.2_epitopeAcceptance_0.75,21,6,10,62214,10.729687129175762,8.110663784223533,13.032466267364747
2026-07-04-reviewer-runs,nonEpitopeAcceptance_0.2_epitopeAcceptance_0.75,21,11,20,77140,21.169547560777435,17.720740110954733,25.54648719374153
2026-07-04-reviewer-runs,nonEpitopeAcceptance_0.2_epitopeAcceptance_0.75,21,21,40,6111,33.89342262814424,32.378307117266026,35.21460491401259
2026-07-04-reviewer-runs,nonEpitopeAcceptance_0.2_epitopeAcceptance_0.75,22,0,2,16070,1.2673207683929115,0.0,2.4187605772378546
2026-07-04-reviewer-runs,nonEpitopeAcceptance_0.2_epitopeAcceptance_0.75,22,3,5,31699,4.140683793771266,2.8750025565206045,5.554104545289007
2026-07-04-reviewer-runs,nonEpitopeAcceptance_0.2_epitopeAcceptance_0.75,22,6,10,47222,8.952080203505776,6.752213083871092,11.093469534809815
2026-07-04-reviewer-runs,nonEpitopeAcceptance_0.2_epitopeAcceptance_0.75,22,11,20,74423,18.12987118818002,14.49280900481339,21.813856347972955
2026-07-04-reviewer-runs,nonEpitopeAcceptance_0.2_epitopeAcceptance_0.75,22,21,40,30586,31.42741868894103,27.959176279890652,34.76089648225431
2026-07-04-reviewer-runs,nonEpitopeAcceptance_0.2_epitopeAcceptance_0.75,23,0,2,16474,0.9680676216050222,0.0,1.9816656453599857
2026-07-04-reviewer-runs,nonEpitopeAcceptance_0.2_epitopeAcceptance_0.75,23,3,5,37232,3.511345875871526,2.363802309838961,5.128221248152229
2026-07-04-reviewer-runs,nonEpitopeAcceptance_0.2_epitopeAcceptance_0.75,23,6,10,53731,7.904468137072855,6.153255655805663,10.010265836629916
2026-07-04-reviewer-runs,nonEpitopeAcceptance_0.2_epitopeAcceptance_0.75,23,11,20,71355,16.0311674824387,13.386645404218282,19.238706310456532
2026-07-04-reviewer-runs,nonEpitopeAcceptance_0.2_epitopeAcceptance_0.75,23,21,40,21208,25.994466492890368,23.796066759445765,28.86394316920161
2026-07-04-reviewer-runs,nonEpitopeAcceptance_0.2_epitopeAcceptance_0.75,28,0,2,15890,1.4891735593946047,0.0,2.5506996883208357
2026-07-04-reviewer-runs,nonEpitopeAcceptance_0.2_epitopeAcceptance_0.75,28,3,5,32314,4.538748811071173,3.2426434478678074,6.169980411638273
2026-07-04-reviewer-runs,nonEpitopeAcceptance_0.2_epitopeAcceptance_0.75,28,6,10,51780,10.351693783144862,8.13559528553381,12.459077759208348
2026-07-04-reviewer-runs,nonEpitopeAcceptance_0.2_epitopeAcceptance_0.75,28,11,20,84820,22.78155996239064,18.655670806754713,28.23329235707377
2026-07-04-reviewer-runs,nonEpitopeAcceptance_0.2_epitopeAcceptance_0.75,28,21,40,15196,39.17008473171842,36.286478073381545,41.204403931618764
2026-07-04-reviewer-runs,nonEpitopeAcceptance_0.2_epitopeAcceptance_0.75,29,0,2,17759,1.0781387526659096,0.0,1.964410916789052
2026-07-04-reviewer-runs,nonEpitopeAcceptance_0.2_epitopeAcceptance_0.75,29,3,5,37728,3.9186027739488973,2.909561968750623,5.10288933546476
2026-07-04-reviewer-runs,nonEpitopeAcceptance_0.2_epitopeAcceptance_0.75,29,6,10,56546,8.852992647122212,6.962952668229194,10.498720764455067
2026-07-04-reviewer-runs,nonEpitopeAcceptance_0.2_epitopeAcceptance_0.75,29,11,20,77917,15.213686985737548,13.288440459662679,18.153794650155103
2026-07-04-reviewer-runs,nonEpitopeAcceptance_0.2_epitopeAcceptance_0.75,29,21,40,10050,20.706250257591307,18.77193213736934,23.294597737208417
2026-07-04-reviewer-runs,nonEpitopeAcceptance_0.2_epitopeAcceptance_1.0,1,0,2,15356,1.7986557007943489,0.00010000000000331966,2.8724469586051544
2026-07-04-reviewer-runs,nonEpitopeAcceptance_0.2_epitopeAcceptance_1.0,1,3,5,31170,4.895591587249209,3.2773051383720717,6.379255342906411
2026-07-04-reviewer-runs,nonEpitopeAcceptance_0.2_epitopeAcceptance_1.0,1,6,10,54442,11.06550598617162,8.843126893243136,13.651174497456253
2026-07-04-reviewer-runs,nonEpitopeAcceptance_0.2_epitopeAcceptance_1.0,1,11,20,79822,23.25445067508583,18.758350743475923,28.410967074881487
2026-07-04-reviewer-runs,nonEpitopeAcceptance_0.2_epitopeAcceptance_1.0,1,21,40,19210,38.48781552881379,35.792632789444255,41.819790640556775
2026-07-04-reviewer-runs,nonEpitopeAcceptance_0.2_epitopeAcceptance_1.0,3,0,2,16747,1.58399682133519,9.999999999976694e-05,2.796165497605604
2026-07-04-reviewer-runs,nonEpitopeAcceptance_0.2_epitopeAcceptance_1.0,3,3,5,36471,5.284733342374052,3.7261295857766408,7.281699660106832
2026-07-04-reviewer-runs,nonEpitopeAcceptance_0.2_epitopeAcceptance_1.0,3,6,10,62105,12.579308734982218,9.193173567925282,16.159641970353178
2026-07-04-reviewer-runs,nonEpitopeAcceptance_0.2_epitopeAcceptance_1.0,3,11,20,79100,26.678058202387966,21.723710882351565,31.931684948495906
2026-07-04-reviewer-runs,nonEpitopeAcceptance_0.2_epitopeAcceptance_1.0,3,21,40,5577,41.796106534700094,39.93465705587066,43.989441101359766
2026-07-04-reviewer-runs,nonEpitopeAcceptance_0.2_epitopeAcceptance_1.0,6,0,2,13805,1.5309853461088367,0.0,2.782832618035083
2026-07-04-reviewer-runs,nonEpitopeAcceptance_0.2_epitopeAcceptance_1.0,6,3,5,31070,4.754462734105716,2.9591154979148757,6.622196484674341
2026-07-04-reviewer-runs,nonEpitopeAcceptance_0.2_epitopeAcceptance_1.0,6,6,10,58167,11.228906594143528,8.779773840481313,13.921808879955222
2026-07-04-reviewer-runs,nonEpitopeAcceptance_0.2_epitopeAcceptance_1.0,6,11,20,80987,21.829904033000233,19.12417581099902,24.767122994809068
2026-07-04-reviewer-runs,nonEpitopeAcceptance_0.2_epitopeAcceptance_1.0,6,21,40,15971,25.780506550686702,24.798232983218785,26.368252699411087
2026-07-04-reviewer-runs,nonEpitopeAcceptance_0.2_epitopeAcceptance_1.0,10,0,2,14675,1.3050093524569077,0.0,2.1471009873780975
2026-07-04-reviewer-runs,nonEpitopeAcceptance_0.2_epitopeAcceptance_1.0,10,3,5,34391,4.263320903943311,2.80220536363772,5.9398930200804125
2026-07-04-reviewer-runs,nonEpitopeAcceptance_0.2_epitopeAcceptance_1.0,10,6,10,62482,9.750882866694687,6.779445502911651,13.176847833226276
2026-07-04-reviewer-runs,nonEpitopeAcceptance_0.2_epitopeAcceptance_1.0,10,11,20,80951,19.720710123116763,15.09891111968012,24.325090863756294
2026-07-04-reviewer-runs,nonEpitopeAcceptance_0.2_epitopeAcceptance_1.0,10,21,40,7501,32.6375280574372,30.732105471639912,33.890128442512584
2026-07-04-reviewer-runs,nonEpitopeAcceptance_0.2_epitopeAcceptance_1.0,11,0,2,14760,1.5642794502078399,0.0,2.5350087179337275
2026-07-04-reviewer-runs,nonEpitopeAcceptance_0.2_epitopeAcceptance_1.0,11,3,5,35652,5.081654924333214,3.4602796649981906,6.881841065441716
2026-07-04-reviewer-runs,nonEpitopeAcceptance_0.2_epitopeAcceptance_1.0,11,6,10,65490,11.830543355653624,9.09196375377729,14.892953454570387
2026-07-04-reviewer-runs,nonEpitopeAcceptance_0.2_epitopeAcceptance_1.0,11,11,20,83786,26.0917691374119,21.180595563392455,32.49894411592475
2026-07-04-reviewer-runs,nonEpitopeAcceptance_0.2_epitopeAcceptance_1.0,11,21,40,312,43.750493556443665,42.44351334939181,44.67236843927331
2026-07-04-reviewer-runs,nonEpitopeAcceptance_0.2_epitopeAcceptance_1.0,12,0,2,12041,1.6021651381802042,0.2545718955422994,2.564207224465293
2026-07-04-reviewer-runs,nonEpitopeAcceptance_0.2_epitopeAcceptance_1.0,12,3,5,28442,4.034995140021856,2.5915256529696933,5.771679101440065
2026-07-04-reviewer-runs,nonEpitopeAcceptance_0.2_epitopeAcceptance_1.0,12,6,10,57740,9.703768656042866,6.961351457870805,12.509644640836125
2026-07-04-reviewer-runs,nonEpitopeAcceptance_0.2_epitopeAcceptance_1.0,12,11,20,76639,21.257212834235816,17.24130753510301,25.4341317956796
2026-07-04-reviewer-runs,nonEpitopeAcceptance_0.2_epitopeAcceptance_1.0,12,21,40,25138,33.85383507447863,31.321770475182273,37.097013665927335
2026-07-04-reviewer-runs,nonEpitopeAcceptance_0.2_epitopeAcceptance_1.0,14,0,2,11057,1.2900855979352708,9.999999999976694e-05,2.4411196713803265
2026-07-04-reviewer-runs,nonEpitopeAcceptance_0.2_epitopeAcceptance_1.0,14,3,5,25085,4.300952649123217,2.796536752842702,5.939339965012948
2026-07-04-reviewer-runs,nonEpitopeAcceptance_0.2_epitopeAcceptance_1.0,14,6,10,39644,9.98909972720265,7.451291222331872,12.424926071812262
2026-07-04-reviewer-runs,nonEpitopeAcceptance_0.2_epitopeAcceptance_1.0,14,11,20,69250,22.855461888353954,18.326649942092526,27.361748679680545
2026-07-04-reviewer-runs,nonEpitopeAcceptance_0.2_epitopeAcceptance_1.0,14,21,40,54964,39.85443473002722,34.57481598071058,45.91328363567563
2026-07-04-reviewer-runs,nonEpitopeAcceptance_0.2_epitopeAcceptance_1.0,15,0,2,13786,1.0735740030384495,0.0,2.1210442451773615
2026-07-04-reviewer-runs,nonEpitopeAcceptance_0.2_epitopeAcceptance_1.0,15,3,5,28036,4.401853573212084,3.087464229752308,5.996344954220027
2026-07-04-reviewer-runs,nonEpitopeAcceptance_0.2_epitopeAcceptance_1.0,15,6,10,46965,10.155735832031079,7.79295073896916,12.66229302022347
2026-07-04-reviewer-runs,nonEpitopeAcceptance_0.2_epitopeAcceptance_1.0,15,11,20,79299,22.09044744725647,17.49454398849774,26.775059920754607
2026-07-04-reviewer-runs,nonEpitopeAcceptance_0.2_epitopeAcceptance_1.0,15,21,40,31914,37.82170284162256,34.329028563156285,41.398816193944484
2026-07-04-reviewer-runs,nonEpitopeAcceptance_0.2_epitopeAcceptance_1.0,17,0,2,17797,1.5098096370072627,0.06699679096792488,2.518560980004257
2026-07-04-reviewer-runs,nonEpitopeAcceptance_0.2_epitopeAcceptance_1.0,17,3,5,45411,4.820836467875672,3.285481875003082,7.06965593858711
2026-07-04-reviewer-runs,nonEpitopeAcceptance_0.2_epitopeAcceptance_1.0,17,6,10,81886,12.755562699073687,9.4302150076231,16.730681090186728
2026-07-04-reviewer-runs,nonEpitopeAcceptance_0.2_epitopeAcceptance_1.0,17,11,20,54896,24.479457966425645,20.329329130593564,27.27783161488464
2026-07-04-reviewer-runs,nonEpitopeAcceptance_0.2_epitopeAcceptance_1.0,17,21,40,10,28.35369931159213,27.981690228611992,29.66405513108415
2026-07-04-reviewer-runs,nonEpitopeAcceptance_0.2_epitopeAcceptance_1.0,18,0,2,13247,1.3678745300648,0.0,2.5846345969981877
2026-07-04-reviewer-runs,nonEpitopeAcceptance_0.2_epitopeAcceptance_1.0,18,3,5,30230,4.338852581591169,3.1302199954635777,6.071769073342631
2026-07-04-reviewer-runs,nonEpitopeAcceptance_0.2_epitopeAcceptance_1.0,18,6,10,58393,9.419364738664704,7.020668988778778,12.440598720720798
2026-07-04-reviewer-runs,nonEpitopeAcceptance_0.2_epitopeAcceptance_1.0,18,11,20,81632,20.66500443987371,16.907303687164315,24.173340947622446
2026-07-04-reviewer-runs,nonEpitopeAcceptance_0.2_epitopeAcceptance_1.0,18,21,40,16498,31.70424486547503,29.896634113224184,34.61484334313501
2026-07-04-reviewer-runs,nonEpitopeAcceptance_0.2_epitopeAcceptance_1.0,20,0,2,12527,1.417246517018123,0.00010000000000065512,2.21789788764046
2026-07-04-reviewer-runs,nonEpitopeAcceptance_0.2_epitopeAcceptance_1.0,20,3,5,27017,4.4354727211425855,2.826803093602383,5.858930448469243
2026-07-04-reviewer-runs,nonEpitopeAcceptance_0.2_epitopeAcceptance_1.0,20,6,10,52666,10.528212674998544,7.894309779835095,13.416023897191002
2026-07-04-reviewer-runs,nonEpitopeAcceptance_0.2_epitopeAcceptance_1.0,20,11,20,82446,22.55032368795485,18.20058188520356,27.907974226912277
2026-07-04-reviewer-runs,nonEpitopeAcceptance_0.2_epitopeAcceptance_1.0,20,21,40,25344,39.78388165991348,35.98680534265303,43.140396755940955
2026-07-04-reviewer-runs,nonEpitopeAcceptance_0.2_epitopeAcceptance_1.0,22,0,2,12051,0.7110663541470637,0.0,2.258067175705805
2026-07-04-reviewer-runs,nonEpitopeAcceptance_0.2_epitopeAcceptance_1.0,22,3,5,28207,4.14520678495054,2.8294198574972933,5.452548876443019
2026-07-04-reviewer-runs,nonEpitopeAcceptance_0.2_epitopeAcceptance_1.0,22,6,10,57201,9.472260262999534,7.16785418448227,11.958289928330053
2026-07-04-reviewer-runs,nonEpitopeAcceptance_0.2_epitopeAcceptance_1.0,22,11,20,84895,19.068135250726538,16.269262817964435,21.65054922467326
2026-07-04-reviewer-runs,nonEpitopeAcceptance_0.2_epitopeAcceptance_1.0,22,21,40,17646,23.866600061592347,22.91495559694585,25.379340957952394
2026-07-04-reviewer-runs,nonEpitopeAcceptance_0.2_epitopeAcceptance_1.0,23,0,2,13755,0.7054517559691774,0.0,2.087348605288538
2026-07-04-reviewer-runs,nonEpitopeAcceptance_0.2_epitopeAcceptance_1.0,23,3,5,30240,4.315121830261575,2.8442422277295556,5.819939282329329
2026-07-04-reviewer-runs,nonEpitopeAcceptance_0.2_epitopeAcceptance_1.0,23,6,10,59879,10.141413819088543,7.543962354757614,13.228010916989751
2026-07-04-reviewer-runs,nonEpitopeAcceptance_0.2_epitopeAcceptance_1.0,23,11,20,79164,21.6797561187851,17.646745460849147,25.53529387436142
2026-07-04-reviewer-runs,nonEpitopeAcceptance_0.2_epitopeAcceptance_1.0,23,21,40,16962,32.18468042733996,30.791343299050794,33.61894178703429
2026-07-04-reviewer-runs,nonEpitopeAcceptance_0.2_epitopeAcceptance_1.0,24,0,2,13237,1.438578301657577,0.0,2.370592046304045
2026-07-04-reviewer-runs,nonEpitopeAcceptance_0.2_epitopeAcceptance_1.0,24,3,5,29642,4.476108690592756,2.9048249534180175,5.945202604621646
2026-07-04-reviewer-runs,nonEpitopeAcceptance_0.2_epitopeAcceptance_1.0,24,6,10,53118,9.782180216086799,7.304356890324836,12.318810864689825
2026-07-04-reviewer-runs,nonEpitopeAcceptance_0.2_epitopeAcceptance_1.0,24,11,20,85277,19.92538797137963,16.36232218849146,23.189734222711564
2026-07-04-reviewer-runs,nonEpitopeAcceptance_0.2_epitopeAcceptance_1.0,24,21,40,18726,27.228259998207744,26.093516021971418,28.48018003594781
2026-07-04-reviewer-runs,nonEpitopeAcceptance_0.2_epitopeAcceptance_1.0,25,0,2,12032,1.1345098016324007,0.0,2.4405237839447493
2026-07-04-reviewer-runs,nonEpitopeAcceptance_0.2_epitopeAcceptance_1.0,25,3,5,25316,4.432698596791801,2.9665079942585693,6.68720435234336
2026-07-04-reviewer-runs,nonEpitopeAcceptance_0.2_epitopeAcceptance_1.0,25,6,10,47479,9.59948344704026,6.6563320808084665,12.38211500269643
2026-07-04-reviewer-runs,nonEpitopeAcceptance_0.2_epitopeAcceptance_1.0,25,11,20,83787,18.842510834015727,15.808358765222911,21.674283481813188
2026-07-04-reviewer-runs,nonEpitopeAcceptance_0.2_epitopeAcceptance_1.0,25,21,40,31386,26.268834540001958,23.990009452478336,29.39510333388879
2026-07-04-reviewer-runs,nonEpitopeAcceptance_0.2_epitopeAcceptance_1.0,26,0,2,12698,1.3408083420086612,0.0,2.1594432731609308
2026-07-04-reviewer-runs,nonEpitopeAcceptance_0.2_epitopeAcceptance_1.0,26,3,5,29795,3.7121480627798236,2.458815504051731,4.874868835667908
2026-07-04-reviewer-runs,nonEpitopeAcceptance_0.2_epitopeAcceptance_1.0,26,6,10,47384,8.156429479251326,6.085264908777601,10.161102708859898
2026-07-04-reviewer-runs,nonEpitopeAcceptance_0.2_epitopeAcceptance_1.0,26,11,20,80830,17.457871461395598,13.65496829179768,21.506797001180814
2026-07-04-reviewer-runs,nonEpitopeAcceptance_0.2_epitopeAcceptance_1.0,26,21,40,29293,30.73445181502348,26.756963588568865,34.64516306124132
2026-07-04-reviewer-runs,nonEpitopeAcceptance_0.2_epitopeAcceptance_1.0,29,0,2,12614,1.2332693499552254,0.0,2.2062514317275825
2026-07-04-reviewer-runs,nonEpitopeAcceptance_0.2_epitopeAcceptance_1.0,29,3,5,29465,4.119105364032344,2.8556626498940667,5.352873083681324
2026-07-04-reviewer-runs,nonEpitopeAcceptance_0.2_epitopeAcceptance_1.0,29,6,10,56136,9.941806695177855,7.53443259310215,12.275582204115615
2026-07-04-reviewer-runs,nonEpitopeAcceptance_0.2_epitopeAcceptance_1.0,29,11,20,83287,22.401817733389404,17.859043478585292,27.408741289595913
2026-07-04-reviewer-runs,nonEpitopeAcceptance_0.2_epitopeAcceptance_1.0,29,21,40,18498,37.600898392724616,34.71818889775214,40.331621883490165
