batch,build,config,run,pivot_date,model,location,variant,mae,mse,normalized_mae,r2,n_points
2026-07-04-reviewer-runs,2026-07-04-reviewer-runs/nonEpitopeAcceptance_0.2_epitopeAcceptance_0.75__run_28,nonEpitopeAcceptance_0.2_epitopeAcceptance_0.75,28,2030-10-01,FGA,south,4.0,0.2457533956369044,0.0605198386310404,4.989933396148236,-98.32930309656732,11
2026-07-04-reviewer-runs,2026-07-04-reviewer-runs/nonEpitopeAcceptance_0.25_epitopeAcceptance_0.75__run_1,nonEpitopeAcceptance_0.25_epitopeAcceptance_0.75,1,2052-10-01,GARW,south,26.0,0.238520034076848,0.0637763490087593,9.52985731277316,-3697.044065827224,3
2026-07-04-reviewer-runs,2026-07-04-reviewer-runs/nonEpitopeAcceptance_0.25_epitopeAcceptance_0.75__run_22,nonEpitopeAcceptance_0.25_epitopeAcceptance_0.75,22,2052-10-01,GARW,tropics,28.0,0.2326161239847693,0.0697609673632701,19.920960246254143,-45944.99275435518,7
2026-07-04-reviewer-runs,2026-07-04-reviewer-runs/nonEpitopeAcceptance_0.2_epitopeAcceptance_0.75__run_19,nonEpitopeAcceptance_0.2_epitopeAcceptance_0.75,19,2052-10-01,FGA,south,27.0,0.2276509781890207,0.0595109516472712,6.495133621496703,-1113.396619673798,5
2026-07-04-reviewer-runs,2026-07-04-reviewer-runs/nonEpitopeAcceptance_0.2_epitopeAcceptance_0.75__run_23,nonEpitopeAcceptance_0.2_epitopeAcceptance_0.75,23,2044-04-01,FGA,tropics,19.0,0.2238174991741897,0.0501065790987277,6.051606278737797,-2492.253858655804,7
2026-07-04-reviewer-runs,2026-07-04-reviewer-runs/nonEpitopeAcceptance_0.2_epitopeAcceptance_0.75__run_19,nonEpitopeAcceptance_0.2_epitopeAcceptance_0.75,19,2052-10-01,GARW,south,27.0,0.2231983671890207,0.057070800794299,6.368095716192674,-1067.7025787153557,5
2026-07-04-reviewer-runs,2026-07-04-reviewer-runs/nonEpitopeAcceptance_0.2_epitopeAcceptance_0.75__run_12,nonEpitopeAcceptance_0.2_epitopeAcceptance_0.75,12,2052-10-01,GARW,tropics,28.0,0.2175768285262008,0.0632274805688011,10.160222806868155,-32652.538997588195,8
2026-07-04-reviewer-runs,2026-07-04-reviewer-runs/nonEpitopeAcceptance_0.25_epitopeAcceptance_0.75__run_26,nonEpitopeAcceptance_0.25_epitopeAcceptance_0.75,26,2052-10-01,GARW,tropics,28.0,0.216404424245733,0.0607600845050804,20.49780368555613,-17385.722305859494,9
2026-07-04-reviewer-runs,2026-07-04-reviewer-runs/nonEpitopeAcceptance_0.2_epitopeAcceptance_0.75__run_29,nonEpitopeAcceptance_0.2_epitopeAcceptance_0.75,29,2052-10-01,GARW,south,26.0,0.2036108661746773,0.0510291506221126,5.370925211278033,-216.8459702176916,7
2026-07-04-reviewer-runs,2026-07-04-reviewer-runs/nonEpitopeAcceptance_0.25_epitopeAcceptance_0.75__run_1,nonEpitopeAcceptance_0.25_epitopeAcceptance_0.75,1,2028-10-01,GARW,south,4.0,0.1940662584618556,0.0388422546717251,5.338628932284661,-660.8666375860788,9
2026-07-04-reviewer-runs,2026-07-04-reviewer-runs/nonEpitopeAcceptance_0.25_epitopeAcceptance_0.75__run_27,nonEpitopeAcceptance_0.25_epitopeAcceptance_0.75,27,2052-10-01,GARW,tropics,29.0,0.1938258801670996,0.0503758925606166,6.025961466197867,-7227.9106709273,12
2026-07-04-reviewer-runs,2026-07-04-reviewer-runs/nonEpitopeAcceptance_0.2_epitopeAcceptance_0.75__run_20,nonEpitopeAcceptance_0.2_epitopeAcceptance_0.75,20,2052-10-01,GARW,tropics,26.0,0.1918833676139507,0.0459199039342644,15.844843434797069,-15709.725026363096,7
2026-07-04-reviewer-runs,2026-07-04-reviewer-runs/nonEpitopeAcceptance_0.25_epitopeAcceptance_0.75__run_2,nonEpitopeAcceptance_0.25_epitopeAcceptance_0.75,2,2052-10-01,GARW,south,27.0,0.1847221193658741,0.0391974148188096,4.261294007338707,-402.074093823511,6
2026-07-04-reviewer-runs,2026-07-04-reviewer-runs/nonEpitopeAcceptance_0.2_epitopeAcceptance_1.0__run_10,nonEpitopeAcceptance_0.2_epitopeAcceptance_1.0,10,2052-10-01,GARW,tropics,26.0,0.1843890860086467,0.0449552478545969,10.33960585312756,-23758.11687801967,7
2026-07-04-reviewer-runs,2026-07-04-reviewer-runs/nonEpitopeAcceptance_0.2_epitopeAcceptance_0.75__run_21,nonEpitopeAcceptance_0.2_epitopeAcceptance_0.75,21,2030-10-01,GARW,tropics,8.0,0.1843341761401137,0.0345333285946467,8.865428459320022,-5044.648687462137,9
2026-07-04-reviewer-runs,2026-07-04-reviewer-runs/nonEpitopeAcceptance_0.25_epitopeAcceptance_1.0__run_26,nonEpitopeAcceptance_0.25_epitopeAcceptance_1.0,26,2051-04-01,FGA,north,26.0,0.1835913954694173,0.041047480551864,4.311418539772332,-372.6562826639066,5
2026-07-04-reviewer-runs,2026-07-04-reviewer-runs/nonEpitopeAcceptance_0.2_epitopeAcceptance_0.75__run_19,nonEpitopeAcceptance_0.2_epitopeAcceptance_0.75,19,2052-10-01,GARW,tropics,26.0,0.1799284437252205,0.0415413053701462,9.142463778256149,-11622.88195375544,14
2026-07-04-reviewer-runs,2026-07-04-reviewer-runs/nonEpitopeAcceptance_0.25_epitopeAcceptance_0.75__run_1,nonEpitopeAcceptance_0.25_epitopeAcceptance_0.75,1,2052-10-01,GARW,tropics,26.0,0.1772932477515632,0.0404451070954238,8.072554996316116,-5575.643534356568,18
2026-07-04-reviewer-runs,2026-07-04-reviewer-runs/nonEpitopeAcceptance_0.25_epitopeAcceptance_1.0__run_26,nonEpitopeAcceptance_0.25_epitopeAcceptance_1.0,26,2052-10-01,GARW,south,28.0,0.1734824364581723,0.0376230636881892,2.775831022417497,-35.84855403360492,12
2026-07-04-reviewer-runs,2026-07-04-reviewer-runs/nonEpitopeAcceptance_0.25_epitopeAcceptance_1.0__run_22,nonEpitopeAcceptance_0.25_epitopeAcceptance_1.0,22,2052-10-01,GARW,south,26.0,0.1700121821024688,0.0394086542274036,3.138738287537541,-96.52422192640763,12
