batch,config,run,n_tips,n_nodes,n_substitutions,n_mutation_events,n_substitutions_epitope,n_substitutions_non_epitope,n_recurrent_epitope,n_recurrent_non_epitope,n_reverse_anywhere_epitope,n_reverse_anywhere_non_epitope,n_lineage_cycle_epitope,n_lineage_cycle_non_epitope,n_reverse_anywhere_unordered_pairs,n_lineage_cycle_unordered_pairs,n_lineage_cycle_origin_pairs,anchor_tip,n_recurrent_corrected_epitope,n_recurrent_corrected_non_epitope,median_same_mutation_bg_distance,median_min_same_mutation_bg_distance,median_null_bg_distance,genotype_antigenic_pearson,genotype_antigenic_spearman,antigenic_span,n_identical_sequence_groups,n_tips_in_shared_sequences,n_tips_total,frac_shared_sequences_spreading,frac_tips_in_spreading_group,identical_seq_spread_median,identical_seq_spread_p90,identical_seq_spread_max,identical_seq_spread_median_when_spreading,notes
2026-07-04-reviewer-runs,nonEpitopeAcceptance_0.25_epitopeAcceptance_0.75,2,7853,9069,2008,4306,323,1685,185,775,56,34,28,18,45,44,186,1003af81,159,767,9.30952380952381,5.0,9.0,0.9251916273819442,0.934867401269021,41.40866789996993,1331,147625,150188,0.05785123966942149,0.09833009295016912,0.0,1.464821375527116e-14,8.3931193526948,1.2818021632180558,
2026-07-04-reviewer-runs,nonEpitopeAcceptance_0.25_epitopeAcceptance_0.75,3,7791,8978,1982,4232,329,1653,206,780,56,24,30,12,40,39,200,100962b0,178,773,9.666666666666666,5.0,9.0,0.9672436458306672,0.9670682628384408,41.55775471124493,1368,147862,150382,0.06067251461988304,0.09729222912316633,0.0,1.5888218580782548e-14,7.408239293666295,1.0291755434327028,
2026-07-04-reviewer-runs,nonEpitopeAcceptance_0.25_epitopeAcceptance_0.75,4,7874,8967,2042,4225,356,1686,215,772,50,14,25,7,32,31,178,100418ba,189,766,10.0,5.0,10.0,0.9540410446064285,0.9610388734651266,48.85756000866192,1260,147345,150047,0.048412698412698414,0.09647643738295335,0.0,1.432144669219779e-14,8.531586751410828,1.3000050510671155,
2026-07-04-reviewer-runs,nonEpitopeAcceptance_0.25_epitopeAcceptance_0.75,6,7521,8776,1962,4092,331,1631,190,735,60,18,31,9,39,38,290,1009d384,163,728,7.933333333333334,4.0,7.0,0.9652309537785203,0.9627752270976094,32.74788971827039,1358,147518,149919,0.06701030927835051,0.07442685716953822,0.0,1.5888218580782548e-14,6.100984346910744,1.0129634359146424,
2026-07-04-reviewer-runs,nonEpitopeAcceptance_0.25_epitopeAcceptance_0.75,7,7927,9078,2034,4402,344,1690,205,807,74,44,34,23,59,55,352,10111ad3,181,800,11.0,5.0,10.0,0.9489296035336534,0.9538112044827318,44.87001056763861,1335,147344,150033,0.05692883895131086,0.20299534102497452,0.0,1.432144669219779e-14,6.092492105116912,1.2798957355524383,
2026-07-04-reviewer-runs,nonEpitopeAcceptance_0.25_epitopeAcceptance_0.75,9,8087,9339,2061,4482,346,1715,203,790,70,26,39,13,48,45,354,100099ae,178,786,9.0,5.0,8.0,0.9492308907896142,0.9440257469607602,46.004758237599724,1351,147503,150229,0.05921539600296077,0.0620452775429511,0.0,1.5888218580782548e-14,5.968564936865952,0.9473159231950202,
2026-07-04-reviewer-runs,nonEpitopeAcceptance_0.25_epitopeAcceptance_0.75,10,7142,8304,1909,3898,310,1599,168,721,44,26,22,13,35,35,199,10000f77,144,704,7.0,4.0,6.0,0.9579411853248049,0.9565809712925856,29.975923515047867,1262,147336,149641,0.0768621236133122,0.3482601693386171,0.0,2.0773475723601455e-14,7.1760672564528925,1.178242457598986,
2026-07-04-reviewer-runs,nonEpitopeAcceptance_0.25_epitopeAcceptance_0.75,11,8173,9373,1997,4346,326,1671,204,785,48,28,26,15,38,36,224,10079b32,171,778,7.5,4.0,7.0,0.9321255258564484,0.9381795959563868,36.87706054785278,1359,147871,150495,0.06328182487122884,0.23274527392936642,0.0,1.5888218580782548e-14,5.287542225504202,1.1366901396942817,
2026-07-04-reviewer-runs,nonEpitopeAcceptance_0.25_epitopeAcceptance_0.75,12,8180,9363,2030,4402,350,1680,198,849,60,18,29,9,39,38,194,1000669a,175,841,10.166666666666666,5.0,9.0,0.90956915164042,0.9272485961751545,30.170659311490027,1402,147603,150310,0.046362339514978604,0.17999467766615662,0.0,1.4210854715202004e-14,5.190616629685522,1.3848715788837611,
2026-07-04-reviewer-runs,nonEpitopeAcceptance_0.25_epitopeAcceptance_0.75,14,7607,8741,1996,4147,313,1683,193,751,46,30,25,16,38,37,147,100558ec,172,746,8.549603174603174,4.0,8.0,0.9378530660554821,0.9379459951162149,41.69351925491539,1266,146484,149040,0.07109004739336493,0.41183574879227053,0.0,2.842170943040401e-14,7.065482507674103,1.2367524213434815,
2026-07-04-reviewer-runs,nonEpitopeAcceptance_0.25_epitopeAcceptance_0.75,15,8088,9235,1977,4300,322,1655,200,810,44,34,23,17,39,39,111,100884dd,170,804,8.5,5.0,8.0,0.9273546911524354,0.9367438128835375,32.63927345162572,1379,146926,149552,0.05946337926033358,0.20571440034235583,0.0,1.5888218580782548e-14,6.0981468461942185,1.2494398426468494,
2026-07-04-reviewer-runs,nonEpitopeAcceptance_0.25_epitopeAcceptance_0.75,16,8424,9509,2073,4498,375,1698,224,841,70,16,35,9,43,41,98,100440f5,194,825,10.333333333333334,6.0,10.0,0.9007832976095043,0.9156373487284358,36.62096497977627,1351,147114,149985,0.05921539600296077,0.14878154482114878,0.0,1.0048591735576161e-14,7.027189489987901,1.2550904110800942,
2026-07-04-reviewer-runs,nonEpitopeAcceptance_0.25_epitopeAcceptance_0.75,17,7324,8357,1925,3934,335,1590,188,704,54,24,26,12,39,38,96,100014d2,161,696,9.0,5.0,8.0,0.9238996408272406,0.9291335640442002,35.086689774043954,1230,148057,150457,0.06341463414634146,0.18753530909163416,0.0,1.5888218580782548e-14,6.999391540980824,1.1224391537353005,
2026-07-04-reviewer-runs,nonEpitopeAcceptance_0.25_epitopeAcceptance_0.75,18,8082,9373,2062,4415,346,1716,201,809,66,28,34,14,47,47,202,1001b486,176,803,9.882142857142856,5.0,9.0,0.965567103135898,0.9667627159630998,45.79576176416328,1375,147804,150480,0.06618181818181817,0.12262094630515682,0.0,2.0097183471152322e-14,3.8652698709019417,1.2219547659385785,
2026-07-04-reviewer-runs,nonEpitopeAcceptance_0.25_epitopeAcceptance_0.75,21,8742,10062,2081,4780,351,1730,219,880,58,10,31,5,34,34,233,10015dad,192,868,10.0,5.0,10.0,0.9574277263126656,0.9621687399785823,41.56189544438511,1481,146784,149696,0.04929101958136394,0.12868747327917915,0.0,1.432144669219779e-14,7.530762145201386,1.0572955394487538,
2026-07-04-reviewer-runs,nonEpitopeAcceptance_0.25_epitopeAcceptance_0.75,22,8106,9396,2050,4480,335,1715,207,798,50,28,26,14,39,37,236,1003c335,180,792,9.166666666666666,5.0,9.0,0.956604604873515,0.9546054892377727,41.53403005368008,1388,146902,149575,0.059077809798270896,0.18636135717867292,0.0,1.464821375527116e-14,7.336364535255712,1.276619786590273,
2026-07-04-reviewer-runs,nonEpitopeAcceptance_0.25_epitopeAcceptance_0.75,23,7861,9056,2005,4252,340,1665,207,765,66,28,34,15,47,44,315,1000b503,179,761,8.666666666666666,4.0,8.0,0.9514110031443866,0.951843660446222,45.3372520200552,1267,147023,149632,0.06945540647198106,0.31824743370402053,0.0,2.0097183471152322e-14,8.061044517403333,1.2138981083725957,
2026-07-04-reviewer-runs,nonEpitopeAcceptance_0.25_epitopeAcceptance_0.75,24,8084,9310,2034,4473,346,1688,220,794,58,30,30,15,44,42,283,1005fcb0,187,786,8.804761904761905,4.0,8.0,0.916094038309987,0.9204793954357746,42.000012348807715,1377,147391,150119,0.054466230936819175,0.14962130043498825,0.0,1.5888218580782548e-14,8.486326530620062,1.412888792509875,
2026-07-04-reviewer-runs,nonEpitopeAcceptance_0.25_epitopeAcceptance_0.75,25,7732,8936,2015,4272,352,1663,207,775,62,24,31,12,43,41,126,10055cd0,188,766,9.0,5.0,8.0,0.9441314285983612,0.9358143390669003,37.652111280511214,1337,147901,150505,0.06207928197456993,0.1630709943191256,0.0,1.8059443977591226e-14,8.510022844071075,1.254014368161529,
2026-07-04-reviewer-runs,nonEpitopeAcceptance_0.25_epitopeAcceptance_0.75,26,8081,9364,2024,4435,343,1681,201,812,54,30,27,15,42,41,205,1002542f,173,805,8.9,4.0,8.0,0.9459302546598877,0.9420494323279052,40.31387233062584,1360,146927,149612,0.04926470588235294,0.2146886613373259,0.0,1.4277995995869737e-14,6.81827809473862,1.3615435753217655,
2026-07-04-reviewer-runs,nonEpitopeAcceptance_0.25_epitopeAcceptance_0.75,27,7923,9066,1995,4303,325,1670,196,805,44,22,24,11,33,33,151,10013a20,161,796,7.9,4.0,7.0,0.9537369457523704,0.9578087136394883,40.07011441810468,1322,147170,149811,0.048411497730711045,0.11043247825593581,0.0,1.4238583238573986e-14,5.3001278609314975,1.0913564938017546,
2026-07-04-reviewer-runs,nonEpitopeAcceptance_0.25_epitopeAcceptance_0.75,29,7754,8903,1982,4166,329,1653,194,768,54,24,29,12,39,39,269,10035d8d,163,759,8.333333333333334,5.0,8.0,0.9409312431394286,0.9496936558956418,40.35894361167051,1278,147594,150147,0.06572769953051644,0.13446822114327958,0.0,1.5888218580782548e-14,7.234969471686974,1.0690221372946103,
2026-07-04-reviewer-runs,nonEpitopeAcceptance_0.25_epitopeAcceptance_1.0,1,8173,9413,2064,4538,377,1687,239,760,68,30,35,15,49,47,169,1007af8c,209,754,11.0,5.0,11.0,0.9563171730472113,0.9690377535683832,41.88690898431155,1423,147200,149993,0.08573436401967674,0.1632276172888068,0.0,2.2238723773673258e-14,6.365094550107753,1.224284046514431,
2026-07-04-reviewer-runs,nonEpitopeAcceptance_0.25_epitopeAcceptance_1.0,3,8277,9408,2077,4609,409,1668,263,803,88,22,46,11,55,53,358,10048808,235,794,11.333333333333334,6.0,12.0,0.9730184716309486,0.9727673154453382,53.61119906959738,1329,147144,150093,0.07900677200902935,0.19285376399965354,0.0,2.877360020962496e-14,7.021292797218044,1.329097778369075,
2026-07-04-reviewer-runs,nonEpitopeAcceptance_0.25_epitopeAcceptance_1.0,4,8742,9942,2126,4808,417,1709,246,840,82,20,40,10,51,46,197,1000fbd9,218,833,11.0,5.0,11.0,0.9735419342280729,0.9762852337177718,46.188242713920175,1476,146684,149757,0.07181571815718157,0.13740259219936296,0.0,2.0097183471152322e-14,4.9133278851932465,1.2925192114573267,
2026-07-04-reviewer-runs,nonEpitopeAcceptance_0.25_epitopeAcceptance_1.0,7,8726,9973,2111,4877,412,1699,252,847,72,14,40,7,43,40,225,10036505,220,841,10.0,5.0,10.0,0.9561442416230834,0.9575268574146812,47.202947349185735,1510,146798,149787,0.06754966887417219,0.037993951411003625,0.0,2.131628387980586e-14,5.166323502779997,1.1174265612186907,
2026-07-04-reviewer-runs,nonEpitopeAcceptance_0.25_epitopeAcceptance_1.0,10,8507,9859,2098,4773,415,1683,253,805,68,26,32,13,47,43,180,1004a32c,214,795,10.0,6.0,10.0,0.792571481159326,0.8384320736368882,44.273126346577335,1505,146609,149511,0.07508305647840531,0.25416190113102044,0.0,2.1316282072803006e-14,8.47000060560723,1.3909788260206715,
2026-07-04-reviewer-runs,nonEpitopeAcceptance_0.25_epitopeAcceptance_1.0,12,8510,9706,2083,4679,401,1682,229,810,82,18,43,10,50,46,187,1000f1b6,199,805,10.622222222222222,5.0,10.0,0.9113454362756728,0.922315065341536,38.07068072861319,1431,146868,149822,0.08735150244584207,0.21026284524302172,0.0,2.842517866562357e-14,9.11537544088014,1.2869713046097453,
2026-07-04-reviewer-runs,nonEpitopeAcceptance_0.25_epitopeAcceptance_1.0,13,8397,9670,2058,4589,397,1661,240,774,86,34,46,17,60,57,416,1001356c,209,765,11.0,5.0,11.0,0.9194724845792606,0.9464789308926497,48.170251550100915,1420,147422,150233,0.09718309859154929,0.15835402341695898,0.0,0.00013714285714261885,7.74983957155624,1.1561771999648318,
2026-07-04-reviewer-runs,nonEpitopeAcceptance_0.25_epitopeAcceptance_1.0,15,8281,9522,2038,4600,379,1659,239,807,76,28,43,14,52,51,285,10061332,210,801,9.4,5.0,9.0,0.9569236282609113,0.9670976439698049,45.14621154925406,1466,147065,149874,0.08663028649386084,0.07005884943352415,0.0,2.929642751054232e-14,4.74344962859101,1.363956577021433,
2026-07-04-reviewer-runs,nonEpitopeAcceptance_0.25_epitopeAcceptance_1.0,16,8629,9899,2078,4744,402,1676,259,808,74,8,38,4,41,36,183,1000da19,224,800,9.733333333333333,5.0,10.0,0.9268671937873334,0.937735018029316,36.48172041365375,1502,146881,149823,0.0758988015978695,0.16209126769588114,0.0,1.464821375527116e-14,7.070888404536695,1.2426757372984802,
2026-07-04-reviewer-runs,nonEpitopeAcceptance_0.25_epitopeAcceptance_1.0,18,8681,10022,2101,4867,402,1699,247,817,68,26,37,13,47,45,236,10015303,206,809,9.414285714285715,5.0,9.0,0.9252820836955211,0.9409363866557755,30.165548394153223,1546,146478,149426,0.09379042690815007,0.15895493421492912,0.0,0.00010000000000331966,6.853111124304824,1.2297041636100925,
2026-07-04-reviewer-runs,nonEpitopeAcceptance_0.25_epitopeAcceptance_1.0,22,8521,9848,2049,4690,391,1658,255,807,80,26,44,13,53,53,453,1003625f,223,802,9.483333333333334,5.0,9.0,0.9582758526050682,0.9592420615300025,37.970922881857895,1448,148019,150840,0.09668508287292818,0.2204521347122779,0.0,0.00010000000000331966,6.821651954475345,1.200101103541451,
2026-07-04-reviewer-runs,nonEpitopeAcceptance_0.25_epitopeAcceptance_1.0,23,8391,9665,2065,4621,363,1702,234,765,74,36,40,18,55,55,340,1000ec67,207,754,10.333333333333334,5.0,10.0,0.9658037364925155,0.9693351638527881,31.49242513319671,1517,146951,149709,0.0922874093605801,0.23649212806177317,0.0,2.929642751054232e-14,7.771605017086156,1.0572084020028276,
2026-07-04-reviewer-runs,nonEpitopeAcceptance_0.25_epitopeAcceptance_1.0,24,8982,10351,2130,4935,392,1738,249,850,62,12,36,6,37,37,234,1000b11a,215,841,10.892857142857142,6.0,11.0,0.9208928240217499,0.9331346305844302,35.04873579603122,1598,147580,150575,0.07196495619524405,0.1506026896895235,0.0,2.842170943040401e-14,5.769253770124097,0.9409778994971704,
2026-07-04-reviewer-runs,nonEpitopeAcceptance_0.25_epitopeAcceptance_1.0,25,9066,10385,2135,5146,420,1715,275,868,70,18,37,9,44,42,210,100d0aa7,236,861,10.333333333333334,5.0,10.0,0.9432599701928982,0.9499924727403425,56.7842790259769,1537,146696,149899,0.08132726089785296,0.2008685848471304,0.0,2.847716647714797e-14,7.1922129224754165,1.2576213446184503,
2026-07-04-reviewer-runs,nonEpitopeAcceptance_0.25_epitopeAcceptance_1.0,26,8441,9816,2095,4801,386,1709,236,797,66,32,36,16,49,48,355,10044ce5,196,786,8.9,5.0,9.0,0.938757239975586,0.9427160080855119,42.38788804953604,1496,147491,150353,0.07820855614973261,0.22469787766123722,0.0,2.2041622415551754e-14,6.579616795765746,1.3401153457818478,
2026-07-04-reviewer-runs,nonEpitopeAcceptance_0.2_epitopeAcceptance_0.75,0,7725,8924,1849,3897,349,1500,204,628,66,20,34,10,43,42,189,1003956e,171,622,8.0,4.0,8.0,0.9209008600402829,0.9208028217486746,38.046678575271194,1236,147195,149465,0.05744336569579288,0.1734921219014485,0.0,1.5888218580782548e-14,7.087406385459917,1.2672638636053748,
2026-07-04-reviewer-runs,nonEpitopeAcceptance_0.2_epitopeAcceptance_0.75,2,7567,8731,1844,3846,343,1501,207,615,64,22,34,11,43,41,373,10000325,170,614,9.0,5.0,9.0,0.9561830205684259,0.9632288889536279,48.09205920149397,1124,147208,149541,0.07740213523131673,0.09389398225235888,0.0,2.1316282072803006e-14,6.773209923741427,1.1314842508846534,
2026-07-04-reviewer-runs,nonEpitopeAcceptance_0.2_epitopeAcceptance_0.75,4,7372,8475,1814,3698,320,1494,200,636,68,26,35,13,47,46,225,10017c21,175,634,9.333333333333334,5.0,9.0,0.963925599427813,0.9612106147442498,43.2297233312914,1155,147931,150180,0.0658008658008658,0.2687175389532561,0.0,1.464821375527116e-14,6.217273616937745,1.3080488787564435,
2026-07-04-reviewer-runs,nonEpitopeAcceptance_0.2_epitopeAcceptance_0.75,5,7436,8570,1809,3761,352,1457,198,619,62,32,34,16,47,47,185,10005fc5,166,611,9.8,5.0,9.0,0.9565310705519834,0.9624793112425283,38.69925315300026,1139,147461,149713,0.06233538191395961,0.23294570277798188,0.0,1.5235953798847938e-14,7.078710958764389,1.5355469709520464,
2026-07-04-reviewer-runs,nonEpitopeAcceptance_0.2_epitopeAcceptance_0.75,6,7680,8917,1804,3938,324,1480,198,675,50,22,27,12,36,35,144,100a360d,168,670,8.333333333333334,5.0,8.0,0.9073646402582303,0.9180016289430103,45.96764951408762,1182,148020,150342,0.0676818950930626,0.24433624669087814,0.0,1.464821375527116e-14,6.744026550981856,1.1788579231893443,
2026-07-04-reviewer-runs,nonEpitopeAcceptance_0.2_epitopeAcceptance_0.75,7,7602,8725,1814,3772,339,1475,199,606,66,24,34,13,45,44,115,1000fd93,162,598,8.333333333333334,5.0,8.0,0.9481959659178727,0.9482742144124604,33.82760083142167,1200,147139,149388,0.06,0.26289260181540686,0.0,2.0097183471152322e-14,7.526175242553731,1.5475855462524761,
2026-07-04-reviewer-runs,nonEpitopeAcceptance_0.2_epitopeAcceptance_0.75,8,7446,8600,1767,3713,327,1440,209,600,66,10,36,5,38,38,183,100ab27b,178,598,7.75,4.0,7.0,0.9409441053781994,0.9444746769989217,34.673415402870255,1209,148517,150669,0.06617038875103391,0.15852630600853526,0.0,1.5888218580782548e-14,5.162265751020705,1.1111652631170932,
2026-07-04-reviewer-runs,nonEpitopeAcceptance_0.2_epitopeAcceptance_0.75,9,7660,8712,1814,3732,354,1460,209,604,82,24,44,12,53,52,190,10014dce,180,601,11.0,6.0,11.0,0.9219446540543842,0.9229284627815415,37.96736124686571,1181,147060,149323,0.07959356477561388,0.20946538711384047,0.0,1.7763568394002505e-14,6.553293200795201,1.347435954871734,
2026-07-04-reviewer-runs,nonEpitopeAcceptance_0.2_epitopeAcceptance_0.75,10,8534,9741,1987,4248,395,1592,234,717,84,18,41,9,51,50,242,100189f8,209,710,12.666666666666666,6.0,12.0,0.9467661035722853,0.9455456791555555,41.90577597193494,1306,148010,150619,0.06967840735068913,0.06886913337626727,0.0,1.464821375527116e-14,4.698550178512512,1.0425434251811432,
2026-07-04-reviewer-runs,nonEpitopeAcceptance_0.2_epitopeAcceptance_0.75,11,7573,8598,1871,3728,340,1531,206,621,68,24,36,12,46,45,236,100012d6,186,618,10.0,5.0,9.0,0.9686151761006111,0.9675245979904541,42.66648267211629,1209,147849,150116,0.058726220016542596,0.12226544805350528,0.0,1.5888218580782548e-14,4.898846453943422,1.1792281392692623,
2026-07-04-reviewer-runs,nonEpitopeAcceptance_0.2_epitopeAcceptance_0.75,12,7508,8636,1855,3823,348,1507,190,629,62,18,36,9,40,40,230,10018484,161,622,9.333333333333334,5.0,9.0,0.8761121236551649,0.8981945026252659,35.10419200038651,1267,147674,149904,0.05367008681925809,0.11610764222435692,0.0,1.432144669219779e-14,5.6337431170236325,1.2591182165047647,
2026-07-04-reviewer-runs,nonEpitopeAcceptance_0.2_epitopeAcceptance_0.75,13,6847,7896,1765,3385,325,1440,189,576,48,22,26,13,35,34,78,100305d,165,572,9.0,5.0,8.0,0.9284152907010734,0.9281944999356521,33.68447705353313,1106,147518,149538,0.07685352622061482,0.053491420241008975,0.0,1.432144669219779e-14,6.865266744454671,1.2184549806025289,
2026-07-04-reviewer-runs,nonEpitopeAcceptance_0.2_epitopeAcceptance_0.75,14,7674,8879,1843,3896,354,1489,212,632,52,20,29,10,36,36,372,100235b2,181,630,9.0,5.0,9.0,0.9233265044256442,0.9362921242871453,44.40935655838756,1189,148290,150591,0.06896551724137931,0.28555491364025737,0.0,1.5888218580782548e-14,8.768636792330511,1.4877195954914715,
2026-07-04-reviewer-runs,nonEpitopeAcceptance_0.2_epitopeAcceptance_0.75,15,7473,8567,1846,3827,350,1496,217,612,74,10,37,5,42,40,244,10052623,181,606,9.0,5.0,9.0,0.9010782571367894,0.9082925954428516,47.71539460520053,1134,147492,149821,0.07936507936507936,0.23293129801563198,0.0,1.9687863025197116e-14,8.966540492164905,1.1545046507541095,
2026-07-04-reviewer-runs,nonEpitopeAcceptance_0.2_epitopeAcceptance_0.75,16,7590,8672,1842,3804,349,1493,199,620,58,18,33,9,38,38,165,1001360f,170,613,9.333333333333334,5.0,9.0,0.9555532832688567,0.9579848441839911,42.70709297493802,1189,147923,150220,0.057190916736753576,0.10698974836905871,0.0,1.432144669219779e-14,6.297232310041233,1.130051325610624,
2026-07-04-reviewer-runs,nonEpitopeAcceptance_0.2_epitopeAcceptance_0.75,17,7582,8663,1809,3728,336,1473,205,624,48,28,24,15,38,37,101,1000762c,182,620,8.4,5.0,8.0,0.9607545404999671,0.9601751938723863,43.65847526471808,1120,148347,150598,0.06517857142857143,0.18229989774100586,0.0,1.5888218580782548e-14,7.815956545119833,1.3218871896732516,
2026-07-04-reviewer-runs,nonEpitopeAcceptance_0.2_epitopeAcceptance_0.75,19,7441,8552,1839,3719,335,1504,193,627,64,12,30,6,38,34,101,1000ed6c,168,623,8.0,4.0,8.0,0.9425373276352368,0.9468596754677061,36.185952639802096,1255,147814,149966,0.06294820717131475,0.09942920395289599,0.0,1.464821375527116e-14,5.705030184320735,1.258375909654981,
2026-07-04-reviewer-runs,nonEpitopeAcceptance_0.2_epitopeAcceptance_0.75,20,7261,8345,1768,3572,326,1442,190,596,56,16,27,8,36,33,139,10025b8,159,591,8.0,5.0,8.0,0.9458100832091196,0.9432088724093878,35.30116037880342,1118,148411,150554,0.06887298747763863,0.12042855055328985,0.0,1.464821375527116e-14,4.567316306538155,1.1847323420174807,
2026-07-04-reviewer-runs,nonEpitopeAcceptance_0.2_epitopeAcceptance_0.75,21,7592,8839,1848,3901,335,1513,210,627,66,20,36,10,43,41,322,100418ba,180,616,9.0,5.0,8.0,0.9554944831890607,0.9516943483667939,42.55120840046732,1251,147894,150128,0.05675459632294165,0.14949243312373442,0.0,1.0048591735576161e-14,6.408709507820753,1.2377886128091493,
2026-07-04-reviewer-runs,nonEpitopeAcceptance_0.2_epitopeAcceptance_0.75,22,7586,8745,1843,3884,348,1495,204,641,62,32,30,16,47,45,311,100367fa,170,634,11.0,5.0,10.0,0.9651327203283535,0.9674138057055742,45.58495432530343,1197,147512,149814,0.07435254803675856,0.12715767551764187,0.0,2.1316282072803006e-14,5.121417467581448,1.1833469806803225,
2026-07-04-reviewer-runs,nonEpitopeAcceptance_0.2_epitopeAcceptance_0.75,23,7117,8155,1807,3529,340,1467,199,592,58,20,31,10,39,38,112,1003d7c6,172,587,9.166666666666666,5.0,9.0,0.9663718138980341,0.9666547871524898,35.79945547770245,1132,148562,150661,0.0636042402826855,0.10627169605936507,0.0,1.464821375527116e-14,6.734046321709996,1.2290100510223423,
2026-07-04-reviewer-runs,nonEpitopeAcceptance_0.2_epitopeAcceptance_0.75,28,7296,8342,1841,3611,358,1483,206,584,64,16,35,8,40,40,294,1001cf4,185,578,10.0,5.0,10.0,0.9730747246941249,0.9777193186223161,46.106206702351905,1114,147579,149797,0.06822262118491922,0.2231620125903723,0.0,2.842232064011364e-14,6.505044181294886,1.2394941765404974,
2026-07-04-reviewer-runs,nonEpitopeAcceptance_0.2_epitopeAcceptance_0.75,29,7140,8169,1755,3482,322,1433,196,584,56,20,31,10,38,38,99,10009613,173,573,8.886904761904763,5.0,8.0,0.932306667402514,0.948790244183119,28.917900003458065,1173,147770,149823,0.07075873827791987,0.19562416985376077,0.0,1.464821375527116e-14,5.393603466612469,1.2651000158090273,
2026-07-04-reviewer-runs,nonEpitopeAcceptance_0.2_epitopeAcceptance_1.0,1,7742,8877,1879,4094,387,1492,249,623,76,14,35,7,45,42,212,100369a2,214,620,10.0,5.0,10.0,0.9714791734306263,0.971871214878515,50.86402507833999,1183,147930,150475,0.09551986475063398,0.30673533809602926,0.0,8.000000001714347e-05,6.917231736373619,1.166089897906678,
2026-07-04-reviewer-runs,nonEpitopeAcceptance_0.2_epitopeAcceptance_1.0,3,7682,8848,1849,4073,379,1470,235,627,52,14,36,7,33,33,371,10025b41,207,624,8.0,4.0,8.0,0.950143104769552,0.9500207010950079,50.709125103279,1271,147936,150385,0.1054287962234461,0.18104199221996875,0.0,0.27180672872057154,15.513313971742594,1.0721113446895423,
2026-07-04-reviewer-runs,nonEpitopeAcceptance_0.2_epitopeAcceptance_1.0,6,7661,8789,1829,3965,369,1460,225,612,58,16,31,8,37,36,394,10004864,187,604,10.0,5.0,9.0,0.9331795080853755,0.9556489082808803,32.38205898981718,1215,146951,149379,0.09876543209876543,0.2044865744180909,0.0,0.0001847953216236336,11.189616718285752,1.3088086753711239,
2026-07-04-reviewer-runs,nonEpitopeAcceptance_0.2_epitopeAcceptance_1.0,10,7391,8484,1840,3768,361,1479,227,574,60,20,32,10,40,39,122,10028b91,203,570,9.0,5.0,8.0,0.9114894653962075,0.9034920542615653,40.316820669913945,1293,147394,149565,0.09667440061871617,0.29940828402366865,0.0,2.9165720685312944e-14,6.273548088160515,1.3065121155979196,
2026-07-04-reviewer-runs,nonEpitopeAcceptance_0.2_epitopeAcceptance_1.0,11,7876,9111,1880,4086,377,1503,238,621,76,20,39,10,48,46,286,100fb349,203,617,8.166666666666666,5.0,8.0,0.9352396216304382,0.9511798839317572,46.723369877289464,1314,148003,150401,0.10578386605783865,0.2569131854176501,0.0,0.26702908584455004,7.513166204650449,1.3649442091836614,
2026-07-04-reviewer-runs,nonEpitopeAcceptance_0.2_epitopeAcceptance_1.0,12,7962,9128,1890,4159,372,1518,240,634,62,24,35,12,43,42,217,1002e118,200,631,10.316666666666666,5.0,10.0,0.9595811618774263,0.9580780094751907,44.609379327670545,1274,148215,150750,0.08555729984301413,0.18192371475953564,0.0,2.842170943040401e-14,9.961387609251798,1.3763812153615005,
2026-07-04-reviewer-runs,nonEpitopeAcceptance_0.2_epitopeAcceptance_1.0,14,8552,9805,2006,4473,410,1596,274,699,84,14,43,7,49,46,280,10028d99,227,695,13.0,6.0,13.0,0.9614805905114496,0.9691565623020797,61.73884860288536,1369,146784,149547,0.09057706355003653,0.1620293285722883,0.0,2.9508021803976365e-14,9.370731197443309,1.4493112525303014,
2026-07-04-reviewer-runs,nonEpitopeAcceptance_0.2_epitopeAcceptance_1.0,15,7857,8993,1914,4053,416,1498,251,626,88,18,47,10,53,51,262,10006169,222,624,10.666666666666666,5.0,10.0,0.9683794156489726,0.9712301567046407,52.344302402649326,1232,146966,149444,0.1176948051948052,0.12199218436337357,0.0,0.5776187075245882,7.2526823074949975,1.2320622802845653,
2026-07-04-reviewer-runs,nonEpitopeAcceptance_0.2_epitopeAcceptance_1.0,17,7593,8909,1813,4063,358,1455,227,597,50,26,29,13,38,37,366,10004add,198,591,7.0,4.0,7.0,0.9182279321263974,0.9247503746857525,32.77169163790603,1278,147950,150308,0.09859154929577464,0.27890731032280386,0.0,0.00014699494936582644,6.346080377984251,1.2827581515131807,
2026-07-04-reviewer-runs,nonEpitopeAcceptance_0.2_epitopeAcceptance_1.0,18,8005,9168,1899,4127,395,1504,240,638,74,22,32,11,48,42,225,10044442,207,631,9.805555555555557,5.0,9.0,0.9592259465211612,0.9552343250208155,39.37819378717109,1294,147714,150219,0.08346213292117466,0.162635884941319,0.0,2.0097183471152322e-14,6.928838116163488,1.223281200994783,
2026-07-04-reviewer-runs,nonEpitopeAcceptance_0.2_epitopeAcceptance_1.0,20,7995,9232,1847,4103,396,1451,243,607,68,18,36,9,43,41,234,1008955e,209,604,10.366666666666667,5.0,10.0,0.9606281437343044,0.9590010330750152,54.31034783538033,1235,147457,149978,0.08663967611336032,0.08829961727720066,0.0,4.322062729257126e-14,5.925061501839952,1.2184991223267585,
2026-07-04-reviewer-runs,nonEpitopeAcceptance_0.2_epitopeAcceptance_1.0,22,7684,8810,1860,3955,395,1465,238,599,86,20,47,10,53,51,185,1000b524,213,595,10.0,5.0,10.0,0.930321662823374,0.9488890568934253,28.800484316240237,1252,148025,150446,0.11501597444089456,0.054026029272961726,0.0,0.5189486878575932,5.895544832359333,1.2226092319694688,
2026-07-04-reviewer-runs,nonEpitopeAcceptance_0.2_epitopeAcceptance_1.0,23,7391,8495,1849,3785,383,1466,223,576,78,24,41,12,51,47,340,1007b212,194,569,9.285714285714286,5.0,9.0,0.9552013225629654,0.9540827598409671,39.110829930468114,1205,147636,149921,0.0987551867219917,0.0732319021351245,0.0,0.0001628571428597099,6.720378436923087,1.099040818168285,
2026-07-04-reviewer-runs,nonEpitopeAcceptance_0.2_epitopeAcceptance_1.0,24,8249,9415,1932,4189,410,1522,253,681,84,14,41,7,49,44,143,1000d02f,229,675,10.0,5.0,10.0,0.94315295762746,0.9463337023704271,32.82602816363868,1383,147388,149897,0.09689081706435286,0.10258377419161158,0.0,0.00010000000000331966,6.660327971654246,1.1085662669924377,
2026-07-04-reviewer-runs,nonEpitopeAcceptance_0.2_epitopeAcceptance_1.0,25,8156,9350,1902,4229,400,1502,255,651,72,16,42,8,44,44,304,100096fd,217,644,11.166666666666666,6.0,11.0,0.9154576198165786,0.9322678144257733,35.52364735130671,1318,148179,150786,0.10166919575113809,0.19454723913360658,0.0,0.18026692808705955,7.1268112535444486,1.1658670546279397,
2026-07-04-reviewer-runs,nonEpitopeAcceptance_0.2_epitopeAcceptance_1.0,26,8089,9328,1898,4174,388,1510,252,650,74,30,41,15,52,52,384,1000546b,220,645,11.0,5.0,11.0,0.9460448174882902,0.9547872542652974,43.25847571574847,1370,147330,149812,0.08102189781021898,0.15908605452166716,0.0,1.464821375527116e-14,5.492463296549561,1.1674488125823823,
2026-07-04-reviewer-runs,nonEpitopeAcceptance_0.2_epitopeAcceptance_1.0,29,8010,9153,1942,4133,382,1560,242,628,58,22,35,11,40,40,233,1008ef69,209,619,9.901984126984127,5.0,10.0,0.9656717245490748,0.9682981403384266,49.08415455460143,1245,147114,149687,0.08674698795180723,0.24756992925237328,0.0,2.845291731937278e-14,5.563196682714684,1.1519318513623116,
