config,run,epitope_n,epitope_n_recurrent,epitope_recurrence_rate,epitope_max_origins,non_epitope_n,non_epitope_n_recurrent,non_epitope_recurrence_rate,non_epitope_max_origins,n_edges,n_tips,n_aa_changing_edges,n_tips_missing_label,notes
nonEpitopeAcceptance_0.25_epitopeAcceptance_0.75,0,316,198,0.6265822784810127,14,1652,778,0.47094430992736075,8,1655683,146798,8359,1,
nonEpitopeAcceptance_0.25_epitopeAcceptance_0.75,1,342,203,0.5935672514619883,15,1676,863,0.5149164677804295,8,1753876,146551,8995,0,
nonEpitopeAcceptance_0.25_epitopeAcceptance_0.75,2,319,188,0.5893416927899686,14,1660,805,0.48493975903614456,9,1689578,146857,8460,0,
nonEpitopeAcceptance_0.25_epitopeAcceptance_0.75,3,308,201,0.6525974025974026,13,1637,808,0.4935858277336591,7,1685549,146949,8448,0,
nonEpitopeAcceptance_0.25_epitopeAcceptance_0.75,4,343,214,0.6239067055393586,14,1669,797,0.4775314559616537,8,1729454,147048,8545,0,
nonEpitopeAcceptance_0.25_epitopeAcceptance_0.75,6,303,193,0.636963696369637,13,1614,768,0.4758364312267658,8,1590636,145724,8239,0,
nonEpitopeAcceptance_0.25_epitopeAcceptance_0.75,7,324,202,0.6234567901234568,16,1658,829,0.5,10,1722345,146702,8634,0,
nonEpitopeAcceptance_0.25_epitopeAcceptance_0.75,9,321,214,0.6666666666666666,14,1694,816,0.4817001180637544,10,1734201,147182,8818,0,
nonEpitopeAcceptance_0.25_epitopeAcceptance_0.75,10,286,176,0.6153846153846154,12,1576,771,0.48921319796954316,8,1543655,145471,7925,1,
nonEpitopeAcceptance_0.25_epitopeAcceptance_0.75,11,315,200,0.6349206349206349,14,1645,814,0.4948328267477204,8,1719984,147148,8840,1,
nonEpitopeAcceptance_0.25_epitopeAcceptance_0.75,12,335,203,0.6059701492537314,12,1664,873,0.5246394230769231,8,1697395,146772,8864,0,
nonEpitopeAcceptance_0.25_epitopeAcceptance_0.75,14,304,198,0.6513157894736842,14,1653,777,0.47005444646098005,7,1664272,145652,8263,0,
nonEpitopeAcceptance_0.25_epitopeAcceptance_0.75,15,312,203,0.6506410256410257,19,1635,834,0.5100917431192661,7,1713569,146097,8756,0,
nonEpitopeAcceptance_0.25_epitopeAcceptance_0.75,16,348,226,0.6494252873563219,19,1685,860,0.5103857566765578,8,1834191,147247,9129,0,
nonEpitopeAcceptance_0.25_epitopeAcceptance_0.75,17,315,192,0.6095238095238096,12,1572,730,0.4643765903307888,10,1625084,147009,8048,0,
nonEpitopeAcceptance_0.25_epitopeAcceptance_0.75,18,326,208,0.6380368098159509,15,1694,845,0.4988193624557261,8,1750657,147263,8806,0,
nonEpitopeAcceptance_0.25_epitopeAcceptance_0.75,19,295,197,0.6677966101694915,14,1637,805,0.4917532070861332,8,1691523,145916,8641,0,
nonEpitopeAcceptance_0.25_epitopeAcceptance_0.75,20,314,207,0.6592356687898089,15,1580,768,0.4860759493670886,7,1645614,146555,8212,0,
nonEpitopeAcceptance_0.25_epitopeAcceptance_0.75,21,336,221,0.6577380952380952,19,1715,909,0.5300291545189504,8,1798736,146559,9427,0,
nonEpitopeAcceptance_0.25_epitopeAcceptance_0.75,22,319,207,0.6489028213166145,16,1691,831,0.4914251921939681,9,1725488,146308,8778,0,
nonEpitopeAcceptance_0.25_epitopeAcceptance_0.75,23,319,209,0.6551724137931034,15,1644,793,0.48236009732360097,8,1721295,146413,8585,0,
nonEpitopeAcceptance_0.25_epitopeAcceptance_0.75,24,329,216,0.6565349544072948,18,1667,825,0.4949010197960408,9,1709505,146843,8713,0,
nonEpitopeAcceptance_0.25_epitopeAcceptance_0.75,25,330,210,0.6363636363636364,15,1642,808,0.4920828258221681,9,1659911,146735,8438,0,
nonEpitopeAcceptance_0.25_epitopeAcceptance_0.75,26,319,202,0.6332288401253918,14,1662,839,0.5048134777376655,9,1719504,146256,8815,2,
nonEpitopeAcceptance_0.25_epitopeAcceptance_0.75,27,319,201,0.6300940438871473,17,1651,825,0.4996971532404603,11,1696384,146584,8567,1,
nonEpitopeAcceptance_0.25_epitopeAcceptance_0.75,28,318,195,0.6132075471698113,17,1640,796,0.4853658536585366,12,1737590,147035,8823,0,
nonEpitopeAcceptance_0.25_epitopeAcceptance_0.75,29,316,191,0.6044303797468354,14,1635,796,0.4868501529051988,10,1689973,146968,8444,0,
nonEpitopeAcceptance_0.25_epitopeAcceptance_1.0,1,338,247,0.7307692307692307,17,1667,788,0.47270545890821836,9,1708118,146746,8874,0,
nonEpitopeAcceptance_0.25_epitopeAcceptance_1.0,3,382,255,0.6675392670157068,19,1652,828,0.5012106537530266,8,1786059,147611,8944,0,
nonEpitopeAcceptance_0.25_epitopeAcceptance_1.0,4,385,258,0.6701298701298701,22,1689,865,0.5121373593842511,8,1823668,147087,9503,0,
nonEpitopeAcceptance_0.25_epitopeAcceptance_1.0,7,377,266,0.7055702917771883,20,1686,875,0.5189798339264532,7,1783364,146753,9382,0,
nonEpitopeAcceptance_0.25_epitopeAcceptance_1.0,10,380,263,0.6921052631578948,21,1671,828,0.4955116696588869,9,1764539,146510,9173,0,
nonEpitopeAcceptance_0.25_epitopeAcceptance_1.0,12,366,241,0.6584699453551912,17,1662,831,0.5,9,1762700,146856,9220,1,
nonEpitopeAcceptance_0.25_epitopeAcceptance_1.0,13,358,250,0.6983240223463687,25,1641,804,0.489945155393053,8,1753432,147138,9054,0,
nonEpitopeAcceptance_0.25_epitopeAcceptance_1.0,15,354,244,0.6892655367231638,18,1635,831,0.5082568807339449,9,1732979,146922,9038,1,
nonEpitopeAcceptance_0.25_epitopeAcceptance_1.0,16,369,265,0.7181571815718157,22,1666,832,0.49939975990396157,8,1790981,146944,9323,0,
nonEpitopeAcceptance_0.25_epitopeAcceptance_1.0,18,375,256,0.6826666666666666,22,1682,835,0.49643281807372175,11,1807035,146598,9323,0,
nonEpitopeAcceptance_0.25_epitopeAcceptance_1.0,22,366,251,0.6857923497267759,17,1638,835,0.5097680097680097,8,1769161,147677,9296,1,
nonEpitopeAcceptance_0.25_epitopeAcceptance_1.0,23,352,235,0.6676136363636364,22,1680,798,0.475,12,1742830,146673,9175,1,
nonEpitopeAcceptance_0.25_epitopeAcceptance_1.0,24,370,247,0.6675675675675675,21,1722,887,0.5150987224157956,9,1804763,147487,9653,0,
nonEpitopeAcceptance_0.25_epitopeAcceptance_1.0,25,387,283,0.7312661498708011,27,1698,889,0.5235571260306242,10,1856881,147160,9719,0,
nonEpitopeAcceptance_0.25_epitopeAcceptance_1.0,26,355,244,0.6873239436619718,24,1685,827,0.4908011869436202,9,1763014,147311,9167,0,
nonEpitopeAcceptance_0.2_epitopeAcceptance_0.75,0,336,201,0.5982142857142857,15,1481,647,0.43686698176907496,7,1731803,145937,8302,0,
nonEpitopeAcceptance_0.2_epitopeAcceptance_0.75,1,314,201,0.6401273885350318,13,1434,610,0.42538354253835425,7,1654018,146351,7656,0,
nonEpitopeAcceptance_0.2_epitopeAcceptance_0.75,2,321,214,0.6666666666666666,18,1486,640,0.4306864064602961,8,1748677,146496,8274,1,
nonEpitopeAcceptance_0.2_epitopeAcceptance_0.75,4,305,196,0.6426229508196721,18,1478,663,0.4485791610284168,7,1713532,146907,8042,1,
nonEpitopeAcceptance_0.2_epitopeAcceptance_0.75,5,333,207,0.6216216216216216,16,1434,647,0.4511854951185495,7,1705114,146478,8089,1,
nonEpitopeAcceptance_0.2_epitopeAcceptance_0.75,6,305,209,0.6852459016393443,15,1463,699,0.47778537252221465,9,1769750,147303,8300,0,
nonEpitopeAcceptance_0.2_epitopeAcceptance_0.75,7,327,212,0.6483180428134556,14,1459,629,0.431117203564085,7,1738644,146243,8189,0,
nonEpitopeAcceptance_0.2_epitopeAcceptance_0.75,8,307,208,0.6775244299674267,21,1431,623,0.43535988819007687,9,1650157,146667,8008,0,
nonEpitopeAcceptance_0.2_epitopeAcceptance_0.75,9,336,221,0.6577380952380952,13,1451,618,0.4259131633356306,9,1749475,146216,8206,0,
nonEpitopeAcceptance_0.2_epitopeAcceptance_0.75,10,369,234,0.6341463414634146,17,1579,739,0.4680177327422419,7,1859989,147630,9197,1,
nonEpitopeAcceptance_0.2_epitopeAcceptance_0.75,11,318,206,0.6477987421383647,14,1517,640,0.4218852999340804,6,1731954,146822,8173,1,
nonEpitopeAcceptance_0.2_epitopeAcceptance_0.75,12,329,192,0.5835866261398176,18,1492,654,0.4383378016085791,8,1674315,146275,8073,0,
nonEpitopeAcceptance_0.2_epitopeAcceptance_0.75,13,305,198,0.6491803278688525,19,1424,597,0.41924157303370785,7,1597009,145579,7564,0,
nonEpitopeAcceptance_0.2_epitopeAcceptance_0.75,14,344,218,0.6337209302325582,14,1475,654,0.4433898305084746,7,1757768,147487,8314,0,
nonEpitopeAcceptance_0.2_epitopeAcceptance_0.75,15,326,214,0.656441717791411,27,1486,632,0.4253028263795424,9,1721838,146632,8040,1,
nonEpitopeAcceptance_0.2_epitopeAcceptance_0.75,16,339,204,0.6017699115044248,15,1481,643,0.43416610398379474,7,1750745,146995,8130,0,
nonEpitopeAcceptance_0.2_epitopeAcceptance_0.75,17,328,215,0.6554878048780488,14,1457,643,0.4413177762525738,8,1779920,147655,8158,0,
nonEpitopeAcceptance_0.2_epitopeAcceptance_0.75,18,309,211,0.6828478964401294,15,1488,637,0.4280913978494624,10,1733297,146718,8252,0,
nonEpitopeAcceptance_0.2_epitopeAcceptance_0.75,19,314,196,0.6242038216560509,14,1493,653,0.4373744139316812,6,1684198,146459,8079,0,
nonEpitopeAcceptance_0.2_epitopeAcceptance_0.75,20,302,200,0.6622516556291391,13,1434,615,0.42887029288702927,8,1656232,146799,7848,0,
nonEpitopeAcceptance_0.2_epitopeAcceptance_0.75,21,312,212,0.6794871794871795,20,1501,651,0.4337108594270486,7,1726740,146781,8217,0,
nonEpitopeAcceptance_0.2_epitopeAcceptance_0.75,22,326,213,0.6533742331288344,17,1480,670,0.4527027027027027,9,1740382,146589,8274,0,
nonEpitopeAcceptance_0.2_epitopeAcceptance_0.75,23,318,202,0.6352201257861635,13,1454,609,0.4188445667125172,6,1633184,146929,7728,0,
nonEpitopeAcceptance_0.2_epitopeAcceptance_0.75,28,334,206,0.6167664670658682,14,1474,603,0.4090909090909091,9,1745119,147035,7926,0,
nonEpitopeAcceptance_0.2_epitopeAcceptance_0.75,29,305,203,0.6655737704918033,14,1421,606,0.42646023926812104,6,1652575,145999,7719,0,
nonEpitopeAcceptance_0.2_epitopeAcceptance_1.0,1,363,253,0.696969696969697,17,1480,649,0.43851351351351353,9,1796600,147883,8318,0,
nonEpitopeAcceptance_0.2_epitopeAcceptance_1.0,3,356,245,0.6882022471910112,20,1461,655,0.4483230663928816,9,1764406,147654,8350,0,
nonEpitopeAcceptance_0.2_epitopeAcceptance_1.0,5,355,253,0.7126760563380282,29,1477,667,0.4515910629654705,8,1752867,147087,8628,0,
nonEpitopeAcceptance_0.2_epitopeAcceptance_1.0,6,352,233,0.6619318181818182,20,1451,622,0.4286698828394211,7,1768049,146693,8250,1,
nonEpitopeAcceptance_0.2_epitopeAcceptance_1.0,10,340,230,0.6764705882352942,23,1465,600,0.40955631399317405,7,1670212,146057,8161,0,
nonEpitopeAcceptance_0.2_epitopeAcceptance_1.0,11,340,237,0.6970588235294117,19,1487,645,0.433759246805649,8,1800245,147542,8572,0,
nonEpitopeAcceptance_0.2_epitopeAcceptance_1.0,12,352,245,0.6960227272727273,22,1504,655,0.43550531914893614,9,1786832,147656,8554,0,
nonEpitopeAcceptance_0.2_epitopeAcceptance_1.0,14,381,267,0.7007874015748031,22,1588,716,0.4508816120906801,8,1893246,146940,9138,0,
nonEpitopeAcceptance_0.2_epitopeAcceptance_1.0,15,379,252,0.6649076517150396,20,1486,639,0.4300134589502019,7,1787852,146677,8597,0,
nonEpitopeAcceptance_0.2_epitopeAcceptance_1.0,17,329,238,0.723404255319149,23,1439,625,0.4343293954134816,7,1685179,146894,8255,1,
nonEpitopeAcceptance_0.2_epitopeAcceptance_1.0,18,369,253,0.6856368563685636,20,1485,655,0.44107744107744107,7,1771362,147057,8625,0,
nonEpitopeAcceptance_0.2_epitopeAcceptance_1.0,20,374,249,0.6657754010695187,19,1442,624,0.43273231622746183,7,1795861,147129,8589,0,
nonEpitopeAcceptance_0.2_epitopeAcceptance_1.0,22,355,247,0.6957746478873239,26,1450,616,0.42482758620689653,7,1745585,147519,8432,0,
nonEpitopeAcceptance_0.2_epitopeAcceptance_1.0,23,349,229,0.6561604584527221,21,1450,601,0.4144827586206897,7,1724262,146965,8066,0,
nonEpitopeAcceptance_0.2_epitopeAcceptance_1.0,24,381,257,0.6745406824146981,22,1513,696,0.4600132187706543,9,1796887,146801,8932,0,
nonEpitopeAcceptance_0.2_epitopeAcceptance_1.0,25,381,255,0.6692913385826772,17,1488,669,0.4495967741935484,8,1804840,147971,8847,1,
nonEpitopeAcceptance_0.2_epitopeAcceptance_1.0,26,362,250,0.6906077348066298,19,1492,667,0.44705093833780163,8,1752014,146390,8717,0,
nonEpitopeAcceptance_0.2_epitopeAcceptance_1.0,29,366,250,0.6830601092896175,19,1544,657,0.4255181347150259,8,1774398,146771,8674,0,
