date	location	variant	median_R	R_upper_95	R_lower_95	R_upper_80	R_lower_80	R_upper_50	R_lower_50	date	location	variant	median_R	R_upper_95	R_lower_95	R_upper_80	R_lower_80	R_upper_50	R_lower_50	date	location	variant	median_r	r_upper_95	r_lower_95	r_upper_80	r_lower_80	r_upper_50	r_lower_50	date	location	variant	median_r	r_upper_95	r_lower_95	r_upper_80	r_lower_80	r_upper_50	r_lower_50	model	analysis_date
2024-12-22	tropics	1	3.4394872	4.5594273	2.6753488	4.170441	2.902136	3.773443	3.184492	2024-12-22	tropics	1	3.4394872	4.5594273	2.6753488	4.170441	2.902136	3.773443	3.184492	2024-12-22	tropics	1	nan	nan	nan	nan	nan	nan	nan	2024-12-22	tropics	1	nan	nan	nan	nan	nan	nan	nan	FGA	2025-04-01
2024-12-23	tropics	1	3.5821753	4.674957	2.785275	4.259484	3.0617685	3.9414787	3.3180914	2024-12-23	tropics	1	3.5821753	4.674957	2.785275	4.259484	3.0617685	3.9414787	3.3180914	2024-12-23	tropics	1	0.109349936	0.1289121	0.09577954	0.122160874	0.099826306	0.11522342	0.10484189	2024-12-23	tropics	1	0.109349936	0.1289121	0.09577954	0.122160874	0.099826306	0.11522342	0.10484189	FGA	2025-04-01
2024-12-24	tropics	1	3.7108958	4.8269677	2.841322	4.4110622	3.16499	4.0664954	3.3803134	2024-12-24	tropics	1	3.7108958	4.8269677	2.841322	4.4110622	3.16499	4.0664954	3.3803134	2024-12-24	tropics	1	0.50631726	0.6683033	0.37440005	0.61620677	0.41693446	0.5600034	0.46557754	2024-12-24	tropics	1	0.50631726	0.6683033	0.37440005	0.61620677	0.41693446	0.5600034	0.46557754	FGA	2025-04-01
2024-12-25	tropics	1	3.8087833	4.9167604	2.8564467	4.5575633	3.183786	4.1861525	3.4301112	2024-12-25	tropics	1	3.8087833	4.9167604	2.8564467	4.5575633	3.183786	4.1861525	3.4301112	2024-12-25	tropics	1	0.43661684	0.5124588	0.35486844	0.48715532	0.3877051	0.46470445	0.40988573	2024-12-25	tropics	1	0.43661684	0.5124588	0.35486844	0.48715532	0.3877051	0.46470445	0.40988573	FGA	2025-04-01
2024-12-26	tropics	1	3.8510814	5.040318	2.8503613	4.6443934	3.185563	4.2541847	3.444364	2024-12-26	tropics	1	3.8510814	5.040318	2.8503613	4.6443934	3.185563	4.2541847	3.444364	2024-12-26	tropics	1	0.28679526	0.34893548	0.22108538	0.33005294	0.24401863	0.30939928	0.26150647	2024-12-26	tropics	1	0.28679526	0.34893548	0.22108538	0.33005294	0.24401863	0.30939928	0.26150647	FGA	2025-04-01
2024-12-27	tropics	1	3.8502102	5.06866	2.8696504	4.659744	3.1590936	4.284107	3.4342186	2024-12-27	tropics	1	3.8502102	5.06866	2.8696504	4.659744	3.1590936	4.284107	3.4342186	2024-12-27	tropics	1	0.36698616	0.45804796	0.27217597	0.43016568	0.3081376	0.4001293	0.33260405	2024-12-27	tropics	1	0.36698616	0.45804796	0.27217597	0.43016568	0.3081376	0.4001293	0.33260405	FGA	2025-04-01
2024-12-28	tropics	1	3.8207407	4.996884	2.8352478	4.676525	3.1369631	4.2730803	3.4011426	2024-12-28	tropics	1	3.8207407	4.996884	2.8352478	4.676525	3.1369631	4.2730803	3.4011426	2024-12-28	tropics	1	0.40663338	0.49116796	0.31208894	0.46363053	0.3482442	0.4382264	0.37360713	2024-12-28	tropics	1	0.40663338	0.49116796	0.31208894	0.46363053	0.3482442	0.4382264	0.37360713	FGA	2025-04-01
2024-12-29	tropics	1	3.7576225	4.9204054	2.792448	4.5810285	3.0886865	4.207397	3.3662484	2024-12-29	tropics	1	3.7576225	4.9204054	2.792448	4.5810285	3.0886865	4.207397	3.3662484	2024-12-29	tropics	1	0.3658048	0.44255027	0.28389406	0.42144126	0.31154388	0.39748585	0.33458057	2024-12-29	tropics	1	0.3658048	0.44255027	0.28389406	0.42144126	0.31154388	0.39748585	0.33458057	FGA	2025-04-01
2024-12-30	tropics	1	3.651243	4.762111	2.724613	4.4655976	2.9897022	4.080433	3.295641	2024-12-30	tropics	1	3.651243	4.762111	2.724613	4.4655976	2.9897022	4.080433	3.295641	2024-12-30	tropics	1	0.35801506	0.44089258	0.2719365	0.4185438	0.29940912	0.3921941	0.32610923	2024-12-30	tropics	1	0.35801506	0.44089258	0.2719365	0.4185438	0.29940912	0.3921941	0.32610923	FGA	2025-04-01
2024-12-31	tropics	1	3.5095818	4.5469103	2.6324775	4.264023	2.9076931	3.9147394	3.1890519	2024-12-31	tropics	1	3.5095818	4.5469103	2.6324775	4.264023	2.9076931	3.9147394	3.1890519	2024-12-31	tropics	1	0.36653197	0.44668755	0.27937144	0.42661402	0.30674514	0.40014654	0.3352551	2024-12-31	tropics	1	0.36653197	0.44668755	0.27937144	0.42661402	0.30674514	0.40014654	0.3352551	FGA	2025-04-01
2025-01-01	tropics	1	3.3393102	4.295952	2.5109909	4.013381	2.796093	3.7056696	3.0326478	2025-01-01	tropics	1	3.3393102	4.295952	2.5109909	4.013381	2.796093	3.7056696	3.0326478	2025-01-01	tropics	1	0.35320663	0.42920423	0.27066016	0.41082796	0.29821396	0.3852899	0.32546633	2025-01-01	tropics	1	0.35320663	0.42920423	0.27066016	0.41082796	0.29821396	0.3852899	0.32546633	FGA	2025-04-01
2025-01-02	tropics	1	3.1506562	4.046274	2.3807347	3.7424574	2.654114	3.4748602	2.8585901	2025-01-02	tropics	1	3.1506562	4.046274	2.3807347	3.7424574	2.654114	3.4748602	2.8585901	2025-01-02	tropics	1	0.3355652	0.40963617	0.25411266	0.390027	0.28241533	0.36582762	0.30697381	2025-01-02	tropics	1	0.3355652	0.40963617	0.25411266	0.390027	0.28241533	0.36582762	0.30697381	FGA	2025-04-01
2025-01-03	tropics	1	2.9261196	3.740546	2.2383757	3.4508026	2.499855	3.228508	2.6743326	2025-01-03	tropics	1	2.9261196	3.740546	2.2383757	3.4508026	2.499855	3.228508	2.6743326	2025-01-03	tropics	1	0.32137036	0.3941843	0.23885676	0.3723679	0.27025658	0.34995013	0.29304147	2025-01-03	tropics	1	0.32137036	0.3941843	0.23885676	0.3723679	0.27025658	0.34995013	0.29304147	FGA	2025-04-01
2025-01-04	tropics	1	2.6929061	3.432698	2.0903172	3.1517882	2.3267848	2.9642653	2.480076	2025-01-04	tropics	1	2.6929061	3.432698	2.0903172	3.1517882	2.3267848	2.9642653	2.480076	2025-01-04	tropics	1	0.30233097	0.374304	0.22506388	0.35172367	0.2562	0.3304484	0.27535284	2025-01-04	tropics	1	0.30233097	0.374304	0.22506388	0.35172367	0.2562	0.3304484	0.27535284	FGA	2025-04-01
2025-01-05	tropics	1	2.4767692	3.093669	1.9460909	2.8634627	2.1492476	2.6861696	2.288112	2025-01-05	tropics	1	2.4767692	3.093669	1.9460909	2.8634627	2.1492476	2.6861696	2.288112	2025-01-05	tropics	1	0.2786758	0.34950674	0.20464468	0.32368982	0.2363195	0.30572867	0.25455332	2025-01-05	tropics	1	0.2786758	0.34950674	0.20464468	0.32368982	0.2363195	0.30572867	0.25455332	FGA	2025-04-01
2025-01-06	tropics	1	2.2529273	2.7921746	1.79912	2.591879	1.9634954	2.4425688	2.0893505	2025-01-06	tropics	1	2.2529273	2.7921746	1.79912	2.591879	1.9634954	2.4425688	2.0893505	2025-01-06	tropics	1	0.25438452	0.31998605	0.18538569	0.29654083	0.21354528	0.2786095	0.23161304	2025-01-06	tropics	1	0.25438452	0.31998605	0.18538569	0.29654083	0.21354528	0.2786095	0.23161304	FGA	2025-04-01
2025-01-07	tropics	1	2.0441613	2.5083377	1.6702482	2.334913	1.7867032	2.1969752	1.9059751	2025-01-07	tropics	1	2.0441613	2.5083377	1.6702482	2.334913	1.7867032	2.1969752	1.9059751	2025-01-07	tropics	1	0.22865582	0.29036942	0.16421656	0.2678304	0.1895783	0.25182867	0.20729113	2025-01-07	tropics	1	0.22865582	0.29036942	0.16421656	0.2678304	0.1895783	0.25182867	0.20729113	FGA	2025-04-01
2025-01-08	tropics	1	1.8527932	2.2552135	1.523971	2.0985765	1.6182626	1.9832411	1.7319167	2025-01-08	tropics	1	1.8527932	2.2552135	1.523971	2.0985765	1.6182626	1.9832411	1.7319167	2025-01-08	tropics	1	0.20137548	0.25922322	0.14461671	0.23998614	0.16472788	0.2227304	0.1822437	2025-01-08	tropics	1	0.20137548	0.25922322	0.14461671	0.23998614	0.16472788	0.2227304	0.1822437	FGA	2025-04-01
2025-01-09	tropics	1	1.6748297	2.0232491	1.369879	1.8918427	1.4672441	1.7910839	1.5713251	2025-01-09	tropics	1	1.6748297	2.0232491	1.369879	1.8918427	1.4672441	1.7910839	1.5713251	2025-01-09	tropics	1	0.17414236	0.23046379	0.12015218	0.21031651	0.13727851	0.19339955	0.15632689	2025-01-09	tropics	1	0.17414236	0.23046379	0.12015218	0.21031651	0.13727851	0.19339955	0.15632689	FGA	2025-04-01
2025-01-10	tropics	1	1.5177042	1.8324156	1.2536147	1.7102958	1.3352498	1.623015	1.4224309	2025-01-10	tropics	1	1.5177042	1.8324156	1.2536147	1.7102958	1.3352498	1.623015	1.4224309	2025-01-10	tropics	1	0.14682245	0.19949012	0.09353017	0.18138966	0.11036444	0.16515756	0.12909305	2025-01-10	tropics	1	0.14682245	0.19949012	0.09353017	0.18138966	0.11036444	0.16515756	0.12909305	FGA	2025-04-01
2025-01-11	tropics	1	1.3883349	1.6711587	1.1396915	1.5639642	1.2145977	1.4766893	1.2908523	2025-01-11	tropics	1	1.3883349	1.6711587	1.1396915	1.5639642	1.2145977	1.4766893	1.2908523	2025-01-11	tropics	1	0.11976099	0.17122804	0.06745571	0.15240732	0.08480115	0.13750303	0.10201621	2025-01-11	tropics	1	0.11976099	0.17122804	0.06745571	0.15240732	0.08480115	0.13750303	0.10201621	FGA	2025-04-01
2025-01-12	tropics	1	1.2698834	1.521327	1.0371095	1.4324226	1.1087215	1.3466809	1.1817386	2025-01-12	tropics	1	1.2698834	1.521327	1.0371095	1.4324226	1.1087215	1.3466809	1.1817386	2025-01-12	tropics	1	0.094127655	0.14547293	0.042644132	0.12702502	0.058998775	0.11163819	0.076037645	2025-01-12	tropics	1	0.094127655	0.14547293	0.042644132	0.12702502	0.058998775	0.11163819	0.076037645	FGA	2025-04-01
2025-01-13	tropics	1	1.1714098	1.4100038	0.9608694	1.3234272	1.0221484	1.2450316	1.0891107	2025-01-13	tropics	1	1.1714098	1.4100038	0.9608694	1.3234272	1.0221484	1.2450316	1.0891107	2025-01-13	tropics	1	0.07079792	0.11941371	0.017070973	0.103280686	0.034854315	0.086256504	0.051388264	2025-01-13	tropics	1	0.07079792	0.11941371	0.017070973	0.103280686	0.034854315	0.086256504	0.051388264	FGA	2025-04-01
2025-01-14	tropics	1	1.086268	1.3019729	0.89942205	1.2353913	0.9554719	1.1589465	1.0153289	2025-01-14	tropics	1	1.086268	1.3019729	0.89942205	1.2353913	0.9554719	1.1589465	1.0153289	2025-01-14	tropics	1	0.04780674	0.09644402	-0.0049654124	0.08044882	0.01146884	0.06480515	0.028545141	2025-01-14	tropics	1	0.04780674	0.09644402	-0.0049654124	0.08044882	0.01146884	0.06480515	0.028545141	FGA	2025-04-01
2025-01-15	tropics	1	1.0197284	1.2173766	0.8369369	1.1550491	0.9021868	1.0857174	0.9545677	2025-01-15	tropics	1	1.0197284	1.2173766	0.8369369	1.1550491	0.9021868	1.0857174	0.9545677	2025-01-15	tropics	1	0.02748537	0.07640919	-0.023205006	0.061496925	-0.006506919	0.04438734	0.008877754	2025-01-15	tropics	1	0.02748537	0.07640919	-0.023205006	0.061496925	-0.006506919	0.04438734	0.008877754	FGA	2025-04-01
2025-01-16	tropics	1	0.96735597	1.1461251	0.79034424	1.0913213	0.85500395	1.0240164	0.907756	2025-01-16	tropics	1	0.96735597	1.1461251	0.79034424	1.0913213	0.85500395	1.0240164	0.907756	2025-01-16	tropics	1	0.009334326	0.057350602	-0.04068922	0.043311544	-0.022272252	0.02656591	-0.0077376366	2025-01-16	tropics	1	0.009334326	0.057350602	-0.04068922	0.043311544	-0.022272252	0.02656591	-0.0077376366	FGA	2025-04-01
2025-01-17	tropics	1	0.9220517	1.0883406	0.7662527	1.0390458	0.817614	0.97372806	0.86583847	2025-01-17	tropics	1	0.9220517	1.0883406	0.7662527	1.0390458	0.817614	0.97372806	0.86583847	2025-01-17	tropics	1	-0.0046548843	0.040738117	-0.05708805	0.027047206	-0.036449097	0.010156989	-0.021583676	2025-01-17	tropics	1	-0.0046548843	0.040738117	-0.05708805	0.027047206	-0.036449097	0.010156989	-0.021583676	FGA	2025-04-01
2025-01-18	tropics	1	0.88639015	1.0518438	0.74228024	0.99856716	0.7901495	0.93866545	0.8351281	2025-01-18	tropics	1	0.88639015	1.0518438	0.74228024	0.99856716	0.7901495	0.93866545	0.8351281	2025-01-18	tropics	1	-0.0169518	0.0253795	-0.06736418	0.01374502	-0.049138594	-0.0033334494	-0.034345865	2025-01-18	tropics	1	-0.0169518	0.0253795	-0.06736418	0.01374502	-0.049138594	-0.0033334494	-0.034345865	FGA	2025-04-01
2025-01-19	tropics	1	0.8574528	1.0140253	0.72120214	0.9628107	0.76632005	0.9064933	0.8083233	2025-01-19	tropics	1	0.8574528	1.0140253	0.72120214	0.9628107	0.76632005	0.9064933	0.8083233	2025-01-19	tropics	1	-0.028434277	0.015690647	-0.07475563	0.0028658856	-0.058508825	-0.014423013	-0.04413557	2025-01-19	tropics	1	-0.028434277	0.015690647	-0.07475563	0.0028658856	-0.058508825	-0.014423013	-0.04413557	FGA	2025-04-01
2025-01-20	tropics	1	0.83771235	0.99159026	0.7036847	0.94177014	0.7499088	0.8845148	0.7904821	2025-01-20	tropics	1	0.83771235	0.99159026	0.7036847	0.94177014	0.7499088	0.8845148	0.7904821	2025-01-20	tropics	1	-0.03787899	0.0059386697	-0.08271408	-0.0070097484	-0.066035606	-0.022325277	-0.05284536	2025-01-20	tropics	1	-0.03787899	0.0059386697	-0.08271408	-0.0070097484	-0.066035606	-0.022325277	-0.05284536	FGA	2025-04-01
2025-01-21	tropics	1	0.82575554	0.97817945	0.68894476	0.9238227	0.73420036	0.8721775	0.77519125	2025-01-21	tropics	1	0.82575554	0.97817945	0.68894476	0.9238227	0.73420036	0.8721775	0.77519125	2025-01-21	tropics	1	-0.044457197	-0.0012308225	-0.08902433	-0.014089926	-0.07257466	-0.030379534	-0.059012175	2025-01-21	tropics	1	-0.044457197	-0.0012308225	-0.08902433	-0.014089926	-0.07257466	-0.030379534	-0.059012175	FGA	2025-04-01
2025-01-22	tropics	1	0.8161726	0.9678035	0.68018395	0.91191727	0.7188693	0.86337316	0.76749957	2025-01-22	tropics	1	0.8161726	0.9678035	0.68018395	0.91191727	0.7188693	0.86337316	0.76749957	2025-01-22	tropics	1	-0.0486176	-0.0051854076	-0.09463637	-0.01960035	-0.078394696	-0.034513593	-0.0646919	2025-01-22	tropics	1	-0.0486176	-0.0051854076	-0.09463637	-0.01960035	-0.078394696	-0.034513593	-0.0646919	FGA	2025-04-01
2025-01-23	tropics	1	0.81185	0.9620414	0.67571187	0.9079505	0.7165803	0.86183304	0.76460403	2025-01-23	tropics	1	0.81185	0.9620414	0.67571187	0.9079505	0.7165803	0.86183304	0.76460403	2025-01-23	tropics	1	-0.052028418	-0.0070639704	-0.09908406	-0.022929337	-0.08474197	-0.037546873	-0.06801367	2025-01-23	tropics	1	-0.052028418	-0.0070639704	-0.09908406	-0.022929337	-0.08474197	-0.037546873	-0.06801367	FGA	2025-04-01
2025-01-24	tropics	1	0.8125944	0.96139336	0.671396	0.9094881	0.7168296	0.86387116	0.76401657	2025-01-24	tropics	1	0.8125944	0.96139336	0.671396	0.9094881	0.7168296	0.86387116	0.76401657	2025-01-24	tropics	1	-0.05400276	-0.010544403	-0.100457214	-0.025396923	-0.08598347	-0.038956523	-0.069645524	2025-01-24	tropics	1	-0.05400276	-0.010544403	-0.100457214	-0.025396923	-0.08598347	-0.038956523	-0.069645524	FGA	2025-04-01
2025-01-25	tropics	1	0.81553686	0.9662535	0.67604476	0.90731776	0.72362393	0.86837286	0.7685385	2025-01-25	tropics	1	0.81553686	0.9662535	0.67604476	0.90731776	0.72362393	0.86837286	0.7685385	2025-01-25	tropics	1	-0.054174185	-0.01050862	-0.10287652	-0.025185063	-0.086048126	-0.038346887	-0.070286036	2025-01-25	tropics	1	-0.054174185	-0.01050862	-0.10287652	-0.025185063	-0.086048126	-0.038346887	-0.070286036	FGA	2025-04-01
2025-01-26	tropics	1	0.8237622	0.96934783	0.6854777	0.91867286	0.7318344	0.8749923	0.7756436	2025-01-26	tropics	1	0.8237622	0.96934783	0.6854777	0.91867286	0.7318344	0.8749923	0.7756436	2025-01-26	tropics	1	-0.05361414	-0.009059083	-0.10194111	-0.025455393	-0.08515243	-0.037365317	-0.06919205	2025-01-26	tropics	1	-0.05361414	-0.009059083	-0.10194111	-0.025455393	-0.08515243	-0.037365317	-0.06919205	FGA	2025-04-01
2025-01-27	tropics	1	0.83673084	0.9728064	0.6999499	0.92509705	0.7466823	0.8859257	0.7884889	2025-01-27	tropics	1	0.83673084	0.9728064	0.6999499	0.92509705	0.7466823	0.8859257	0.7884889	2025-01-27	tropics	1	-0.052179098	-0.008397197	-0.09953271	-0.023169376	-0.082508326	-0.035808682	-0.066756606	2025-01-27	tropics	1	-0.052179098	-0.008397197	-0.09953271	-0.023169376	-0.082508326	-0.035808682	-0.066756606	FGA	2025-04-01
2025-01-28	tropics	1	0.8536485	0.9869967	0.72079515	0.93982214	0.76210093	0.89822316	0.80400157	2025-01-28	tropics	1	0.8536485	0.9869967	0.72079515	0.93982214	0.76210093	0.89822316	0.80400157	2025-01-28	tropics	1	-0.04852295	-0.008104641	-0.09390211	-0.020781945	-0.07741489	-0.03286314	-0.063325405	2025-01-28	tropics	1	-0.04852295	-0.008104641	-0.09390211	-0.020781945	-0.07741489	-0.03286314	-0.063325405	FGA	2025-04-01
2025-01-29	tropics	1	0.87241244	1.0028481	0.7398235	0.9600088	0.7803554	0.91124487	0.82178867	2025-01-29	tropics	1	0.87241244	1.0028481	0.7398235	0.9600088	0.7803554	0.91124487	0.82178867	2025-01-29	tropics	1	-0.043334723	-0.005421005	-0.0873008	-0.018218007	-0.07239971	-0.029100537	-0.058634996	2025-01-29	tropics	1	-0.043334723	-0.005421005	-0.0873008	-0.018218007	-0.07239971	-0.029100537	-0.058634996	FGA	2025-04-01
2025-01-30	tropics	1	0.8908652	1.0252792	0.7565325	0.97592294	0.80540746	0.9322456	0.8400968	2025-01-30	tropics	1	0.8908652	1.0252792	0.7565325	0.97592294	0.80540746	0.9322456	0.8400968	2025-01-30	tropics	1	-0.038122416	-0.0014924592	-0.08002259	-0.012703097	-0.0665472	-0.025627732	-0.05326712	2025-01-30	tropics	1	-0.038122416	-0.0014924592	-0.08002259	-0.012703097	-0.0665472	-0.025627732	-0.05326712	FGA	2025-04-01
2025-01-31	tropics	1	0.909153	1.0466301	0.7781034	1.0030861	0.82748175	0.9554498	0.86300087	2025-01-31	tropics	1	0.909153	1.0466301	0.7781034	1.0030861	0.82748175	0.9554498	0.86300087	2025-01-31	tropics	1	-0.03178096	0.0045021567	-0.07509132	-0.008328438	-0.059518766	-0.020474076	-0.04732752	2025-01-31	tropics	1	-0.03178096	0.0045021567	-0.07509132	-0.008328438	-0.059518766	-0.020474076	-0.04732752	FGA	2025-04-01
2025-02-01	tropics	1	0.9323745	1.0727348	0.794636	1.0277599	0.84892577	0.9811611	0.8891909	2025-02-01	tropics	1	0.9323745	1.0727348	0.794636	1.0277599	0.84892577	0.9811611	0.8891909	2025-02-01	tropics	1	-0.027086973	0.010116778	-0.06708795	-0.002225257	-0.051685713	-0.0143921375	-0.041296482	2025-02-01	tropics	1	-0.027086973	0.010116778	-0.06708795	-0.002225257	-0.051685713	-0.0143921375	-0.041296482	FGA	2025-04-01
2025-02-02	tropics	1	0.9537134	1.1050975	0.8155476	1.0539995	0.8746407	1.0050083	0.911865	2025-02-02	tropics	1	0.9537134	1.1050975	0.8155476	1.0539995	0.8746407	1.0050083	0.911865	2025-02-02	tropics	1	-0.020982027	0.016014952	-0.061804473	0.004874706	-0.046167277	-0.0073884726	-0.033799887	2025-02-02	tropics	1	-0.020982027	0.016014952	-0.061804473	0.004874706	-0.046167277	-0.0073884726	-0.033799887	FGA	2025-04-01
2025-02-03	tropics	1	0.9808415	1.1424372	0.83511907	1.0812063	0.8993285	1.0343244	0.9377371	2025-02-03	tropics	1	0.9808415	1.1424372	0.83511907	1.0812063	0.8993285	1.0343244	0.9377371	2025-02-03	tropics	1	-0.01462388	0.02291307	-0.056007802	0.011471224	-0.03814268	-0.0012841225	-0.026250482	2025-02-03	tropics	1	-0.01462388	0.02291307	-0.056007802	0.011471224	-0.03814268	-0.0012841225	-0.026250482	FGA	2025-04-01
2025-02-04	tropics	1	1.0082874	1.1752236	0.86168796	1.1071749	0.9236226	1.0590286	0.96119434	2025-02-04	tropics	1	1.0082874	1.1752236	0.86168796	1.1071749	0.9236226	1.0590286	0.96119434	2025-02-04	tropics	1	-0.0076425076	0.032052387	-0.04888334	0.01810912	-0.030025147	0.006379962	-0.019786	2025-02-04	tropics	1	-0.0076425076	0.032052387	-0.04888334	0.01810912	-0.030025147	0.006379962	-0.019786	FGA	2025-04-01
2025-02-05	tropics	1	1.0352943	1.2095299	0.88932735	1.1354817	0.94503903	1.0867015	0.9872851	2025-02-05	tropics	1	1.0352943	1.2095299	0.88932735	1.1354817	0.94503903	1.0867015	0.9872851	2025-02-05	tropics	1	-0.00023508072	0.040277928	-0.041712046	0.024661677	-0.023203278	0.012310386	-0.012799263	2025-02-05	tropics	1	-0.00023508072	0.040277928	-0.041712046	0.024661677	-0.023203278	0.012310386	-0.012799263	FGA	2025-04-01
2025-02-06	tropics	1	1.059288	1.2254914	0.91600555	1.1638136	0.9680697	1.1102191	1.0102646	2025-02-06	tropics	1	1.059288	1.2254914	0.91600555	1.1638136	0.9680697	1.1102191	1.0102646	2025-02-06	tropics	1	0.0069596767	0.048064057	-0.03355782	0.031546924	-0.017064713	0.019557118	-0.0054843426	2025-02-06	tropics	1	0.0069596767	0.048064057	-0.03355782	0.031546924	-0.017064713	0.019557118	-0.0054843426	FGA	2025-04-01
2025-02-07	tropics	1	1.0821307	1.2500583	0.94110245	1.1861346	0.9917404	1.137636	1.0318403	2025-02-07	tropics	1	1.0821307	1.2500583	0.94110245	1.1861346	0.9917404	1.137636	1.0318403	2025-02-07	tropics	1	0.013276339	0.053006712	-0.025728654	0.037830587	-0.011081838	0.025841832	0.0006079674	2025-02-07	tropics	1	0.013276339	0.053006712	-0.025728654	0.037830587	-0.011081838	0.025841832	0.0006079674	FGA	2025-04-01
2025-02-08	tropics	1	1.1052592	1.2592012	0.95639855	1.210093	1.0090152	1.1609197	1.0553569	2025-02-08	tropics	1	1.1052592	1.2592012	0.95639855	1.210093	1.0090152	1.1609197	1.0553569	2025-02-08	tropics	1	0.018917084	0.05709911	-0.018296551	0.04371786	-0.004313373	0.03173673	0.006386757	2025-02-08	tropics	1	0.018917084	0.05709911	-0.018296551	0.04371786	-0.004313373	0.03173673	0.006386757	FGA	2025-04-01
2025-02-09	tropics	1	1.1240239	1.2851456	0.97815853	1.235273	1.0279729	1.184052	1.0741326	2025-02-09	tropics	1	1.1240239	1.2851456	0.97815853	1.235273	1.0279729	1.184052	1.0741326	2025-02-09	tropics	1	0.024356842	0.06096545	-0.013394344	0.048520844	0.0013691444	0.037540793	0.012276053	2025-02-09	tropics	1	0.024356842	0.06096545	-0.013394344	0.048520844	0.0013691444	0.037540793	0.012276053	FGA	2025-04-01
2025-02-10	tropics	1	1.141866	1.3139709	0.99906015	1.2550912	1.0472038	1.2019925	1.0899292	2025-02-10	tropics	1	1.141866	1.3139709	0.99906015	1.2550912	1.0472038	1.2019925	1.0899292	2025-02-10	tropics	1	0.029374123	0.06440103	-0.007648861	0.053950828	0.005874539	0.042125106	0.017270923	2025-02-10	tropics	1	0.029374123	0.06440103	-0.007648861	0.053950828	0.005874539	0.042125106	0.017270923	FGA	2025-04-01
2025-02-11	tropics	1	1.160574	1.3411885	1.0039002	1.2769771	1.060034	1.2192898	1.1029125	2025-02-11	tropics	1	1.160574	1.3411885	1.0039002	1.2769771	1.060034	1.2192898	1.1029125	2025-02-11	tropics	1	0.03356409	0.069765665	-0.0016833303	0.059286214	0.010253906	0.047507882	0.021683693	2025-02-11	tropics	1	0.03356409	0.069765665	-0.0016833303	0.059286214	0.010253906	0.047507882	0.021683693	FGA	2025-04-01
2025-02-12	tropics	1	1.1703771	1.3686484	1.0113622	1.2936487	1.0663543	1.2273166	1.1118577	2025-02-12	tropics	1	1.1703771	1.3686484	1.0113622	1.2936487	1.0663543	1.2273166	1.1118577	2025-02-12	tropics	1	0.037824154	0.07555176	0.0010336639	0.063122176	0.013813687	0.051065803	0.024739861	2025-02-12	tropics	1	0.037824154	0.07555176	0.0010336639	0.063122176	0.013813687	0.051065803	0.024739861	FGA	2025-04-01
2025-02-13	tropics	1	1.1764834	1.3792744	1.0142807	1.3037477	1.072201	1.2375567	1.1163436	2025-02-13	tropics	1	1.1764834	1.3792744	1.0142807	1.3037477	1.072201	1.2375567	1.1163436	2025-02-13	tropics	1	0.040715218	0.08156308	0.0029717807	0.06652851	0.016537858	0.05424416	0.02726996	2025-02-13	tropics	1	0.040715218	0.08156308	0.0029717807	0.06652851	0.016537858	0.05424416	0.02726996	FGA	2025-04-01
2025-02-14	tropics	1	1.1804197	1.3963491	1.0199722	1.3088652	1.0745374	1.245436	1.120075	2025-02-14	tropics	1	1.1804197	1.3963491	1.0199722	1.3088652	1.0745374	1.245436	1.120075	2025-02-14	tropics	1	0.042329073	0.08542915	0.0037119512	0.06946768	0.018287182	0.05580342	0.02918017	2025-02-14	tropics	1	0.042329073	0.08542915	0.0037119512	0.06946768	0.018287182	0.05580342	0.02918017	FGA	2025-04-01
2025-02-15	tropics	1	1.1778142	1.3909351	1.0209947	1.3120346	1.0716728	1.2428408	1.1183211	2025-02-15	tropics	1	1.1778142	1.3909351	1.0209947	1.3120346	1.0716728	1.2428408	1.1183211	2025-02-15	tropics	1	0.043723583	0.08791525	0.0049199346	0.07097897	0.018878317	0.057601452	0.030266523	2025-02-15	tropics	1	0.043723583	0.08791525	0.0049199346	0.07097897	0.018878317	0.057601452	0.030266523	FGA	2025-04-01
2025-02-16	tropics	1	1.1738882	1.3837895	1.0188608	1.3075019	1.0661619	1.2334828	1.1146117	2025-02-16	tropics	1	1.1738882	1.3837895	1.0188608	1.3075019	1.0661619	1.2334828	1.1146117	2025-02-16	tropics	1	0.043836832	0.08855131	0.0052507995	0.07261081	0.018167354	0.058404446	0.030192614	2025-02-16	tropics	1	0.043836832	0.08855131	0.0052507995	0.07261081	0.018167354	0.058404446	0.030192614	FGA	2025-04-01
2025-02-17	tropics	1	1.1685476	1.3733962	1.008866	1.2919981	1.060758	1.2245774	1.1015232	2025-02-17	tropics	1	1.1685476	1.3733962	1.008866	1.2919981	1.060758	1.2245774	1.1015232	2025-02-17	tropics	1	0.043026924	0.08755312	0.0053140996	0.07246142	0.017570639	0.056193113	0.02900362	2025-02-17	tropics	1	0.043026924	0.08755312	0.0053140996	0.07246142	0.017570639	0.056193113	0.02900362	FGA	2025-04-01
2025-02-18	tropics	1	1.1514175	1.3534842	0.99723345	1.2732819	1.0496707	1.2109222	1.0880332	2025-02-18	tropics	1	1.1514175	1.3534842	0.99723345	1.2732819	1.0496707	1.2109222	1.0880332	2025-02-18	tropics	1	0.041997433	0.08515894	0.0034486176	0.06913336	0.015400887	0.054652452	0.026714444	2025-02-18	tropics	1	0.041997433	0.08515894	0.0034486176	0.06913336	0.015400887	0.054652452	0.026714444	FGA	2025-04-01
2025-02-19	tropics	1	1.1350924	1.3278668	0.9865534	1.2543406	1.0365535	1.1941547	1.0766006	2025-02-19	tropics	1	1.1350924	1.3278668	0.9865534	1.2543406	1.0365535	1.1941547	1.0766006	2025-02-19	tropics	1	0.038274527	0.08236964	0.00064506556	0.065239996	0.013938951	0.05145645	0.023970962	2025-02-19	tropics	1	0.038274527	0.08236964	0.00064506556	0.065239996	0.013938951	0.05145645	0.023970962	FGA	2025-04-01
2025-02-20	tropics	1	1.1155846	1.2998866	0.97345763	1.2312585	1.0176916	1.1740497	1.0578386	2025-02-20	tropics	1	1.1155846	1.2998866	0.97345763	1.2312585	1.0176916	1.1740497	1.0578386	2025-02-20	tropics	1	0.034695387	0.07725095	-0.0023896454	0.06151685	0.010702038	0.04815018	0.02060163	2025-02-20	tropics	1	0.034695387	0.07725095	-0.0023896454	0.06151685	0.010702038	0.04815018	0.02060163	FGA	2025-04-01
2025-02-21	tropics	1	1.0966511	1.2800871	0.95822585	1.2100523	0.9951507	1.151868	1.038491	2025-02-21	tropics	1	1.0966511	1.2800871	0.95822585	1.2100523	0.9951507	1.151868	1.038491	2025-02-21	tropics	1	0.030797958	0.07164869	-0.005830729	0.057345767	0.0070287227	0.044337153	0.016498566	2025-02-21	tropics	1	0.030797958	0.07164869	-0.005830729	0.057345767	0.0070287227	0.044337153	0.016498566	FGA	2025-04-01
2025-02-22	tropics	1	1.0729306	1.277017	0.940631	1.1844144	0.9727069	1.1319811	1.0141994	2025-02-22	tropics	1	1.0729306	1.277017	0.940631	1.1844144	0.9727069	1.1319811	1.0141994	2025-02-22	tropics	1	0.0266788	0.066019766	-0.00959649	0.05130276	0.00086636585	0.039393306	0.0122333765	2025-02-22	tropics	1	0.0266788	0.066019766	-0.00959649	0.05130276	0.00086636585	0.039393306	0.0122333765	FGA	2025-04-01
2025-02-23	tropics	1	1.0540994	1.2543615	0.915926	1.1635282	0.9494109	1.1096315	0.99315417	2025-02-23	tropics	1	1.0540994	1.2543615	0.915926	1.1635282	0.9494109	1.1096315	0.99315417	2025-02-23	tropics	1	0.020405293	0.06498154	-0.014670419	0.04754585	-0.0049142363	0.034381866	0.0062696934	2025-02-23	tropics	1	0.020405293	0.06498154	-0.014670419	0.04754585	-0.0049142363	0.034381866	0.0062696934	FGA	2025-04-01
2025-02-24	tropics	1	1.0332384	1.2297885	0.89321977	1.1420654	0.9270656	1.0819001	0.9685778	2025-02-24	tropics	1	1.0332384	1.2297885	0.89321977	1.1420654	0.9270656	1.0819001	0.9685778	2025-02-24	tropics	1	0.015580893	0.061771676	-0.020611	0.041426364	-0.010794687	0.029142857	0.00031793118	2025-02-24	tropics	1	0.015580893	0.061771676	-0.020611	0.041426364	-0.010794687	0.029142857	0.00031793118	FGA	2025-04-01
2025-02-25	tropics	1	1.0058824	1.1975664	0.8664792	1.1201628	0.90840167	1.0603361	0.9449978	2025-02-25	tropics	1	1.0058824	1.1975664	0.8664792	1.1201628	0.90840167	1.0603361	0.9449978	2025-02-25	tropics	1	0.010820389	0.05604129	-0.027279139	0.036258493	-0.017632961	0.023383617	-0.0059684515	2025-02-25	tropics	1	0.010820389	0.05604129	-0.027279139	0.036258493	-0.017632961	0.023383617	-0.0059684515	FGA	2025-04-01
2025-02-26	tropics	1	0.9846382	1.1640846	0.84889334	1.0984712	0.8902279	1.03919	0.92445636	2025-02-26	tropics	1	0.9846382	1.1640846	0.84889334	1.0984712	0.8902279	1.03919	0.92445636	2025-02-26	tropics	1	0.003992796	0.050549407	-0.034519125	0.032065384	-0.023299884	0.017370224	-0.0125312805	2025-02-26	tropics	1	0.003992796	0.050549407	-0.034519125	0.032065384	-0.023299884	0.017370224	-0.0125312805	FGA	2025-04-01
2025-02-27	tropics	1	0.96331894	1.1460127	0.83195543	1.0695499	0.8722609	1.0193076	0.905414	2025-02-27	tropics	1	0.96331894	1.1460127	0.83195543	1.0695499	0.8722609	1.0193076	0.905414	2025-02-27	tropics	1	-0.0012886524	0.04255058	-0.040737163	0.026648803	-0.028625155	0.011931539	-0.0184263	2025-02-27	tropics	1	-0.0012886524	0.04255058	-0.040737163	0.026648803	-0.028625155	0.011931539	-0.0184263	FGA	2025-04-01
2025-02-28	tropics	1	0.94523203	1.1246134	0.81531096	1.0491744	0.8559133	0.9978718	0.88906336	2025-02-28	tropics	1	0.94523203	1.1246134	0.81531096	1.0491744	0.8559133	0.9978718	0.88906336	2025-02-28	tropics	1	-0.007918596	0.036919855	-0.046087634	0.019790445	-0.034151744	0.00692451	-0.024017215	2025-02-28	tropics	1	-0.007918596	0.036919855	-0.046087634	0.019790445	-0.034151744	0.00692451	-0.024017215	FGA	2025-04-01
2025-03-01	tropics	1	0.9253756	1.0979297	0.8048865	1.0262927	0.84207416	0.9771223	0.8722409	2025-03-01	tropics	1	0.9253756	1.0979297	0.8048865	1.0262927	0.84207416	0.9771223	0.8722409	2025-03-01	tropics	1	-0.01306653	0.033503115	-0.052292407	0.013766137	-0.039097644	0.0015081167	-0.029016376	2025-03-01	tropics	1	-0.01306653	0.033503115	-0.052292407	0.013766137	-0.039097644	0.0015081167	-0.029016376	FGA	2025-04-01
2025-03-02	tropics	1	0.9076604	1.0823448	0.78697276	1.0099192	0.8269455	0.95846754	0.8589234	2025-03-02	tropics	1	0.9076604	1.0823448	0.78697276	1.0099192	0.8269455	0.95846754	0.8589234	2025-03-02	tropics	1	-0.01838398	0.027034577	-0.055199396	0.00929398	-0.04362426	-0.003991604	-0.03376341	2025-03-02	tropics	1	-0.01838398	0.027034577	-0.055199396	0.00929398	-0.04362426	-0.003991604	-0.03376341	FGA	2025-04-01
2025-03-03	tropics	1	0.8881643	1.0688086	0.7733826	0.9950683	0.80823016	0.9399663	0.8508455	2025-03-03	tropics	1	0.8881643	1.0688086	0.7733826	0.9950683	0.80823016	0.9399663	0.8508455	2025-03-03	tropics	1	-0.023346901	0.021723108	-0.060658704	0.0036169041	-0.04764142	-0.0090459585	-0.037945747	2025-03-03	tropics	1	-0.023346901	0.021723108	-0.060658704	0.0036169041	-0.04764142	-0.0090459585	-0.037945747	FGA	2025-04-01
2025-03-04	tropics	1	0.87586105	1.0572915	0.7588934	0.9817414	0.79496557	0.9313795	0.83884776	2025-03-04	tropics	1	0.87586105	1.0572915	0.7588934	0.9817414	0.79496557	0.9313795	0.83884776	2025-03-04	tropics	1	-0.02876544	0.018926995	-0.065508805	0.0007618409	-0.053013276	-0.014474273	-0.041664958	2025-03-04	tropics	1	-0.02876544	0.018926995	-0.065508805	0.0007618409	-0.053013276	-0.014474273	-0.041664958	FGA	2025-04-01
2025-03-05	tropics	1	0.8684921	1.0463438	0.7423388	0.9722385	0.78267276	0.92117107	0.8249559	2025-03-05	tropics	1	0.8684921	1.0463438	0.7423388	0.9722385	0.78267276	0.92117107	0.8249559	2025-03-05	tropics	1	-0.033150673	0.014647104	-0.07003359	-0.0037307045	-0.057271335	-0.017769694	-0.04411447	2025-03-05	tropics	1	-0.033150673	0.014647104	-0.07003359	-0.0037307045	-0.057271335	-0.017769694	-0.04411447	FGA	2025-04-01
2025-03-06	tropics	1	0.8619659	1.0295116	0.73126674	0.9616767	0.77007675	0.913741	0.81387734	2025-03-06	tropics	1	0.8619659	1.0295116	0.73126674	0.9616767	0.77007675	0.913741	0.81387734	2025-03-06	tropics	1	-0.035751343	0.013193479	-0.0743021	-0.00627146	-0.062168073	-0.020451427	-0.048630595	2025-03-06	tropics	1	-0.035751343	0.013193479	-0.0743021	-0.00627146	-0.062168073	-0.020451427	-0.048630595	FGA	2025-04-01
2025-03-07	tropics	1	0.8550693	1.0169098	0.721257	0.9559001	0.76003236	0.90670896	0.8023616	2025-03-07	tropics	1	0.8550693	1.0169098	0.721257	0.9559001	0.76003236	0.90670896	0.8023616	2025-03-07	tropics	1	-0.037988186	0.0092740785	-0.079046786	-0.009000398	-0.06564269	-0.023039818	-0.05181992	2025-03-07	tropics	1	-0.037988186	0.0092740785	-0.079046786	-0.009000398	-0.06564269	-0.023039818	-0.05181992	FGA	2025-04-01
2025-03-08	tropics	1	0.84981835	1.0108348	0.7125336	0.9539817	0.7499891	0.9030761	0.7972436	2025-03-08	tropics	1	0.84981835	1.0108348	0.7125336	0.9539817	0.7499891	0.9030761	0.7972436	2025-03-08	tropics	1	-0.0403347	0.0052449177	-0.08258786	-0.010917573	-0.06947374	-0.024409533	-0.055812478	2025-03-08	tropics	1	-0.0403347	0.0052449177	-0.08258786	-0.010917573	-0.06947374	-0.024409533	-0.055812478	FGA	2025-04-01
2025-03-09	tropics	1	0.8449651	1.0074279	0.7073039	0.95272994	0.7453752	0.8999503	0.7917996	2025-03-09	tropics	1	0.8449651	1.0074279	0.7073039	0.95272994	0.7453752	0.8999503	0.7917996	2025-03-09	tropics	1	-0.042276382	0.0034003444	-0.08621557	-0.01235243	-0.07339859	-0.02579546	-0.058188677	2025-03-09	tropics	1	-0.042276382	0.0034003444	-0.08621557	-0.01235243	-0.07339859	-0.02579546	-0.058188677	FGA	2025-04-01
2025-03-10	tropics	1	0.84290284	1.0091525	0.6999051	0.9519627	0.7420926	0.8977592	0.7898673	2025-03-10	tropics	1	0.84290284	1.0091525	0.6999051	0.9519627	0.7420926	0.8977592	0.7898673	2025-03-10	tropics	1	-0.04345703	0.0019153416	-0.08934941	-0.013065198	-0.075238034	-0.027589321	-0.059799314	2025-03-10	tropics	1	-0.04345703	0.0019153416	-0.08934941	-0.013065198	-0.075238034	-0.027589321	-0.059799314	FGA	2025-04-01
2025-03-11	tropics	1	0.8432805	1.0091906	0.6953994	0.94766426	0.7403385	0.8999693	0.7903298	2025-03-11	tropics	1	0.8432805	1.0091906	0.6953994	0.94766426	0.7403385	0.8999693	0.7903298	2025-03-11	tropics	1	-0.044166803	0.002223902	-0.090995766	-0.012881246	-0.076957606	-0.027975798	-0.06061673	2025-03-11	tropics	1	-0.044166803	0.002223902	-0.090995766	-0.012881246	-0.076957606	-0.027975798	-0.06061673	FGA	2025-04-01
2025-03-12	tropics	1	0.8478332	1.0055157	0.69260275	0.95017606	0.74343055	0.9016259	0.78983516	2025-03-12	tropics	1	0.8478332	1.0055157	0.69260275	0.95017606	0.74343055	0.9016259	0.78983516	2025-03-12	tropics	1	-0.0444386	0.0023958609	-0.09224822	-0.013238716	-0.07732892	-0.028021216	-0.061041355	2025-03-12	tropics	1	-0.0444386	0.0023958609	-0.09224822	-0.013238716	-0.07732892	-0.028021216	-0.061041355	FGA	2025-04-01
2025-03-13	tropics	1	0.8547521	1.0106853	0.69634444	0.9545432	0.7463546	0.9080567	0.7935759	2025-03-13	tropics	1	0.8547521	1.0106853	0.69634444	0.9545432	0.7463546	0.9080567	0.7935759	2025-03-13	tropics	1	-0.043446064	0.0010202298	-0.09457616	-0.013923934	-0.077035144	-0.02690792	-0.06092727	2025-03-13	tropics	1	-0.043446064	0.0010202298	-0.09457616	-0.013923934	-0.077035144	-0.02690792	-0.06092727	FGA	2025-04-01
2025-03-14	tropics	1	0.85735357	1.0138053	0.6999035	0.96103567	0.7497593	0.91346675	0.8002101	2025-03-14	tropics	1	0.85735357	1.0138053	0.6999035	0.96103567	0.7497593	0.91346675	0.8002101	2025-03-14	tropics	1	-0.041316032	0.0022156273	-0.094419144	-0.012321198	-0.07603302	-0.026044011	-0.060158253	2025-03-14	tropics	1	-0.041316032	0.0022156273	-0.094419144	-0.012321198	-0.07603302	-0.026044011	-0.060158253	FGA	2025-04-01
2025-03-15	tropics	1	0.8624649	1.0249137	0.6978616	0.9706407	0.7557598	0.91877174	0.80547297	2025-03-15	tropics	1	0.8624649	1.0249137	0.6978616	0.9706407	0.7557598	0.91877174	0.80547297	2025-03-15	tropics	1	-0.04020214	0.0038838873	-0.092012845	-0.010960393	-0.07473655	-0.024934769	-0.058543444	2025-03-15	tropics	1	-0.04020214	0.0038838873	-0.092012845	-0.010960393	-0.07473655	-0.024934769	-0.058543444	FGA	2025-04-01
2025-03-16	tropics	1	0.8727455	1.0331584	0.70387447	0.982768	0.7613338	0.9290636	0.814934	2025-03-16	tropics	1	0.8727455	1.0331584	0.70387447	0.982768	0.7613338	0.9290636	0.814934	2025-03-16	tropics	1	-0.039177895	0.0047128815	-0.092410915	-0.0085440185	-0.07285132	-0.022669911	-0.056948543	2025-03-16	tropics	1	-0.039177895	0.0047128815	-0.092410915	-0.0085440185	-0.07285132	-0.022669911	-0.056948543	FGA	2025-04-01
2025-03-17	tropics	1	0.8797914	1.0511261	0.70717925	0.9959938	0.7672773	0.94022703	0.8190003	2025-03-17	tropics	1	0.8797914	1.0511261	0.70717925	0.9959938	0.7672773	0.94022703	0.8190003	2025-03-17	tropics	1	-0.03716421	0.0086218845	-0.09091655	-0.005451648	-0.07121887	-0.020072699	-0.053858757	2025-03-17	tropics	1	-0.03716421	0.0086218845	-0.09091655	-0.005451648	-0.07121887	-0.020072699	-0.053858757	FGA	2025-04-01
2025-03-18	tropics	1	0.8909267	1.0691067	0.710476	1.0072328	0.7782865	0.9532212	0.83018947	2025-03-18	tropics	1	0.8909267	1.0691067	0.710476	1.0072328	0.7782865	0.9532212	0.83018947	2025-03-18	tropics	1	-0.034077406	0.010439339	-0.08981544	-0.0018967794	-0.06862354	-0.017382145	-0.051951885	2025-03-18	tropics	1	-0.034077406	0.010439339	-0.08981544	-0.0018967794	-0.06862354	-0.017382145	-0.051951885	FGA	2025-04-01
2025-03-19	tropics	1	0.89988685	1.099875	0.715528	1.0313452	0.7833173	0.96490496	0.83505154	2025-03-19	tropics	1	0.89988685	1.099875	0.715528	1.0313452	0.7833173	0.96490496	0.83505154	2025-03-19	tropics	1	-0.030971289	0.016451864	-0.08902147	0.0010545665	-0.06596021	-0.013733268	-0.04971838	2025-03-19	tropics	1	-0.030971289	0.016451864	-0.08902147	0.0010545665	-0.06596021	-0.013733268	-0.04971838	FGA	2025-04-01
2025-03-20	tropics	1	0.90938056	1.1242468	0.7184928	1.0468992	0.78901505	0.9780898	0.84366643	2025-03-20	tropics	1	0.90938056	1.1242468	0.7184928	1.0468992	0.78901505	0.9780898	0.84366643	2025-03-20	tropics	1	-0.027855635	0.02108023	-0.087929636	0.0059716036	-0.06282072	-0.010220766	-0.04668832	2025-03-20	tropics	1	-0.027855635	0.02108023	-0.087929636	0.0059716036	-0.06282072	-0.010220766	-0.04668832	FGA	2025-04-01
2025-03-21	tropics	1	0.922351	1.160901	0.7221507	1.079362	0.7957203	0.9923514	0.8553212	2025-03-21	tropics	1	0.922351	1.160901	0.7221507	1.079362	0.7957203	0.9923514	0.8553212	2025-03-21	tropics	1	-0.025710344	0.028988518	-0.084401	0.010961614	-0.061549522	-0.0072289705	-0.045106053	2025-03-21	tropics	1	-0.025710344	0.028988518	-0.084401	0.010961614	-0.061549522	-0.0072289705	-0.045106053	FGA	2025-04-01
2025-03-22	tropics	1	0.92896557	1.1946104	0.7281473	1.1096966	0.80047464	1.0155824	0.86603314	2025-03-22	tropics	1	0.92896557	1.1946104	0.7281473	1.1096966	0.80047464	1.0155824	0.86603314	2025-03-22	tropics	1	-0.022606373	0.036449462	-0.08389562	0.016684124	-0.059683226	-0.0034593344	-0.041583896	2025-03-22	tropics	1	-0.022606373	0.036449462	-0.08389562	0.016684124	-0.059683226	-0.0034593344	-0.041583896	FGA	2025-04-01
2025-03-23	tropics	1	0.9430004	1.2611778	0.7231195	1.1443015	0.8032473	1.041283	0.86543787	2025-03-23	tropics	1	0.9430004	1.2611778	0.7231195	1.1443015	0.8032473	1.041283	0.86543787	2025-03-23	tropics	1	-0.01996684	0.043825533	-0.08154664	0.024459114	-0.057744596	0.0019440651	-0.039052963	2025-03-23	tropics	1	-0.01996684	0.043825533	-0.08154664	0.024459114	-0.057744596	0.0019440651	-0.039052963	FGA	2025-04-01
2025-03-24	tropics	1	0.961452	1.3213221	0.7178303	1.180081	0.79400766	1.0747023	0.8725973	2025-03-24	tropics	1	0.961452	1.3213221	0.7178303	1.180081	0.79400766	1.0747023	0.8725973	2025-03-24	tropics	1	-0.017703772	0.055121113	-0.08311912	0.032682274	-0.057058573	0.0074641705	-0.037000775	2025-03-24	tropics	1	-0.017703772	0.055121113	-0.08311912	0.032682274	-0.057058573	0.0074641705	-0.037000775	FGA	2025-04-01
2025-03-25	tropics	1	0.97616214	1.3885144	0.7259066	1.2256613	0.78752047	1.1071146	0.8779754	2025-03-25	tropics	1	0.97616214	1.3885144	0.7259066	1.2256613	0.78752047	1.1071146	0.8779754	2025-03-25	tropics	1	-0.013190508	0.0675718	-0.08511281	0.04093313	-0.057743356	0.015039206	-0.036203027	2025-03-25	tropics	1	-0.013190508	0.0675718	-0.08511281	0.04093313	-0.057743356	0.015039206	-0.036203027	FGA	2025-04-01
2025-03-26	tropics	1	0.995817	1.4751176	0.7092103	1.274863	0.7907643	1.1341931	0.87951267	2025-03-26	tropics	1	0.995817	1.4751176	0.7092103	1.274863	0.7907643	1.1341931	0.87951267	2025-03-26	tropics	1	-0.007127285	0.08261925	-0.08527974	0.048734426	-0.06037912	0.02398181	-0.034180045	2025-03-26	tropics	1	-0.007127285	0.08261925	-0.08527974	0.048734426	-0.06037912	0.02398181	-0.034180045	FGA	2025-04-01
2025-03-27	tropics	1	1.0076225	1.5721407	0.68477243	1.3361009	0.7778688	1.1794925	0.88859606	2025-03-27	tropics	1	1.0076225	1.5721407	0.68477243	1.3361009	0.7778688	1.1794925	0.88859606	2025-03-27	tropics	1	-0.0027954578	0.096201494	-0.0866975	0.058560606	-0.0619647	0.030831814	-0.0340693	2025-03-27	tropics	1	-0.0027954578	0.096201494	-0.0866975	0.058560606	-0.0619647	0.030831814	-0.0340693	FGA	2025-04-01
2025-03-28	tropics	1	1.0434963	1.7194203	0.6669261	1.4120394	0.76902	1.2242239	0.88126606	2025-03-28	tropics	1	1.0434963	1.7194203	0.6669261	1.4120394	0.76902	1.2242239	0.88126606	2025-03-28	tropics	1	0.0002772808	0.1123008	-0.09266881	0.07149714	-0.064374305	0.038680315	-0.03258109	2025-03-28	tropics	1	0.0002772808	0.1123008	-0.09266881	0.07149714	-0.064374305	0.038680315	-0.03258109	FGA	2025-04-01
2025-03-29	tropics	1	1.0653491	1.8892806	0.6410544	1.4804612	0.7513538	1.273776	0.88410413	2025-03-29	tropics	1	1.0653491	1.8892806	0.6410544	1.4804612	0.7513538	1.273776	0.88410413	2025-03-29	tropics	1	0.0072431564	0.1356904	-0.103920974	0.08616723	-0.06703677	0.047956347	-0.03168702	2025-03-29	tropics	1	0.0072431564	0.1356904	-0.103920974	0.08616723	-0.06703677	0.047956347	-0.03168702	FGA	2025-04-01
2025-03-30	tropics	1	1.0780498	2.1746922	0.58892083	1.6193875	0.7202281	1.3453913	0.8731132	2025-03-30	tropics	1	1.0780498	2.1746922	0.58892083	1.6193875	0.7202281	1.3453913	0.8731132	2025-03-30	tropics	1	0.013702869	0.1598085	-0.10456697	0.10005325	-0.07143698	0.060234547	-0.03204918	2025-03-30	tropics	1	0.013702869	0.1598085	-0.10456697	0.10005325	-0.07143698	0.060234547	-0.03204918	FGA	2025-04-01
2024-12-22	tropics	0	3.3231354	4.350385	2.5814595	3.9902937	2.7830675	3.626718	3.055648	2024-12-22	tropics	0	3.3231354	4.350385	2.5814595	3.9902937	2.7830675	3.626718	3.055648	2024-12-22	tropics	0	nan	nan	nan	nan	nan	nan	nan	2024-12-22	tropics	0	nan	nan	nan	nan	nan	nan	nan	FGA	2025-04-01
2024-12-23	tropics	0	3.4442415	4.5316033	2.679097	4.087161	2.9475548	3.7938337	3.1842484	2024-12-23	tropics	0	3.4442415	4.5316033	2.679097	4.087161	2.9475548	3.7938337	3.1842484	2024-12-23	tropics	0	0.17173052	0.18724947	0.16037385	0.18183698	0.16347367	0.17634207	0.16764948	2024-12-23	tropics	0	0.17173052	0.18724947	0.16037385	0.18183698	0.16347367	0.17634207	0.16764948	FGA	2025-04-01
2024-12-24	tropics	0	3.5571604	4.660439	2.729712	4.2181897	3.0337605	3.9202743	3.25981	2024-12-24	tropics	0	3.5571604	4.660439	2.729712	4.2181897	3.0337605	3.9202743	3.25981	2024-12-24	tropics	0	0.5210607	0.65145606	0.41271746	0.6061723	0.44366008	0.56153476	0.48487788	2024-12-24	tropics	0	0.5210607	0.65145606	0.41271746	0.6061723	0.44366008	0.56153476	0.48487788	FGA	2025-04-01
2024-12-25	tropics	0	3.6431403	4.7675104	2.7295237	4.3598404	3.037247	4.0228767	3.3034976	2024-12-25	tropics	0	3.6431403	4.7675104	2.7295237	4.3598404	3.037247	4.0228767	3.3034976	2024-12-25	tropics	0	0.45319748	0.52284586	0.38317692	0.49651042	0.41171715	0.47932407	0.43065357	2024-12-25	tropics	0	0.45319748	0.52284586	0.38317692	0.49651042	0.41171715	0.47932407	0.43065357	FGA	2025-04-01
2024-12-26	tropics	0	3.6938608	4.891286	2.733019	4.451473	3.0407004	4.100046	3.3036013	2024-12-26	tropics	0	3.6938608	4.891286	2.733019	4.451473	3.0407004	4.100046	3.3036013	2024-12-26	tropics	0	0.311793	0.3699659	0.2523984	0.35079595	0.2715647	0.33248904	0.28814387	2024-12-26	tropics	0	0.311793	0.3699659	0.2523984	0.35079595	0.2715647	0.33248904	0.28814387	FGA	2025-04-01
2024-12-27	tropics	0	3.7007966	4.8952737	2.7109256	4.492041	3.0256033	4.1141405	3.2959046	2024-12-27	tropics	0	3.7007966	4.8952737	2.7109256	4.492041	3.0256033	4.1141405	3.2959046	2024-12-27	tropics	0	0.36731666	0.45267263	0.2836897	0.4240454	0.31273535	0.39805126	0.33495182	2024-12-27	tropics	0	0.36731666	0.45267263	0.2836897	0.4240454	0.31273535	0.39805126	0.33495182	FGA	2025-04-01
2024-12-28	tropics	0	3.6692574	4.7950497	2.6892247	4.4682026	3.0098655	4.090792	3.2884774	2024-12-28	tropics	0	3.6692574	4.7950497	2.6892247	4.4682026	3.0098655	4.090792	3.2884774	2024-12-28	tropics	0	0.39935744	0.4836572	0.31009704	0.45454755	0.34304824	0.42974025	0.3663442	2024-12-28	tropics	0	0.39935744	0.4836572	0.31009704	0.45454755	0.34304824	0.42974025	0.3663442	FGA	2025-04-01
2024-12-29	tropics	0	3.6004832	4.7272153	2.6597993	4.4119267	2.9337616	4.0252805	3.2440314	2024-12-29	tropics	0	3.6004832	4.7272153	2.6597993	4.4119267	2.9337616	4.0252805	3.2440314	2024-12-29	tropics	0	0.3646403	0.4381819	0.28413668	0.41804332	0.31247866	0.39329293	0.33402652	2024-12-29	tropics	0	0.3646403	0.4381819	0.28413668	0.41804332	0.31247866	0.39329293	0.33402652	FGA	2025-04-01
2024-12-30	tropics	0	3.5005608	4.5983744	2.5904078	4.2939916	2.86542	3.9070992	3.1566272	2024-12-30	tropics	0	3.5005608	4.5983744	2.5904078	4.2939916	2.86542	3.9070992	3.1566272	2024-12-30	tropics	0	0.3522485	0.4318715	0.26904058	0.4113422	0.2950961	0.38421726	0.32169572	2024-12-30	tropics	0	0.3522485	0.4318715	0.26904058	0.4113422	0.2950961	0.38421726	0.32169572	FGA	2025-04-01
2024-12-31	tropics	0	3.3667324	4.37952	2.5106745	4.1098638	2.7837474	3.7355795	3.037243	2024-12-31	tropics	0	3.3667324	4.37952	2.5106745	4.1098638	2.7837474	3.7355795	3.037243	2024-12-31	tropics	0	0.3495427	0.4321945	0.25784248	0.4117615	0.2874646	0.38279542	0.31782848	2024-12-31	tropics	0	0.3495427	0.4321945	0.25784248	0.4117615	0.2874646	0.38279542	0.31782848	FGA	2025-04-01
2025-01-01	tropics	0	3.2049448	4.147141	2.3972127	3.9100218	2.6885066	3.552188	2.9069858	2025-01-01	tropics	0	3.2049448	4.147141	2.3972127	3.9100218	2.6885066	3.552188	2.9069858	2025-01-01	tropics	0	0.3397675	0.4187657	0.2526539	0.3985487	0.28218707	0.37052247	0.30956897	2025-01-01	tropics	0	0.3397675	0.4187657	0.2526539	0.3985487	0.28218707	0.37052247	0.30956897	FGA	2025-04-01
2025-01-02	tropics	0	3.0079913	3.8849947	2.267246	3.6494777	2.5431702	3.3248305	2.7499685	2025-01-02	tropics	0	3.0079913	3.8849947	2.267246	3.6494777	2.5431702	3.3248305	2.7499685	2025-01-02	tropics	0	0.3260008	0.40120256	0.24352206	0.38335356	0.27483293	0.3546376	0.29615012	2025-01-02	tropics	0	0.3260008	0.40120256	0.24352206	0.38335356	0.27483293	0.3546376	0.29615012	FGA	2025-04-01
2025-01-03	tropics	0	2.810358	3.5924234	2.1333406	3.3518288	2.3810298	3.0835667	2.567987	2025-01-03	tropics	0	2.810358	3.5924234	2.1333406	3.3518288	2.3810298	3.0835667	2.567987	2025-01-03	tropics	0	0.30834502	0.38369152	0.22634162	0.3650327	0.25896186	0.3381265	0.28184137	2025-01-03	tropics	0	0.30834502	0.38369152	0.22634162	0.3650327	0.25896186	0.3381265	0.28184137	FGA	2025-04-01
2025-01-04	tropics	0	2.5900555	3.2901704	1.9795676	3.0484617	2.2078724	2.8403063	2.3866231	2025-01-04	tropics	0	2.5900555	3.2901704	1.9795676	3.0484617	2.2078724	2.8403063	2.3866231	2025-01-04	tropics	0	0.2897923	0.36144406	0.21065277	0.3419908	0.2424709	0.31684494	0.26364487	2025-01-04	tropics	0	0.2897923	0.36144406	0.21065277	0.3419908	0.2424709	0.31684494	0.26364487	FGA	2025-04-01
2025-01-05	tropics	0	2.3737912	2.9927113	1.8261755	2.7583086	2.050257	2.5864365	2.194077	2025-01-05	tropics	0	2.3737912	2.9927113	1.8261755	2.7583086	2.050257	2.5864365	2.194077	2025-01-05	tropics	0	0.26801038	0.33748555	0.19114028	0.3144473	0.22176786	0.29369974	0.24337357	2025-01-05	tropics	0	0.26801038	0.33748555	0.19114028	0.3144473	0.22176786	0.29369974	0.24337357	FGA	2025-04-01
2025-01-06	tropics	0	2.1565757	2.69852	1.6966219	2.491266	1.879793	2.3457565	2.0052	2025-01-06	tropics	0	2.1565757	2.69852	1.6966219	2.491266	1.879793	2.3457565	2.0052	2025-01-06	tropics	0	0.24285328	0.30933306	0.169569	0.28692493	0.20076557	0.26707375	0.22060171	2025-01-06	tropics	0	0.24285328	0.30933306	0.169569	0.28692493	0.20076557	0.26707375	0.22060171	FGA	2025-04-01
2025-01-07	tropics	0	1.9617188	2.4431286	1.5621383	2.2405393	1.717608	2.1222174	1.8218412	2025-01-07	tropics	0	1.9617188	2.4431286	1.5621383	2.2405393	1.717608	2.1222174	1.8218412	2025-01-07	tropics	0	0.21703696	0.2798469	0.14781877	0.25755283	0.17848274	0.24048316	0.1960141	2025-01-07	tropics	0	0.21703696	0.2798469	0.14781877	0.25755283	0.17848274	0.24048316	0.1960141	FGA	2025-04-01
2025-01-08	tropics	0	1.7773724	2.202508	1.4410267	2.016009	1.5458069	1.9068182	1.6586931	2025-01-08	tropics	0	1.7773724	2.202508	1.4410267	2.016009	1.5458069	1.9068182	1.6586931	2025-01-08	tropics	0	0.18957245	0.25162992	0.12691781	0.22891748	0.15280065	0.212273	0.17005551	2025-01-08	tropics	0	0.18957245	0.25162992	0.12691781	0.22891748	0.15280065	0.212273	0.17005551	FGA	2025-04-01
2025-01-09	tropics	0	1.6111033	1.9760467	1.3137032	1.8250372	1.4028952	1.7219365	1.5000501	2025-01-09	tropics	0	1.6111033	1.9760467	1.3137032	1.8250372	1.4028952	1.7219365	1.5000501	2025-01-09	tropics	0	0.16268623	0.22358285	0.10474256	0.19682479	0.12595558	0.18276846	0.1437425	2025-01-09	tropics	0	0.16268623	0.22358285	0.10474256	0.19682479	0.12595558	0.18276846	0.1437425	FGA	2025-04-01
2025-01-10	tropics	0	1.4635812	1.7918197	1.1911601	1.6501675	1.2751426	1.5595084	1.3616558	2025-01-10	tropics	0	1.4635812	1.7918197	1.1911601	1.6501675	1.2751426	1.5595084	1.3616558	2025-01-10	tropics	0	0.13587034	0.19357286	0.08078624	0.17013341	0.098083064	0.15372783	0.11694646	2025-01-10	tropics	0	0.13587034	0.19357286	0.08078624	0.17013341	0.098083064	0.15372783	0.11694646	FGA	2025-04-01
2025-01-11	tropics	0	1.3325257	1.6246496	1.0883002	1.5103055	1.1597614	1.4201949	1.2324295	2025-01-11	tropics	0	1.3325257	1.6246496	1.0883002	1.5103055	1.1597614	1.4201949	1.2324295	2025-01-11	tropics	0	0.10984194	0.16468138	0.054833155	0.14270571	0.07285543	0.12711418	0.09059334	2025-01-11	tropics	0	0.10984194	0.16468138	0.054833155	0.14270571	0.07285543	0.12711418	0.09059334	FGA	2025-04-01
2025-01-12	tropics	0	1.2157382	1.4792459	1.0041987	1.3910923	1.0669236	1.3027132	1.1281152	2025-01-12	tropics	0	1.2157382	1.4792459	1.0041987	1.3910923	1.0669236	1.3027132	1.1281152	2025-01-12	tropics	0	0.083862066	0.13831131	0.030048164	0.11610778	0.04797645	0.101806164	0.063738704	2025-01-12	tropics	0	0.083862066	0.13831131	0.030048164	0.11610778	0.04797645	0.101806164	0.063738704	FGA	2025-04-01
2025-01-13	tropics	0	1.1173558	1.360516	0.91590315	1.2803398	0.98261595	1.198474	1.0412995	2025-01-13	tropics	0	1.1173558	1.360516	0.91590315	1.2803398	0.98261595	1.198474	1.0412995	2025-01-13	tropics	0	0.058694243	0.11242688	0.00786832	0.09413614	0.02403729	0.077498555	0.039030075	2025-01-13	tropics	0	0.058694243	0.11242688	0.00786832	0.09413614	0.02403729	0.077498555	0.039030075	FGA	2025-04-01
2025-01-14	tropics	0	1.0392132	1.2589798	0.8493391	1.1930515	0.9162841	1.1193576	0.9703424	2025-01-14	tropics	0	1.0392132	1.2589798	0.8493391	1.1930515	0.9162841	1.1193576	0.9703424	2025-01-14	tropics	0	0.03583944	0.08870946	-0.01558209	0.07235601	0.0016745806	0.054535806	0.016128123	2025-01-14	tropics	0	0.03583944	0.08870946	-0.01558209	0.07235601	0.0016745806	0.054535806	0.016128123	FGA	2025-04-01
2025-01-15	tropics	0	0.97617453	1.1726589	0.7946089	1.1160929	0.86742306	1.0500498	0.91616064	2025-01-15	tropics	0	0.97617453	1.1726589	0.7946089	1.1160929	0.86742306	1.0500498	0.91616064	2025-01-15	tropics	0	0.015543222	0.06721958	-0.036590476	0.051663853	-0.017981816	0.034948707	-0.002681315	2025-01-15	tropics	0	0.015543222	0.06721958	-0.036590476	0.051663853	-0.017981816	0.034948707	-0.002681315	FGA	2025-04-01
2025-01-16	tropics	0	0.92393863	1.107939	0.7671621	1.0521836	0.81874716	0.993441	0.86893904	2025-01-16	tropics	0	0.92393863	1.107939	0.7671621	1.0521836	0.81874716	0.993441	0.86893904	2025-01-16	tropics	0	-0.0014264584	0.047675412	-0.054540325	0.035052318	-0.03341038	0.017611265	-0.019230962	2025-01-16	tropics	0	-0.0014264584	0.047675412	-0.054540325	0.035052318	-0.03341038	0.017611265	-0.019230962	FGA	2025-04-01
2025-01-17	tropics	0	0.8820015	1.0491203	0.7374661	1.0029069	0.78417087	0.9453125	0.83338594	2025-01-17	tropics	0	0.8820015	1.0491203	0.7374661	1.0029069	0.78417087	0.9453125	0.83338594	2025-01-17	tropics	0	-0.016632318	0.031781126	-0.065897495	0.017949056	-0.047005344	0.0029627085	-0.03239858	2025-01-17	tropics	0	-0.016632318	0.031781126	-0.065897495	0.017949056	-0.047005344	0.0029627085	-0.03239858	FGA	2025-04-01
2025-01-18	tropics	0	0.8469	1.0052822	0.71514237	0.9572229	0.756892	0.90732586	0.80154395	2025-01-18	tropics	0	0.8469	1.0052822	0.71514237	0.9572229	0.756892	0.90732586	0.80154395	2025-01-18	tropics	0	-0.029472113	0.017106678	-0.07567155	0.004640313	-0.060450528	-0.01120615	-0.044463277	2025-01-18	tropics	0	-0.029472113	0.017106678	-0.07567155	0.004640313	-0.060450528	-0.01120615	-0.044463277	FGA	2025-04-01
2025-01-19	tropics	0	0.82204676	0.97933227	0.6935939	0.9290776	0.7361051	0.8748356	0.7756708	2025-01-19	tropics	0	0.82204676	0.97933227	0.6935939	0.9290776	0.7361051	0.8748356	0.7756708	2025-01-19	tropics	0	-0.040210605	0.0042428146	-0.08453133	-0.007607558	-0.06971619	-0.022522032	-0.05402589	2025-01-19	tropics	0	-0.040210605	0.0042428146	-0.08453133	-0.007607558	-0.06971619	-0.022522032	-0.05402589	FGA	2025-04-01
2025-01-20	tropics	0	0.8036591	0.95784223	0.6747978	0.9071552	0.7142084	0.8504552	0.7585733	2025-01-20	tropics	0	0.8036591	0.95784223	0.6747978	0.9071552	0.7142084	0.8504552	0.7585733	2025-01-20	tropics	0	-0.04907298	-0.003900476	-0.09111813	-0.016661916	-0.07733665	-0.03185934	-0.062803805	2025-01-20	tropics	0	-0.04907298	-0.003900476	-0.09111813	-0.016661916	-0.07733665	-0.03185934	-0.062803805	FGA	2025-04-01
2025-01-21	tropics	0	0.79394376	0.93418473	0.6663112	0.8867817	0.69950664	0.83794224	0.74415725	2025-01-21	tropics	0	0.79394376	0.93418473	0.6663112	0.8867817	0.69950664	0.83794224	0.74415725	2025-01-21	tropics	0	-0.0555166	-0.009582277	-0.0989461	-0.02351196	-0.08430836	-0.040139675	-0.069900095	2025-01-21	tropics	0	-0.0555166	-0.009582277	-0.0989461	-0.02351196	-0.08430836	-0.040139675	-0.069900095	FGA	2025-04-01
2025-01-22	tropics	0	0.78370476	0.9179086	0.6570832	0.8724428	0.69024485	0.8298918	0.7330997	2025-01-22	tropics	0	0.78370476	0.9179086	0.6570832	0.8724428	0.69024485	0.8298918	0.7330997	2025-01-22	tropics	0	-0.058916807	-0.016147748	-0.10364625	-0.029423142	-0.09087322	-0.04497558	-0.07485849	2025-01-22	tropics	0	-0.058916807	-0.016147748	-0.10364625	-0.029423142	-0.09087322	-0.04497558	-0.07485849	FGA	2025-04-01
2025-01-23	tropics	0	0.78150296	0.9196537	0.65080106	0.8671535	0.6880773	0.8280835	0.73126686	2025-01-23	tropics	0	0.78150296	0.9196537	0.65080106	0.8671535	0.6880773	0.8280835	0.73126686	2025-01-23	tropics	0	-0.062146425	-0.021389106	-0.107988924	-0.033999298	-0.09521556	-0.0481475	-0.07906824	2025-01-23	tropics	0	-0.062146425	-0.021389106	-0.107988924	-0.033999298	-0.09521556	-0.0481475	-0.07906824	FGA	2025-04-01
2025-01-24	tropics	0	0.7799952	0.9210612	0.65406644	0.8656898	0.6888481	0.8292551	0.73259044	2025-01-24	tropics	0	0.7799952	0.9210612	0.65406644	0.8656898	0.6888481	0.8292551	0.73259044	2025-01-24	tropics	0	-0.06351364	-0.021964187	-0.10929656	-0.036377747	-0.096541405	-0.048950076	-0.0805397	2025-01-24	tropics	0	-0.06351364	-0.021964187	-0.10929656	-0.036377747	-0.096541405	-0.048950076	-0.0805397	FGA	2025-04-01
2025-01-25	tropics	0	0.78078747	0.9231935	0.656172	0.8740975	0.6931087	0.83339846	0.73768866	2025-01-25	tropics	0	0.78078747	0.9231935	0.656172	0.8740975	0.6931087	0.83339846	0.73768866	2025-01-25	tropics	0	-0.06530762	-0.022093453	-0.10979377	-0.038333103	-0.097097635	-0.049345076	-0.08090079	2025-01-25	tropics	0	-0.06530762	-0.022093453	-0.10979377	-0.038333103	-0.097097635	-0.049345076	-0.08090079	FGA	2025-04-01
2025-01-26	tropics	0	0.78842133	0.9319222	0.6661069	0.881171	0.7032149	0.84029806	0.7470004	2025-01-26	tropics	0	0.78842133	0.9319222	0.6661069	0.881171	0.7032149	0.84029806	0.7470004	2025-01-26	tropics	0	-0.06511593	-0.020822514	-0.10975247	-0.0362088	-0.095544435	-0.048035443	-0.07977134	2025-01-26	tropics	0	-0.06511593	-0.020822514	-0.10975247	-0.0362088	-0.095544435	-0.048035443	-0.07977134	FGA	2025-04-01
2025-01-27	tropics	0	0.80172795	0.93786585	0.67926717	0.8882731	0.7167738	0.85254955	0.7583415	2025-01-27	tropics	0	0.80172795	0.93786585	0.67926717	0.8882731	0.7167738	0.85254955	0.7583415	2025-01-27	tropics	0	-0.06265652	-0.019023683	-0.10676335	-0.033228185	-0.09279394	-0.046231627	-0.07760036	2025-01-27	tropics	0	-0.06265652	-0.019023683	-0.10676335	-0.033228185	-0.09279394	-0.046231627	-0.07760036	FGA	2025-04-01
2025-01-28	tropics	0	0.8157934	0.9480472	0.69830793	0.9033142	0.73365396	0.8615174	0.77354586	2025-01-28	tropics	0	0.8157934	0.9480472	0.69830793	0.9033142	0.73365396	0.8615174	0.77354586	2025-01-28	tropics	0	-0.058872342	-0.017596833	-0.1017927	-0.032366406	-0.08862758	-0.04311949	-0.07383084	2025-01-28	tropics	0	-0.058872342	-0.017596833	-0.1017927	-0.032366406	-0.08862758	-0.04311949	-0.07383084	FGA	2025-04-01
2025-01-29	tropics	0	0.832061	0.9575702	0.71332884	0.9194111	0.74954563	0.87551844	0.7885419	2025-01-29	tropics	0	0.832061	0.9575702	0.71332884	0.9194111	0.74954563	0.87551844	0.7885419	2025-01-29	tropics	0	-0.054382205	-0.014881293	-0.09555096	-0.028667517	-0.082331516	-0.040006816	-0.06849277	2025-01-29	tropics	0	-0.054382205	-0.014881293	-0.09555096	-0.028667517	-0.082331516	-0.040006816	-0.06849277	FGA	2025-04-01
2025-01-30	tropics	0	0.85114425	0.98154956	0.73117584	0.9385642	0.76843023	0.89472294	0.8080227	2025-01-30	tropics	0	0.85114425	0.98154956	0.73117584	0.9385642	0.76843023	0.89472294	0.8080227	2025-01-30	tropics	0	-0.04970157	-0.01255962	-0.08881694	-0.023419166	-0.07715259	-0.03585577	-0.06319654	2025-01-30	tropics	0	-0.04970157	-0.01255962	-0.08881694	-0.023419166	-0.07715259	-0.03585577	-0.06319654	FGA	2025-04-01
2025-01-31	tropics	0	0.87462866	1.0056082	0.7536962	0.96456486	0.7935744	0.9165126	0.8293526	2025-01-31	tropics	0	0.87462866	1.0056082	0.7536962	0.96456486	0.7935744	0.9165126	0.8293526	2025-01-31	tropics	0	-0.04414606	-0.006983549	-0.08310219	-0.018280486	-0.070051335	-0.03078109	-0.057904005	2025-01-31	tropics	0	-0.04414606	-0.006983549	-0.08310219	-0.018280486	-0.070051335	-0.03078109	-0.057904005	FGA	2025-04-01
2025-02-01	tropics	0	0.89501977	1.0330993	0.76807714	0.98576957	0.81804746	0.9420885	0.85186857	2025-02-01	tropics	0	0.89501977	1.0330993	0.76807714	0.98576957	0.81804746	0.9420885	0.85186857	2025-02-01	tropics	0	-0.03741336	-0.000204018	-0.07630294	-0.012033821	-0.06330578	-0.025131643	-0.05099863	2025-02-01	tropics	0	-0.03741336	-0.000204018	-0.07630294	-0.012033821	-0.06330578	-0.025131643	-0.05099863	FGA	2025-04-01
2025-02-02	tropics	0	0.91699135	1.0701802	0.7871189	1.0088322	0.83670413	0.9656673	0.87638813	2025-02-02	tropics	0	0.91699135	1.0701802	0.7871189	1.0088322	0.83670413	0.9656673	0.87638813	2025-02-02	tropics	0	-0.031382203	0.005733474	-0.06990928	-0.0056335963	-0.05537076	-0.018305063	-0.04430443	2025-02-02	tropics	0	-0.031382203	0.005733474	-0.06990928	-0.0056335963	-0.05537076	-0.018305063	-0.04430443	FGA	2025-04-01
2025-02-03	tropics	0	0.939908	1.1004282	0.80737525	1.0361663	0.85898244	0.9931079	0.8991327	2025-02-03	tropics	0	0.939908	1.1004282	0.80737525	1.0361663	0.85898244	0.9931079	0.8991327	2025-02-03	tropics	0	-0.025154829	0.014807084	-0.065094225	0.00035018584	-0.048522472	-0.011575639	-0.036780298	2025-02-03	tropics	0	-0.025154829	0.014807084	-0.065094225	0.00035018584	-0.048522472	-0.011575639	-0.036780298	FGA	2025-04-01
2025-02-04	tropics	0	0.9676066	1.1211824	0.82692283	1.0642344	0.8796488	1.0173688	0.92539513	2025-02-04	tropics	0	0.9676066	1.1211824	0.82692283	1.0642344	0.8796488	1.0173688	0.92539513	2025-02-04	tropics	0	-0.018770814	0.02305648	-0.057406675	0.006897649	-0.042113304	-0.0047599077	-0.030270576	2025-02-04	tropics	0	-0.018770814	0.02305648	-0.057406675	0.006897649	-0.042113304	-0.0047599077	-0.030270576	FGA	2025-04-01
2025-02-05	tropics	0	0.9941494	1.1550729	0.8555971	1.0946301	0.9030865	1.0407456	0.94538987	2025-02-05	tropics	0	0.9941494	1.1550729	0.8555971	1.0946301	0.9030865	1.0407456	0.94538987	2025-02-05	tropics	0	-0.010983467	0.028835937	-0.052365474	0.014155277	-0.0356524	0.002501309	-0.023031712	2025-02-05	tropics	0	-0.010983467	0.028835937	-0.052365474	0.014155277	-0.0356524	0.002501309	-0.023031712	FGA	2025-04-01
2025-02-06	tropics	0	1.0180202	1.1835469	0.8800285	1.1231972	0.9238533	1.064682	0.9677761	2025-02-06	tropics	0	1.0180202	1.1835469	0.8800285	1.1231972	0.9238533	1.064682	0.9677761	2025-02-06	tropics	0	-0.003916502	0.035636898	-0.043920368	0.021262012	-0.029135726	0.008669496	-0.016449094	2025-02-06	tropics	0	-0.003916502	0.035636898	-0.043920368	0.021262012	-0.029135726	0.008669496	-0.016449094	FGA	2025-04-01
2025-02-07	tropics	0	1.0394883	1.2041258	0.8956957	1.1498384	0.94463897	1.0896623	0.9917177	2025-02-07	tropics	0	1.0394883	1.2041258	0.8956957	1.1498384	0.94463897	1.0896623	0.9917177	2025-02-07	tropics	0	0.0024238825	0.042650465	-0.03530305	0.028334877	-0.02284019	0.01450628	-0.010824323	2025-02-07	tropics	0	0.0024238825	0.042650465	-0.03530305	0.028334877	-0.02284019	0.01450628	-0.010824323	FGA	2025-04-01
2025-02-08	tropics	0	1.0615206	1.2206982	0.9095435	1.1706903	0.96294034	1.1126121	1.0117313	2025-02-08	tropics	0	1.0615206	1.2206982	0.9095435	1.1706903	0.96294034	1.1126121	1.0117313	2025-02-08	tropics	0	0.008585811	0.04837641	-0.030389423	0.034901228	-0.016276287	0.020456433	-0.004407048	2025-02-08	tropics	0	0.008585811	0.04837641	-0.030389423	0.034901228	-0.016276287	0.020456433	-0.004407048	FGA	2025-04-01
2025-02-09	tropics	0	1.0773507	1.2451676	0.92874646	1.194497	0.9844215	1.1353852	1.031179	2025-02-09	tropics	0	1.0773507	1.2451676	0.92874646	1.194497	0.9844215	1.1353852	1.031179	2025-02-09	tropics	0	0.014060855	0.052757945	-0.025742507	0.040753003	-0.011690712	0.02646637	0.001064837	2025-02-09	tropics	0	0.014060855	0.052757945	-0.025742507	0.040753003	-0.011690712	0.02646637	0.001064837	FGA	2025-04-01
2025-02-10	tropics	0	1.0957879	1.2752979	0.9348673	1.2137905	0.99975866	1.154734	1.0462176	2025-02-10	tropics	0	1.0957879	1.2752979	0.9348673	1.2137905	0.99975866	1.154734	1.0462176	2025-02-10	tropics	0	0.01841867	0.05602765	-0.019963037	0.044935174	-0.0057439804	0.031820953	0.006285608	2025-02-10	tropics	0	0.01841867	0.05602765	-0.019963037	0.044935174	-0.0057439804	0.031820953	0.006285608	FGA	2025-04-01
2025-02-11	tropics	0	1.1102908	1.2974585	0.94593173	1.2290721	1.0092663	1.1726209	1.0580943	2025-02-11	tropics	0	1.1102908	1.2974585	0.94593173	1.2290721	1.0092663	1.1726209	1.0580943	2025-02-11	tropics	0	0.02240467	0.062350012	-0.017861748	0.050289556	-0.0018729442	0.03670478	0.010696709	2025-02-11	tropics	0	0.02240467	0.062350012	-0.017861748	0.050289556	-0.0018729442	0.03670478	0.010696709	FGA	2025-04-01
2025-02-12	tropics	0	1.1193051	1.3180017	0.9554668	1.2488501	1.018379	1.185477	1.0671015	2025-02-12	tropics	0	1.1193051	1.3180017	0.9554668	1.2488501	1.018379	1.185477	1.0671015	2025-02-12	tropics	0	0.026643157	0.06735449	-0.015822185	0.053234536	0.0021688233	0.040806115	0.013818145	2025-02-12	tropics	0	0.026643157	0.06735449	-0.015822185	0.053234536	0.0021688233	0.040806115	0.013818145	FGA	2025-04-01
2025-02-13	tropics	0	1.1261287	1.3298867	0.9594351	1.2624962	1.0246948	1.1956782	1.0776167	2025-02-13	tropics	0	1.1261287	1.3298867	0.9594351	1.2624962	1.0246948	1.1956782	1.0776167	2025-02-13	tropics	0	0.029403687	0.07140857	-0.011527503	0.057341527	0.0042314297	0.0443089	0.016358852	2025-02-13	tropics	0	0.029403687	0.07140857	-0.011527503	0.057341527	0.0042314297	0.0443089	0.016358852	FGA	2025-04-01
2025-02-14	tropics	0	1.1307316	1.3439049	0.96416974	1.2681081	1.0251503	1.196846	1.0794102	2025-02-14	tropics	0	1.1307316	1.3439049	0.96416974	1.2681081	1.0251503	1.196846	1.0794102	2025-02-14	tropics	0	0.030979395	0.074799985	-0.011073994	0.061223663	0.0060929544	0.047115386	0.018757582	2025-02-14	tropics	0	0.030979395	0.074799985	-0.011073994	0.061223663	0.0060929544	0.047115386	0.018757582	FGA	2025-04-01
2025-02-15	tropics	0	1.1306484	1.347036	0.962607	1.2679193	1.0182195	1.1969684	1.0775361	2025-02-15	tropics	0	1.1306484	1.347036	0.962607	1.2679193	1.0182195	1.1969684	1.0775361	2025-02-15	tropics	0	0.03251958	0.07765878	-0.009761912	0.063211605	0.006488729	0.04768598	0.020425618	2025-02-15	tropics	0	0.03251958	0.07765878	-0.009761912	0.063211605	0.006488729	0.04768598	0.020425618	FGA	2025-04-01
2025-02-16	tropics	0	1.1272811	1.3353951	0.9657279	1.2656376	1.0154194	1.1909031	1.0695065	2025-02-16	tropics	0	1.1272811	1.3353951	0.9657279	1.2656376	1.0154194	1.1909031	1.0695065	2025-02-16	tropics	0	0.03279102	0.079795904	-0.009858573	0.06263837	0.0050380705	0.04813522	0.01920408	2025-02-16	tropics	0	0.03279102	0.079795904	-0.009858573	0.06263837	0.0050380705	0.04813522	0.01920408	FGA	2025-04-01
2025-02-17	tropics	0	1.1194135	1.3189538	0.95492035	1.2579699	1.0054526	1.1803532	1.057496	2025-02-17	tropics	0	1.1194135	1.3189538	0.95492035	1.2579699	1.0054526	1.1803532	1.057496	2025-02-17	tropics	0	0.032374978	0.078160375	-0.009158164	0.06283893	0.0039577973	0.047150016	0.018594623	2025-02-17	tropics	0	0.032374978	0.078160375	-0.009158164	0.06283893	0.0039577973	0.047150016	0.018594623	FGA	2025-04-01
2025-02-18	tropics	0	1.1077014	1.3033746	0.9407284	1.2357227	0.9964007	1.1694682	1.042658	2025-02-18	tropics	0	1.1077014	1.3033746	0.9407284	1.2357227	0.9964007	1.1694682	1.042658	2025-02-18	tropics	0	0.03115189	0.07421675	-0.01043427	0.06251703	0.0030824186	0.045089304	0.016204119	2025-02-18	tropics	0	0.03115189	0.07421675	-0.01043427	0.06251703	0.0030824186	0.045089304	0.016204119	FGA	2025-04-01
2025-02-19	tropics	0	1.0915513	1.2954205	0.9275443	1.2181973	0.9825195	1.1537583	1.0304585	2025-02-19	tropics	0	1.0915513	1.2954205	0.9275443	1.2181973	0.9825195	1.1537583	1.0304585	2025-02-19	tropics	0	0.028642535	0.07167417	-0.014424872	0.0581598	0.00016217261	0.04197043	0.012916684	2025-02-19	tropics	0	0.028642535	0.07167417	-0.014424872	0.0581598	0.00016217261	0.04197043	0.012916684	FGA	2025-04-01
2025-02-20	tropics	0	1.0736973	1.2649746	0.9202169	1.1975762	0.9691391	1.1345942	1.0127285	2025-02-20	tropics	0	1.0736973	1.2649746	0.9202169	1.1975762	0.9691391	1.1345942	1.0127285	2025-02-20	tropics	0	0.02441001	0.06993646	-0.017872225	0.05251679	-0.0026202917	0.03892976	0.009171486	2025-02-20	tropics	0	0.02441001	0.06993646	-0.017872225	0.05251679	-0.0026202917	0.03892976	0.009171486	FGA	2025-04-01
2025-02-21	tropics	0	1.0548968	1.2454572	0.9006669	1.1787953	0.9485901	1.1135789	0.9933393	2025-02-21	tropics	0	1.0548968	1.2454572	0.9006669	1.1787953	0.9485901	1.1135789	0.9933393	2025-02-21	tropics	0	0.020329475	0.06376088	-0.02023508	0.048941653	-0.006795597	0.03498602	0.004921317	2025-02-21	tropics	0	0.020329475	0.06376088	-0.02023508	0.048941653	-0.006795597	0.03498602	0.004921317	FGA	2025-04-01
2025-02-22	tropics	0	1.0322802	1.2229636	0.878404	1.15288	0.9261988	1.0886772	0.972095	2025-02-22	tropics	0	1.0322802	1.2229636	0.878404	1.15288	0.9261988	1.0886772	0.972095	2025-02-22	tropics	0	0.015712261	0.06064212	-0.02515958	0.044599794	-0.011125826	0.030091763	-0.00012618303	2025-02-22	tropics	0	0.015712261	0.06064212	-0.02515958	0.044599794	-0.011125826	0.030091763	-0.00012618303	FGA	2025-04-01
2025-02-23	tropics	0	1.0085232	1.1990678	0.8632794	1.123709	0.9048742	1.0698602	0.9483019	2025-02-23	tropics	0	1.0085232	1.1990678	0.8632794	1.123709	0.9048742	1.0698602	0.9483019	2025-02-23	tropics	0	0.010779619	0.05407419	-0.030582309	0.040418565	-0.01776974	0.024658382	-0.0049063563	2025-02-23	tropics	0	0.010779619	0.05407419	-0.030582309	0.040418565	-0.01776974	0.024658382	-0.0049063563	FGA	2025-04-01
2025-02-24	tropics	0	0.9891069	1.1859013	0.8432991	1.1000077	0.8847726	1.0470076	0.92565703	2025-02-24	tropics	0	0.9891069	1.1859013	0.8432991	1.1000077	0.8847726	1.0470076	0.92565703	2025-02-24	tropics	0	0.004621625	0.049705412	-0.036442053	0.033060066	-0.023752045	0.018787444	-0.011432052	2025-02-24	tropics	0	0.004621625	0.049705412	-0.036442053	0.033060066	-0.023752045	0.018787444	-0.011432052	FGA	2025-04-01
2025-02-25	tropics	0	0.9697143	1.1614239	0.8248107	1.0834055	0.86391455	1.0247136	0.90594435	2025-02-25	tropics	0	0.9697143	1.1614239	0.8248107	1.0834055	0.86391455	1.0247136	0.90594435	2025-02-25	tropics	0	-0.0011636019	0.046952497	-0.04136028	0.027143976	-0.029449701	0.01399821	-0.017512262	2025-02-25	tropics	0	-0.0011636019	0.046952497	-0.04136028	0.027143976	-0.029449701	0.01399821	-0.017512262	FGA	2025-04-01
2025-02-26	tropics	0	0.9457583	1.1294365	0.8097352	1.0614579	0.84359026	1.0032239	0.88757384	2025-02-26	tropics	0	0.9457583	1.1294365	0.8097352	1.0614579	0.84359026	1.0032239	0.88757384	2025-02-26	tropics	0	-0.006097555	0.04177411	-0.047875885	0.022731753	-0.03604393	0.00836575	-0.023735642	2025-02-26	tropics	0	-0.006097555	0.04177411	-0.047875885	0.022731753	-0.03604393	0.00836575	-0.023735642	FGA	2025-04-01
2025-02-27	tropics	0	0.9230274	1.1079522	0.7951936	1.0422642	0.8240063	0.9807943	0.86968946	2025-02-27	tropics	0	0.9230274	1.1079522	0.7951936	1.0422642	0.8240063	0.9807943	0.86968946	2025-02-27	tropics	0	-0.012179971	0.034911264	-0.052368246	0.017212005	-0.04211154	0.0024850368	-0.028711498	2025-02-27	tropics	0	-0.012179971	0.034911264	-0.052368246	0.017212005	-0.04211154	0.0024850368	-0.028711498	FGA	2025-04-01
2025-02-28	tropics	0	0.9029911	1.0872825	0.7758332	1.0135989	0.81271046	0.96159446	0.85456634	2025-02-28	tropics	0	0.9029911	1.0872825	0.7758332	1.0135989	0.81271046	0.96159446	0.85456634	2025-02-28	tropics	0	-0.018324614	0.02901768	-0.05892157	0.01284921	-0.04827092	-0.0031876564	-0.034551263	2025-02-28	tropics	0	-0.018324614	0.02901768	-0.05892157	0.01284921	-0.04827092	-0.0031876564	-0.034551263	FGA	2025-04-01
2025-03-01	tropics	0	0.8877654	1.0657728	0.762107	0.9986217	0.79642004	0.94292885	0.8377049	2025-03-01	tropics	0	0.8877654	1.0657728	0.762107	0.9986217	0.79642004	0.94292885	0.8377049	2025-03-01	tropics	0	-0.02452588	0.02360272	-0.063718244	0.007065508	-0.05282972	-0.008672118	-0.039285064	2025-03-01	tropics	0	-0.02452588	0.02360272	-0.063718244	0.007065508	-0.05282972	-0.008672118	-0.039285064	FGA	2025-04-01
2025-03-02	tropics	0	0.8705349	1.0451924	0.7467698	0.97727525	0.78458875	0.9237648	0.8241297	2025-03-02	tropics	0	0.8705349	1.0451924	0.7467698	0.97727525	0.78458875	0.9237648	0.8241297	2025-03-02	tropics	0	-0.029206753	0.019488394	-0.06883008	0.00056918815	-0.057693504	-0.013734162	-0.0444718	2025-03-02	tropics	0	-0.029206753	0.019488394	-0.06883008	0.00056918815	-0.057693504	-0.013734162	-0.0444718	FGA	2025-04-01
2025-03-03	tropics	0	0.85539865	1.0328069	0.73583335	0.9610449	0.7734724	0.90907156	0.81324226	2025-03-03	tropics	0	0.85539865	1.0328069	0.73583335	0.9610449	0.7734724	0.90907156	0.81324226	2025-03-03	tropics	0	-0.033800483	0.013181506	-0.07302006	-0.003735115	-0.06081555	-0.018439353	-0.048942953	2025-03-03	tropics	0	-0.033800483	0.013181506	-0.07302006	-0.003735115	-0.06081555	-0.018439353	-0.048942953	FGA	2025-04-01
2025-03-04	tropics	0	0.841763	1.0169848	0.7282218	0.9496713	0.7596164	0.89589536	0.80304134	2025-03-04	tropics	0	0.841763	1.0169848	0.7282218	0.9496713	0.7596164	0.89589536	0.80304134	2025-03-04	tropics	0	-0.03901577	0.009224101	-0.0780048	-0.00865322	-0.06444862	-0.02329421	-0.05225581	2025-03-04	tropics	0	-0.03901577	0.009224101	-0.0780048	-0.00865322	-0.06444862	-0.02329421	-0.05225581	FGA	2025-04-01
2025-03-05	tropics	0	0.8315803	1.0093993	0.7187354	0.93684125	0.75067055	0.88621587	0.7905627	2025-03-05	tropics	0	0.8315803	1.0093993	0.7187354	0.93684125	0.75067055	0.88621587	0.7905627	2025-03-05	tropics	0	-0.043530107	0.006653417	-0.08077959	-0.012021379	-0.06937285	-0.027065337	-0.05579704	2025-03-05	tropics	0	-0.043530107	0.006653417	-0.08077959	-0.012021379	-0.06937285	-0.027065337	-0.05579704	FGA	2025-04-01
2025-03-06	tropics	0	0.8238803	0.99396884	0.70278746	0.9285215	0.7398309	0.87922806	0.7766336	2025-03-06	tropics	0	0.8238803	0.99396884	0.70278746	0.9285215	0.7398309	0.87922806	0.7766336	2025-03-06	tropics	0	-0.04688716	0.003169671	-0.08383034	-0.015356447	-0.0730464	-0.030156672	-0.059176385	2025-03-06	tropics	0	-0.04688716	0.003169671	-0.08383034	-0.015356447	-0.0730464	-0.030156672	-0.059176385	FGA	2025-04-01
2025-03-07	tropics	0	0.8171931	0.98592204	0.6899274	0.9254078	0.7284174	0.87488014	0.77009404	2025-03-07	tropics	0	0.8171931	0.98592204	0.6899274	0.9254078	0.7284174	0.87488014	0.77009404	2025-03-07	tropics	0	-0.04973924	0.00027592768	-0.08858383	-0.018660145	-0.077015005	-0.032562137	-0.06380981	2025-03-07	tropics	0	-0.04973924	0.00027592768	-0.08858383	-0.018660145	-0.077015005	-0.032562137	-0.06380981	FGA	2025-04-01
2025-03-08	tropics	0	0.8134699	0.9754994	0.6827125	0.9233016	0.7221276	0.86816907	0.76343226	2025-03-08	tropics	0	0.8134699	0.9754994	0.6827125	0.9233016	0.7221276	0.86816907	0.76343226	2025-03-08	tropics	0	-0.051665068	-0.0029536122	-0.0937533	-0.019478802	-0.08073859	-0.0340333	-0.06676805	2025-03-08	tropics	0	-0.051665068	-0.0029536122	-0.0937533	-0.019478802	-0.08073859	-0.0340333	-0.06676805	FGA	2025-04-01
2025-03-09	tropics	0	0.80872834	0.96784425	0.6798886	0.9205188	0.7152161	0.86203915	0.76018727	2025-03-09	tropics	0	0.80872834	0.96784425	0.6798886	0.9205188	0.7152161	0.86203915	0.76018727	2025-03-09	tropics	0	-0.05305028	-0.005590489	-0.09673584	-0.020757733	-0.08370414	-0.035769343	-0.06856465	2025-03-09	tropics	0	-0.05305028	-0.005590489	-0.09673584	-0.020757733	-0.08370414	-0.035769343	-0.06856465	FGA	2025-04-01
2025-03-10	tropics	0	0.81147635	0.96690696	0.6727437	0.91676176	0.71124494	0.86010975	0.7567736	2025-03-10	tropics	0	0.81147635	0.96690696	0.6727437	0.91676176	0.71124494	0.86010975	0.7567736	2025-03-10	tropics	0	-0.054818213	-0.007652916	-0.099103235	-0.020763088	-0.085230894	-0.037764907	-0.07058382	2025-03-10	tropics	0	-0.054818213	-0.007652916	-0.099103235	-0.020763088	-0.085230894	-0.037764907	-0.07058382	FGA	2025-04-01
2025-03-11	tropics	0	0.81309325	0.9650974	0.6648556	0.9170937	0.710895	0.8620508	0.7554546	2025-03-11	tropics	0	0.81309325	0.9650974	0.6648556	0.9170937	0.710895	0.8620508	0.7554546	2025-03-11	tropics	0	-0.05441141	-0.008809745	-0.100247495	-0.022159195	-0.08786805	-0.039177418	-0.0711236	2025-03-11	tropics	0	-0.05441141	-0.008809745	-0.100247495	-0.022159195	-0.08786805	-0.039177418	-0.0711236	FGA	2025-04-01
2025-03-12	tropics	0	0.815624	0.9653341	0.6634931	0.9185098	0.71134317	0.8654296	0.7565515	2025-03-12	tropics	0	0.815624	0.9653341	0.6634931	0.9185098	0.71134317	0.8654296	0.7565515	2025-03-12	tropics	0	-0.053663254	-0.008915132	-0.104179256	-0.022360904	-0.08875072	-0.038814723	-0.0727759	2025-03-12	tropics	0	-0.053663254	-0.008915132	-0.104179256	-0.022360904	-0.08875072	-0.038814723	-0.0727759	FGA	2025-04-01
2025-03-13	tropics	0	0.81765664	0.9732362	0.6674294	0.91891557	0.7159367	0.87250465	0.76299906	2025-03-13	tropics	0	0.81765664	0.9732362	0.6674294	0.91891557	0.7159367	0.87250465	0.76299906	2025-03-13	tropics	0	-0.053249598	-0.009420777	-0.10611257	-0.022735877	-0.08848576	-0.03799036	-0.0720731	2025-03-13	tropics	0	-0.053249598	-0.009420777	-0.10611257	-0.022735877	-0.08848576	-0.03799036	-0.0720731	FGA	2025-04-01
2025-03-14	tropics	0	0.8210741	0.9833243	0.6648888	0.9272089	0.72162116	0.87630916	0.77003646	2025-03-14	tropics	0	0.8210741	0.9833243	0.6648888	0.9272089	0.72162116	0.87630916	0.77003646	2025-03-14	tropics	0	-0.052948594	-0.008061791	-0.1039278	-0.0218272	-0.0867605	-0.036182046	-0.07096392	2025-03-14	tropics	0	-0.052948594	-0.008061791	-0.1039278	-0.0218272	-0.0867605	-0.036182046	-0.07096392	FGA	2025-04-01
2025-03-15	tropics	0	0.8257754	0.9962613	0.6628276	0.9385917	0.7289606	0.8859751	0.7735694	2025-03-15	tropics	0	0.8257754	0.9962613	0.6628276	0.9385917	0.7289606	0.8859751	0.7735694	2025-03-15	tropics	0	-0.051659584	-0.005451989	-0.10413829	-0.020571684	-0.084591486	-0.034811437	-0.06861091	2025-03-15	tropics	0	-0.051659584	-0.005451989	-0.10413829	-0.020571684	-0.084591486	-0.034811437	-0.06861091	FGA	2025-04-01
2025-03-16	tropics	0	0.8321779	1.0022808	0.66910315	0.9442116	0.7329308	0.89208007	0.7775683	2025-03-16	tropics	0	0.8321779	1.0022808	0.66910315	0.9442116	0.7329308	0.89208007	0.7775683	2025-03-16	tropics	0	-0.050017595	-0.0033003264	-0.10549373	-0.017905872	-0.08220611	-0.032208145	-0.06700283	2025-03-16	tropics	0	-0.050017595	-0.0033003264	-0.10549373	-0.017905872	-0.08220611	-0.032208145	-0.06700283	FGA	2025-04-01
2025-03-17	tropics	0	0.8439616	1.0157865	0.6698554	0.96300304	0.7388655	0.9017211	0.78560424	2025-03-17	tropics	0	0.8439616	1.0157865	0.6698554	0.96300304	0.7388655	0.9017211	0.78560424	2025-03-17	tropics	0	-0.04829526	-2.648469e-05	-0.10433692	-0.015607488	-0.08085015	-0.0305202	-0.06577578	2025-03-17	tropics	0	-0.04829526	-2.648469e-05	-0.10433692	-0.015607488	-0.08085015	-0.0305202	-0.06577578	FGA	2025-04-01
2025-03-18	tropics	0	0.8538696	1.0385885	0.68001467	0.97315174	0.7459023	0.91245216	0.79349977	2025-03-18	tropics	0	0.8538696	1.0385885	0.68001467	0.97315174	0.7459023	0.91245216	0.79349977	2025-03-18	tropics	0	-0.04543203	0.0024487972	-0.10254462	-0.01179695	-0.07847054	-0.028288186	-0.06358087	2025-03-18	tropics	0	-0.04543203	0.0024487972	-0.10254462	-0.01179695	-0.07847054	-0.028288186	-0.06358087	FGA	2025-04-01
2025-03-19	tropics	0	0.8611312	1.0669492	0.6834934	0.98974234	0.7521622	0.9213014	0.80451405	2025-03-19	tropics	0	0.8611312	1.0669492	0.6834934	0.98974234	0.7521622	0.9213014	0.80451405	2025-03-19	tropics	0	-0.041515827	0.007579579	-0.101562314	-0.008677347	-0.07594211	-0.024784625	-0.060565293	2025-03-19	tropics	0	-0.041515827	0.007579579	-0.101562314	-0.008677347	-0.07594211	-0.024784625	-0.060565293	FGA	2025-04-01
2025-03-20	tropics	0	0.8731155	1.097112	0.68117595	1.012767	0.7604007	0.93619514	0.81253904	2025-03-20	tropics	0	0.8731155	1.097112	0.68117595	1.012767	0.7604007	0.93619514	0.81253904	2025-03-20	tropics	0	-0.039588332	0.014359776	-0.097968385	-0.005367161	-0.0745634	-0.022244632	-0.057702363	2025-03-20	tropics	0	-0.039588332	0.014359776	-0.097968385	-0.005367161	-0.0745634	-0.022244632	-0.057702363	FGA	2025-04-01
2025-03-21	tropics	0	0.8855146	1.127078	0.6924947	1.040871	0.7620799	0.9563715	0.8221419	2025-03-21	tropics	0	0.8855146	1.127078	0.6924947	1.040871	0.7620799	0.9563715	0.8221419	2025-03-21	tropics	0	-0.036783755	0.022252237	-0.09718717	0.0013498036	-0.071040586	-0.018341094	-0.055199564	2025-03-21	tropics	0	-0.036783755	0.022252237	-0.09718717	0.0013498036	-0.071040586	-0.018341094	-0.055199564	FGA	2025-04-01
2025-03-22	tropics	0	0.89785206	1.1626031	0.6930701	1.0621312	0.76681143	0.98011565	0.83103204	2025-03-22	tropics	0	0.89785206	1.1626031	0.6930701	1.0621312	0.76681143	0.98011565	0.83103204	2025-03-22	tropics	0	-0.033100247	0.028187806	-0.094550334	0.008219479	-0.0697185	-0.014208674	-0.05132231	2025-03-22	tropics	0	-0.033100247	0.028187806	-0.094550334	0.008219479	-0.0697185	-0.014208674	-0.05132231	FGA	2025-04-01
2025-03-23	tropics	0	0.9110315	1.2127764	0.690189	1.0913227	0.76568085	1.0035628	0.83343434	2025-03-23	tropics	0	0.9110315	1.2127764	0.690189	1.0913227	0.76568085	1.0035628	0.83343434	2025-03-23	tropics	0	-0.02897644	0.037319396	-0.09405963	0.013321249	-0.06902824	-0.0076367855	-0.04899898	2025-03-23	tropics	0	-0.02897644	0.037319396	-0.09405963	0.013321249	-0.06902824	-0.0076367855	-0.04899898	FGA	2025-04-01
2025-03-24	tropics	0	0.9249923	1.2574424	0.6852485	1.1370788	0.76065725	1.0288398	0.8368547	2025-03-24	tropics	0	0.9249923	1.2574424	0.6852485	1.1370788	0.76065725	1.0288398	0.8368547	2025-03-24	tropics	0	-0.02580309	0.04727105	-0.09419835	0.020100577	-0.06813328	-0.0017165244	-0.047034472	2025-03-24	tropics	0	-0.02580309	0.04727105	-0.09419835	0.020100577	-0.06813328	-0.0017165244	-0.047034472	FGA	2025-04-01
2025-03-25	tropics	0	0.9371191	1.3268495	0.6837441	1.1607842	0.7635915	1.0549759	0.84370124	2025-03-25	tropics	0	0.9371191	1.3268495	0.6837441	1.1607842	0.7635915	1.0549759	0.84370124	2025-03-25	tropics	0	-0.02202046	0.05666987	-0.09621097	0.029140584	-0.069799736	0.005282849	-0.047181576	2025-03-25	tropics	0	-0.02202046	0.05666987	-0.09621097	0.029140584	-0.069799736	0.005282849	-0.047181576	FGA	2025-04-01
2025-03-26	tropics	0	0.95104563	1.4110698	0.6728986	1.2209721	0.7595256	1.0905468	0.84563994	2025-03-26	tropics	0	0.95104563	1.4110698	0.6728986	1.2209721	0.7595256	1.0905468	0.84563994	2025-03-26	tropics	0	-0.018294692	0.06767503	-0.096765995	0.037417393	-0.069098756	0.011355519	-0.045562774	2025-03-26	tropics	0	-0.018294692	0.06767503	-0.096765995	0.037417393	-0.069098756	0.011355519	-0.045562774	FGA	2025-04-01
2025-03-27	tropics	0	0.9700615	1.5141436	0.65136266	1.2832412	0.74855536	1.1275184	0.8492306	2025-03-27	tropics	0	0.9700615	1.5141436	0.65136266	1.2832412	0.74855536	1.1275184	0.8492306	2025-03-27	tropics	0	-0.014830232	0.08724221	-0.10263589	0.048438665	-0.070392944	0.018858857	-0.043796122	2025-03-27	tropics	0	-0.014830232	0.08724221	-0.10263589	0.048438665	-0.070392944	0.018858857	-0.043796122	FGA	2025-04-01
2025-03-28	tropics	0	0.9986178	1.6328592	0.6402126	1.3572614	0.7387108	1.175125	0.8430996	2025-03-28	tropics	0	0.9986178	1.6328592	0.6402126	1.3572614	0.7387108	1.175125	0.8430996	2025-03-28	tropics	0	-0.00953418	0.10042534	-0.10399098	0.06077	-0.07445643	0.028099895	-0.042634428	2025-03-28	tropics	0	-0.00953418	0.10042534	-0.10399098	0.06077	-0.07445643	0.028099895	-0.042634428	FGA	2025-04-01
2025-03-29	tropics	0	1.0166597	1.8264457	0.6140688	1.4361708	0.72856575	1.2246627	0.8467983	2025-03-29	tropics	0	1.0166597	1.8264457	0.6140688	1.4361708	0.72856575	1.2246627	0.8467983	2025-03-29	tropics	0	-0.0035669804	0.12054754	-0.113231204	0.07418579	-0.07692178	0.037800252	-0.042433977	2025-03-29	tropics	0	-0.0035669804	0.12054754	-0.113231204	0.07418579	-0.07692178	0.037800252	-0.042433977	FGA	2025-04-01
2025-03-30	tropics	0	1.038001	2.0776713	0.5662169	1.5726849	0.6934763	1.2963707	0.83936656	2025-03-30	tropics	0	1.038001	2.0776713	0.5662169	1.5726849	0.6934763	1.2963707	0.83936656	2025-03-30	tropics	0	0.0030453205	0.1516309	-0.12040502	0.089388646	-0.080931135	0.050134152	-0.043408275	2025-03-30	tropics	0	0.0030453205	0.1516309	-0.12040502	0.089388646	-0.080931135	0.050134152	-0.043408275	FGA	2025-04-01
