strain	date	country
45b125db	0.0303	0
9841c5b	0.0162	0
456cd283	0.0555	0
6d9de0ed	0.137	0
3f48e1b5	1.341	0
fe89045	1.7708	0
20e790db	1.8385	0
4633194a	1.8502	0
3405595	2.0268	0
57aac5c0	2.048	0
685f67	2.0675	0
2475877d	2.0645	0
79aefffb	2.0678	0
4964d466	2.1258	0
46b44a39	2.1134	0
705cd966	2.1319	0
5e883cd5	2.1241	0
9d59015	2.1644	0
7bb34033	2.1965	0
4bc0396	2.1985	0
164cbaa6	2.1877	0
3de115bc	2.2126	0
6f267c78	2.2169	0
507efd9a	2.2157	0
db6c75e	2.2259	0
30de7024	2.2482	0
649e2cb9	2.2438	0
1b3ac05a	2.2506	0
cbc3f20	2.2188	0
26606f2c	2.2557	0
4ff2e6c8	2.2814	0
67fb722e	2.2822	0
3375d281	2.2376	0
2b70ff3	2.2842	0
64de2302	2.2795	0
1782c5e1	2.3011	0
69d1820e	2.293	0
4c53940b	2.3034	0
380bccfa	2.2802	0
fb55e9a	2.3073	0
78792420	2.3118	0
6ddcf759	2.3128	0
506a89ca	2.2779	0
2c7f35a5	2.3196	0
1a627892	2.3464	0
844af88	2.3453	0
3d1dc060	2.3453	0
2c8444b5	2.3584	0
627d57b1	2.3682	0
24f9000b	2.3838	0
1c2e65e7	2.3584	0
49ac2832	2.402	0
4bf75bf	2.4084	0
2c01c9f8	2.4148	0
5d8a3e84	2.4235	0
1b7ebcda	2.4178	0
16ed1d2c	2.4549	0
6cabf3b8	2.5142	0
56c912e1	2.51	0
663f7fb0	2.5291	0
cda0420	2.5479	0
2dd96428	2.5804	0
59774be1	2.583	0
7c2cd879	2.6138	0
4a5afb76	2.6412	0
5ec0caf6	2.7433	0
612f0e9c	2.768	0
1c87d731	2.7627	0
d5ad9	2.8114	0
19cc59e	2.8467	0
ad1c780	2.8267	0
22238e98	2.8597	0
37fcd017	2.8827	0
1cc29fe5	2.8991	0
47b857b4	2.9345	0
47fd553a	2.9398	0
83a06db	2.9238	0
6ba1a463	2.9482	0
64f0d27d	2.928	0
72b05352	2.9371	0
489dfac5	2.9545	0
2149883e	2.957	0
1f361c04	2.9603	0
2f4faedd	2.9515	0
3ef219d6	2.9472	0
65021eaa	2.9678	0
375a5411	2.9808	0
6aee1373	2.9869	0
1cf3e26f	2.9766	0
5abec47d	2.9958	0
660a090f	3.0009	0
72ae50e6	2.9922	0
bc56328	2.996	0
574d1be2	3.0129	0
6a7b854c	3.0104	0
27c953c4	3.0182	0
38bccf7f	3.0206	0
2f458b68	2.9949	0
968759e	3.0025	0
69be4d05	3.025	0
7800c2aa	3.0142	0
4c5fb451	3.038	0
92e98a3	3.0409	0
66e63a61	3.0377	0
59133166	3.0314	0
1bb4ce0d	3.0478	0
15297637	3.018	0
dec1377	3.0507	0
3ce03a5c	3.0455	0
47a99548	3.0395	0
df7e564	3.0479	0
957e1e4	3.0583	0
1130a95e	3.0544	0
4c57eee6	3.0292	0
63e21065	3.0174	0
7ad66018	3.0705	0
1f0dac66	3.0728	0
2d88a823	3.071	0
9588d00	3.0734	0
1e13440d	3.0672	0
5994fb28	3.0825	0
7c9259f7	3.0828	0
5fbc914e	3.0815	0
5bd15903	3.0684	0
963322c	3.0652	0
533640a4	3.0882	0
7ab0df52	3.0801	0
28e3f7d4	3.0702	0
30f53b33	3.0947	0
57e13c65	3.0895	0
2f2f767c	3.071	0
bd9b834	3.0869	0
55525623	3.0724	0
157e981	3.0997	0
2b687303	3.0899	0
4f9c0305	3.0951	0
21e27cbf	3.1019	0
343f782b	3.1053	0
69851f6f	3.1032	0
43db16ab	3.106	0
1fdec964	3.1112	0
30fc02e5	3.053	0
3d6219e4	3.111	0
a5ed388	3.0997	0
70edcb4e	3.1163	0
9c496aa	3.1185	0
1184f1ee	3.1209	0
5c0f3bfc	3.1202	0
3b0b08b6	3.1233	0
64e11ad3	3.1215	0
266e1ec5	3.1296	0
7fa4158a	3.117	0
8aedbe8	3.1289	0
5c36f0e9	3.1353	0
6d321a5e	3.1343	0
49772220	3.1035	0
fb1fd8b	3.0937	0
25ee3516	3.138	0
57723780	3.1384	0
27ad253e	3.1404	0
7b8a348f	3.1121	0
2bb82b29	3.0989	0
6d01161c	3.1393	0
46337465	3.1446	0
5a41ff9	3.1503	0
6996e55	3.1475	0
1db37af5	3.1322	0
6db78fb1	3.1501	0
706ead57	3.1185	0
5d2eaee4	3.1267	0
7a154d8a	3.1635	0
664004e0	3.1537	0
5b01b110	3.1739	0
2c71bf3d	3.1431	0
4c31e2d2	3.1706	0
20f54509	3.1842	0
554d6e71	3.1727	0
5ae53028	3.1638	0
5553cf13	3.1829	0
3e6b9de1	3.1959	0
293748bd	3.2009	0
35ede19f	3.2005	0
a7c7447	3.1904	0
6888a093	3.1453	0
7c5538bb	3.1911	0
54143373	3.2112	0
72c06840	3.2024	0
61ade48	3.2197	0
4acfec6d	3.2139	0
391d9c95	3.2033	0
5a4a9f3d	3.2272	0
18cfb9ea	3.2275	0
4d4998b8	3.2125	0
3a9285a7	3.1983	0
20af9bad	3.2534	0
66fec1ac	3.2318	0
24cbc857	3.2439	0
1d4c836f	3.2623	0
60e19857	3.2544	0
70ea92d4	3.3147	0
45ada620	3.3222	0
4e52860	3.314	0
20b66356	3.7257	0
426a9da1	3.8999	0
1ceb73d3	4.0236	0
3d961bcc	4.107	0
b3dd3e5	4.1228	0
77ccbd20	4.1191	0
31b7abb6	4.269	0
11e9ca82	4.4579	0
6562b8b2	4.7421	0
5a267fec	5.0099	0
6043e6a5	5.0297	0
30a8d263	5.0584	0
409de872	5.1196	0
73949dd	5.1459	0
5594b749	5.1433	0
577c5745	5.111	0
141c06ae	5.1712	0
1588d9c6	5.1731	0
5c64d34a	5.1731	0
2cf4932	5.1951	0
571b6bb2	5.2058	0
203c4560	5.2089	0
10fe9d7e	5.2045	0
57ba19b0	5.2128	0
459c07eb	5.2239	0
104497e2	5.2263	0
7a8b8a15	5.2332	0
6a6da611	5.2364	0
21d59db0	5.2414	0
297c9ce3	5.2462	0
5cfba06	5.2505	0
4adbffa7	5.2444	0
414e882d	5.2281	0
2ab3f7a3	5.2111	0
1c1a56ea	5.2591	0
6ede243b	5.2554	0
e39291d	5.2783	0
9fa0242	5.3072	0
1732012f	5.259	0
6e59c328	5.3071	0
3fd37ba3	5.3001	0
1237ce36	5.3192	0
65ea6bc8	5.3269	0
588fe608	5.3176	0
5598ff06	5.3379	0
7507b102	5.3399	0
13a5aa53	5.3485	0
55c4e98b	5.3551	0
14b87609	5.3619	0
360e50b0	5.3584	0
23d5313b	5.3677	0
1f987f25	5.3725	0
5f69b5a	5.3828	0
7038ea5c	5.373	0
43b46307	5.3897	0
36af5d39	5.3983	0
29b94bba	5.4023	0
3bf4420c	5.3928	0
21d58dfc	5.4023	0
4309df52	5.4081	0
22b3b098	5.42	0
72a28c05	5.4045	0
b68877b	5.4238	0
310ee164	5.438	0
d5e46ec	5.4288	0
3a1915bb	5.4129	0
7fdfeef8	5.453	0
185b0d38	5.4625	0
3c0a15e8	5.4735	0
73c6612a	5.5227	0
1cbb55c3	5.6129	0
20b1ff1c	5.74	0
4255b1cf	5.7652	0
685c388	5.7552	0
7607d01d	5.8187	0
45a18252	5.8288	0
47a28d7	5.8172	0
2e6447f9	5.8668	0
41873186	5.9077	0
69c869f4	5.9394	0
14259e83	5.9583	0
26f655b6	5.984	0
39e3689e	5.985	0
3367aaf6	6.0092	0
36f247a	6.0072	0
764368f1	6.0137	0
4cd0d16b	6.0316	0
105c3a69	6.0512	0
380fb83e	6.075	0
69396ad0	6.0587	0
3b2a3559	6.0852	0
1824e557	6.0879	0
17b55d6d	6.1063	0
753cb503	6.1095	0
5730bcf4	6.108	0
70e316fa	6.1141	0
6629b485	6.1216	0
9473139	6.1345	0
41ce4b45	6.1341	0
5bb61451	6.1253	0
7decda60	6.1536	0
59090509	6.1754	0
2424a14f	6.173	0
4e530d20	6.1659	0
266cdcbc	6.1782	0
56234195	6.1811	0
658ccd8f	6.1946	0
5b32f918	6.2155	0
4049cdd5	6.1495	0
6cd23854	6.2025	0
7a4ff3a3	6.1975	0
594c9797	6.2243	0
fa3d345	6.224	0
483f28a	6.2099	0
47e939c2	6.2399	0
37ff50b1	6.2519	0
70ea8276	6.2636	0
48571e28	6.2601	0
30168c76	6.2417	0
fa75674	6.3106	0
539250ed	6.3522	0
522b3172	6.3765	0
46acbf3d	6.4624	0
4cde8a25	6.5913	0
76f8ea7a	6.7992	0
66b528c3	6.8233	0
4d74439a	6.9166	0
4f152379	6.9566	0
b8801d0	6.9616	0
14acea7c	6.9454	0
47965ad1	6.9639	0
69c71ad8	7.004	0
6388d0f3	6.9963	0
1a644be7	7.0045	0
78e4066b	7.0261	0
2fdc49f8	7.0161	0
3729e9ab	7.0362	0
7ceae2ba	7.0441	0
30a76628	7.0331	0
3256d312	7.049	0
7e6fa8e5	7.0543	0
2ef3c262	7.0647	0
7837c94e	7.0487	0
224f9ad3	7.0698	0
2a54f331	7.0747	0
7692ec36	7.0808	0
6ae74d70	7.0862	0
2f061727	7.0907	0
6a3a432	7.0971	0
2473e894	7.0945	0
61fc9236	7.1039	0
3b0f5f7d	7.1177	0
4fbb5714	7.1141	0
25e77e02	7.116	0
4e529808	7.1262	0
5846a0c7	7.1121	0
7c5c2529	7.1288	0
15acc646	7.1383	0
5611287e	7.1489	0
1eea6214	7.1458	0
115cfc6	7.1538	0
61ddd0ba	7.1606	0
255b427f	7.1463	0
6aa3ed5f	7.1541	0
43da2d27	7.1534	0
1820a8b1	7.148	0
12731601	7.1626	0
1c8ecbcb	7.1755	0
2628bffa	7.1803	0
6147e016	7.1857	0
71d298e0	7.1874	0
20aa3f39	7.191	0
7d0e3ba7	7.1974	0
5b181371	7.193	0
3eb6b63e	7.2061	0
afa715b	7.2079	0
750a9f8	7.2084	0
5a5cdf92	7.2093	0
43422794	7.2248	0
593d1fa0	7.1969	0
71fbea08	7.2171	0
dbfdf85	7.2153	0
64e6f4ab	7.2289	0
a674af9	7.2255	0
358bef4d	7.2305	0
64b30fac	7.199	0
6a29d710	7.2271	0
6973bc02	7.2493	0
4cde81	7.2371	0
375583cc	7.2516	0
7a6fdc75	7.2577	0
2cda6332	7.247	0
4ce49403	7.2101	0
42878dc	7.2557	0
37112954	7.2526	0
3c064db	7.245	0
6909a9ae	7.2727	0
5a1cd03d	7.2667	0
1b3b97ef	7.2843	0
153c8e21	7.2669	0
17a936f3	7.2717	0
40117631	7.306	0
90ebd3c	7.2753	0
6973d618	7.3107	0
142b239a	7.3012	0
3af665ba	7.3278	0
4f10dc4f	7.3498	0
37a33aba	7.3047	0
394b10fb	7.3275	0
65662f10	7.361	0
191cd01c	7.36	0
11071180	7.3733	0
28189471	7.4813	0
4ecf67da	7.7818	0
12d70966	7.8768	0
7de4b921	7.9987	0
3f13c91d	8.0198	0
2ff6d10e	8.1828	0
7f8bfd1c	8.1617	0
2def92e3	8.2638	0
5475bec7	8.3824	0
1b35b442	8.9774	0
53ce5885	8.9757	0
209d07	9.0525	0
3f322bcb	9.0926	0
1ef2cdc1	9.1569	0
3341f7d3	9.1932	0
240ab605	9.1886	0
65c0439	9.2774	0
195ab930	9.2884	0
2799358f	9.2739	0
58d6df33	9.2769	0
706fc07e	9.2916	0
8b539c5	9.3099	0
577b37e3	9.3145	0
2aa43ce8	9.3132	0
1755dc45	9.3319	0
7c31a4cd	9.3363	0
29380fcb	9.326	0
5b6c0030	9.3364	0
5f36ddd3	9.3454	0
462bc8ef	9.2917	0
5a6a106a	9.3466	0
31b61890	9.3549	0
322bea0a	9.3576	0
78436c82	9.3668	0
c141b5d	9.3556	0
7e6f851d	9.3751	0
5f537a3	9.335	0
47533708	9.3854	0
4fa9fd1b	9.3992	0
f77d11c	9.3847	0
72c33d96	9.4154	0
15d92285	9.4079	0
a563c1d	9.4313	0
2777dbd8	9.4265	0
2b993541	9.4277	0
717a0edd	9.4407	0
3f652d28	9.4432	0
7c96c73	9.4439	0
467cdd07	9.4605	0
2e22d7a0	9.4567	0
33d85055	9.4286	0
32ebfab2	9.4686	0
7a0dea16	9.4832	0
25b67058	9.4742	0
61aa18a7	9.4815	0
793ef92e	9.4785	0
45156674	9.4842	0
3c752df2	9.4765	0
4b728289	9.4988	0
309f2069	9.5055	0
4ff85261	9.5117	0
3f21e77d	9.5102	0
776127db	9.4631	0
743f2f79	9.5192	0
330c3c63	9.5272	0
65085734	9.529	0
68d63d20	9.5398	0
174316b4	9.5462	0
465d3e7f	9.5325	0
6eae67c9	9.5512	0
ac566e4	9.5456	0
4ea9a179	9.5349	0
7416876d	9.5561	0
9b0cf4b	9.5375	0
c995612	9.5444	0
6bfb2da1	9.5662	0
29e84680	9.5478	0
6b649dea	9.5691	0
3e4cd4f2	9.5496	0
52511a17	9.5825	0
3df9c8c9	9.5862	0
5119886e	9.5936	0
1c95530f	9.5925	0
d6b0989	9.5944	0
5046bb07	9.5686	0
2f3388bf	9.6139	0
6e9b20f9	9.6119	0
64cbdc86	9.6219	0
3077fecc	9.6154	0
33f1ada8	9.6215	0
55cb3dfc	9.6211	0
5e980e82	9.6367	0
50253ad0	9.633	0
40b22fd4	9.6329	0
1c1b75fb	9.6543	0
35987a3b	9.6603	0
64b31082	9.6616	0
7e59221	9.6559	0
1c0d3f29	9.6751	0
49c21be4	9.7025	0
38b95dc8	9.7086	0
3b18c1e8	9.7087	0
2f134572	9.7056	0
62a99c36	9.7304	0
2c421357	9.7309	0
458e864e	9.7352	0
1d3f2c44	9.7196	0
28b71	9.739	0
342f6110	9.7485	0
e678a3b	9.7296	0
38989330	9.7637	0
7c07ad1c	9.7378	0
39077341	9.7742	0
77b0125	9.7794	0
1c785083	9.7971	0
454144a8	9.7895	0
215088b2	9.8008	0
7d4913f4	9.7903	0
1e07d78c	9.7805	0
49d8d989	9.8096	0
60895b2a	9.8179	0
7ac0ba3f	9.8167	0
47427764	9.8204	0
5895ad62	9.8262	0
3869ade9	9.7055	0
22480846	9.8328	0
5f44d22b	9.8347	0
15dbf58	9.8455	0
5be6ccf3	9.8361	0
1da48073	9.8515	0
5a0c8d3e	9.857	0
3b0c246	9.8654	0
47cc7b58	9.8653	0
6b26da2e	9.8831	0
3389da9a	9.8382	0
7e30902b	9.8461	0
42ac7af	9.8755	0
5399382a	9.8765	0
60c66686	9.8982	0
5650a616	9.8878	0
64bcf72c	9.8965	0
506c55ab	9.8893	0
41f77999	9.9034	0
990bdcb	9.9037	0
7842f0bc	9.9089	0
2fda4b72	9.9024	0
59fd0fc4	9.9133	0
60c85662	9.9214	0
3410697a	9.9181	0
48ac96c8	9.9396	0
139df7e9	9.9298	0
6920d97c	9.9399	0
30c749bc	9.9122	0
6abe9a18	9.9344	0
2de03996	9.9405	0
1a5de55b	9.9376	0
3ff1f65c	9.8671	0
40739e0e	9.927	0
b2969a2	9.9526	0
3de6952d	9.9559	0
5b32830f	9.9693	0
3ffcef2c	9.9557	0
690b1a40	9.9698	0
6cdd75ef	9.9798	0
786a5e5e	9.9733	0
746dd439	9.9778	0
54e9d2a4	9.9742	0
7d146e02	9.955	0
6fab2496	9.9739	0
3f0c8fe8	9.9838	0
b5c0169	9.9868	0
1fed74f3	9.9801	0
2244600d	9.9764	0
6e7a5eeb	9.9764	0
302e0f31	9.9899	0
5d5f0fb0	9.9875	0
31d9380	9.9835	0
58f59cd5	9.9971	0
1cd17bd7	9.9881	0
6b81ef43	10.0003	0
316769c8	10.0081	0
5f53e1a2	10.0135	0
3a32515b	9.9784	0
6164e9fa	10.0218	0
38f9298	10.0202	0
618d4f3e	10.0229	0
55391185	9.9976	0
231582b2	10.008	0
1683fd73	10.0316	0
70f6cf4	10.033	0
596ff555	10.0201	0
72e37ce5	10.0362	0
7dee9936	10.0288	0
674c4495	10.0287	0
379457e2	10.0296	0
13dabae1	9.9989	0
b687179	10.0415	0
60a13035	9.9949	0
74b78a77	10.0368	0
723dfbc7	10.043	0
495064e3	10.0524	0
674747c6	10.038	0
1f91bf3a	10.0485	0
353a6246	10.0654	0
21793447	10.066	0
22406a2d	10.0688	0
2c1bf8d0	10.0552	0
581f8f4e	10.0731	0
465d40d1	10.0783	0
7aac3644	10.0804	0
35c25235	10.0719	0
6f183a7d	10.07	0
49ee3865	10.0767	0
102115c8	10.0861	0
1fd58c10	10.0833	0
5f61e453	10.0807	0
331ceb1f	10.0855	0
42b0bb70	10.0833	0
1d4767af	10.078	0
416af917	10.0899	0
3f2263f2	10.0908	0
4f83eb5a	10.0926	0
2d6a8a	10.0694	0
72c6252f	10.091	0
471e787	10.0858	0
415f1359	10.0874	0
643e3e5d	10.0912	0
331e600d	10.0948	0
15861606	10.0855	0
392f6210	10.0876	0
3c192639	10.0818	0
3bbd793a	10.1085	0
5363fb12	10.0992	0
c6da580	10.0924	0
604598f	10.1071	0
dfe398e	10.1156	0
2ed8b22e	10.1045	0
6e49c0a3	10.131	0
16a6ca8	10.1245	0
9b3dad5	10.1305	0
24c5f156	10.1353	0
9c8d321	10.1031	0
220b3552	10.1178	0
63a51590	10.1263	0
273d085f	10.1441	0
279c2a47	10.146	0
7c574c00	10.152	0
2a821bde	10.1534	0
2daabf83	10.1527	0
51bea590	10.1563	0
6cb79081	10.1576	0
2df4e162	10.1332	0
476789a8	10.1496	0
f4d1fb8	10.1745	0
362391c9	10.1666	0
21354301	10.1819	0
32013f88	10.1784	0
514581e3	10.1861	0
4f9cdac1	10.1877	0
23a90bc0	10.1781	0
5f94ad06	10.1713	0
7134c61e	10.1839	0
78f66f11	10.1907	0
3fa1cbe	10.2078	0
1f8eb712	10.2146	0
42d3ec85	10.2175	0
771f9961	10.2253	0
1f8e25b6	10.2136	0
286756b3	10.2599	0
7544172d	10.2288	0
2942a771	10.2582	0
56088bbd	10.2514	0
73614111	10.253	0
4282b8a5	10.2866	0
5557e36d	10.3075	0
2fae7381	10.302	0
1ae0bba8	10.3269	0
7ed92f57	10.3321	0
f3daa89	10.955	0
393fb872	11.2723	0
461287b5	11.5161	0
363a513f	11.5504	0
34523520	11.6133	0
57dea507	11.6662	0
796d7b	11.9187	0
5daf390c	11.9447	0
1ebdfd6f	11.9657	0
787da618	12.0832	0
b5ae125	12.0727	0
600087d5	12.0656	0
34f8b25e	12.0752	0
43bc9dcb	12.1317	0
199b0c54	12.1443	0
202df078	12.1839	0
5001e7af	12.2039	0
19790a1e	12.243	0
575be046	12.3034	0
6428b8dc	12.3202	0
11690796	12.3547	0
42757c50	12.3788	0
438a55b9	12.4274	0
2b762b04	12.4999	0
411fae66	12.5906	0
258e45f	12.6841	0
1fa651a	12.6795	0
2e0fc13f	12.7051	0
534062bd	12.7609	0
4dd3cb17	12.7507	0
3618232e	12.7526	0
73e3e6e4	12.7841	0
3bf6a62e	12.7915	0
58ed9921	12.8062	0
611dd275	12.8043	0
455b296e	12.8115	0
bab43eb	12.8162	0
4304180d	12.8253	0
660e777c	12.8498	0
6d1e6fc2	12.8645	0
66ba7e	12.862	0
44442e91	12.8708	0
11367c44	12.865	0
3804ee0c	12.8719	0
16f07b9c	12.8783	0
4bd64c01	12.8821	0
50289ee7	12.8999	0
1416ed0a	12.8677	0
2f5af0a5	12.8997	0
3e292466	12.9125	0
30c415d8	12.9075	0
64ca8529	12.9025	0
9c341c	12.8977	0
7a80dd62	12.9105	0
68680a68	12.9226	0
1550f954	12.9161	0
3097bd1b	12.9237	0
15d897d8	12.9316	0
71cfdff6	12.918	0
4935c264	12.9364	0
74abe99	12.9377	0
566349a1	12.9386	0
46a271d8	12.9408	0
32b5cdcb	12.9406	0
134155d6	12.9376	0
6ed718ff	12.9441	0
18cb6b8d	12.9508	0
661cb3e6	12.947	0
4b9589a1	12.9667	0
3c609a45	12.9651	0
4b2dc036	12.9661	0
2c48cf27	12.9679	0
13485496	12.9708	0
45563ea4	12.9782	0
28c2afe8	12.9741	0
4f624fd6	12.9647	0
3a977773	12.9738	0
56c35530	12.9747	0
3ab8afd5	12.9793	0
47ef7616	12.9685	0
9ba0d0a	12.9481	0
2ce6145f	12.982	0
7969c2b5	12.9782	0
29c69763	12.9819	0
7c17ef	12.982	0
7b2ddaee	12.9807	0
4e8b5836	12.9858	0
1a5ff7e8	12.9861	0
5040e3d	12.9848	0
32843021	12.9886	0
3a96048a	12.9801	0
35af186a	12.9792	0
33a4c857	12.9753	0
157e0596	12.9887	0
570b733f	12.9799	0
5ce2f61	12.987	0
15cbdcbd	12.9953	0
1c0ada6a	12.9898	0
5a8891f2	12.9927	0
388d8188	12.9631	0
23edf405	12.9999	0
33a66aba	13.0102	0
3c958335	13.0075	0
2aceb3c4	12.9816	0
34a01ac5	12.9969	0
4387e818	13.006	0
5907c456	13.017	0
ffcebf6	12.9851	0
3f958e34	12.981	0
7fae6773	13.0053	0
72db1b92	13.02	0
56570afa	13.0174	0
228475ae	13.0249	0
6290c643	13.0294	0
5e9ae5ab	13.0298	0
57ccb08d	13.0324	0
7b808cbe	13.0138	0
60b4873f	12.9942	0
37594528	13.0341	0
2688bb7b	13.0153	0
1e578919	13.0084	0
25af3c33	13.0321	0
6eb31cd2	13.0248	0
528ca60d	13.0362	0
220c3daf	13.0229	0
3b23d2f2	13.0415	0
3407a023	13.0422	0
2b75be9f	13.0322	0
243de8b2	13.0104	0
72da9204	13.0346	0
3632ee7a	13.0481	0
12fbe668	13.0506	0
3624819f	13.0488	0
4d410e21	13.0537	0
7b37de2e	13.0315	0
7d5c6af2	13.0465	0
6eec3d78	13.0507	0
4ed08e85	13.0506	0
3ed37b32	13.0506	0
1a83df1e	13.0508	0
3a063bc9	13.0679	0
12ba323e	13.0607	0
29942ace	13.0586	0
3b1d9be0	13.0568	0
21cfb2bd	13.0763	0
2de97989	13.0716	0
7faa7a39	13.077	0
7f2d9173	13.0713	0
5b7cdde3	13.0696	0
7b4aaec8	13.0786	0
766bcc52	13.0612	0
1229f325	13.0815	0
4a16b61d	13.0771	0
6460b8b6	13.0773	0
36b2f155	13.0824	0
7febe23e	13.0589	0
65dc1af6	13.0925	0
613e18f7	13.0654	0
ee99bae	13.0614	0
4328ab64	13.0964	0
39fdabe2	13.0875	0
7a23b1a6	13.1027	0
3042064a	13.0962	0
5b28c6b3	13.1106	0
26b2a8bc	13.1102	0
6387aa6b	13.1058	0
4076d128	13.0481	0
4cd81012	13.1025	0
5d030348	13.0979	0
e5ea1db	13.1167	0
508c376e	13.1089	0
28516614	13.1264	0
2844d963	13.1187	0
599c00d0	13.1344	0
6fec9389	13.0942	0
2e4363f0	13.1259	0
e5db1e7	13.0874	0
6bacd5c1	13.1361	0
7ce6b7fe	13.1314	0
673045de	13.1458	0
7b9ed294	13.1627	0
577159d2	13.0914	0
eeab8	13.1559	0
39f9d733	13.1688	0
2ad418cb	13.1488	0
2807da42	13.1829	0
1522aaf9	13.1839	0
7059aeb6	13.1755	0
76091c55	13.1812	0
7417f00c	13.1676	0
598ce329	13.2127	0
62fdfcaa	13.2134	0
7cad5d5d	13.1386	0
8b1a582	13.2208	0
225c8879	13.2407	0
d6982b2	13.2743	0
53f5b93f	13.3031	0
25959129	15.9371	0
3a1025b1	16.2361	0
35a94741	16.4302	0
131a0be1	16.4695	0
5405ba7c	16.6577	0
5627a059	16.7446	0
32466be5	16.8404	0
1ee2b384	16.897	0
6901e56f	16.9788	0
30514103	17.004	0
62169720	17.0481	0
7bda0a28	17.0752	0
19fb05d	17.0968	0
22458e78	17.1108	0
5bf2d74b	17.1554	0
752ba1b6	17.1601	0
6bdd5269	17.139	0
3e47304e	17.1687	0
65f947d8	17.1712	0
10a3ed5e	17.1952	0
5bb733c	17.1965	0
119aa4d	17.2601	0
1375f6f5	17.2678	0
4828b166	17.3403	0
56aabe01	17.3572	0
72fa5686	17.411	0
3c959b63	17.4053	0
56ae5688	17.4228	0
4470b87e	17.4694	0
4d81c4b8	17.5093	0
1701c7d7	17.5426	0
6de0c698	17.6116	0
2fa5628b	17.6126	0
13dee1d8	17.6164	0
5cbf8138	17.574	0
3feefe9f	17.6202	0
3b09c832	17.6312	0
145e8467	17.6675	0
1738e3df	17.6852	0
e8b94e3	17.6762	0
24a015da	17.6841	0
61524c5	17.6894	0
65f585bd	17.7053	0
7c291f14	17.7415	0
37a4b4c9	17.7328	0
79fba275	17.7411	0
607f09fa	17.7378	0
678b0595	17.7669	0
2d1e9c50	17.7781	0
65e707a3	17.7814	0
16bc830c	17.7914	0
4a48ff7b	17.7804	0
15fab852	17.8031	0
7bebce6b	17.8039	0
6639cc11	17.817	0
1b7ce0ed	17.8108	0
45cf2f71	17.8192	0
26fdbd18	17.8179	0
38e6fb21	17.8073	0
1fdef47a	17.8276	0
61e238d5	17.8254	0
75244ffb	17.8325	0
4a78821c	17.8101	0
559bc63c	17.8252	0
7b8058bb	17.8372	0
a644fd9	17.8422	0
21610c39	17.8425	0
6202e4c4	17.8412	0
28f90fec	17.8631	0
5a7fb48	17.8527	0
e5830eb	17.8696	0
4dc1fabf	17.8689	0
745ffa51	17.8724	0
2aee39a0	17.8588	0
20b65623	17.8642	0
7452b1a7	17.877	0
381b9c98	17.8778	0
30a184d9	17.8783	0
62fcf7c	17.8831	0
1429c724	17.8844	0
56d18dae	17.8913	0
45aca1b0	17.8821	0
74758552	17.8934	0
5f8b19fa	17.8965	0
ae8f194	17.8944	0
1bf30fbe	17.8796	0
3b7b1491	17.9031	0
5ffd72e8	17.9004	0
ef6c774	17.8978	0
450a53f8	17.884	0
1f2a2f53	17.8821	0
5034a2f8	17.8972	0
5e99286	17.8949	0
501a8c82	17.8647	0
d368d75	17.8887	0
168c31d4	17.8695	0
329edb02	17.8957	0
7cc1916b	17.9118	0
150737c2	17.9129	0
75efe2d0	17.908	0
7151ca28	17.9038	0
47ac5fe7	17.9083	0
2621234a	17.9064	0
1b4beea1	17.9148	0
35b8d275	17.9143	0
2853ea3a	17.9052	0
42722ddf	17.9265	0
5b7805c	17.9271	0
16896f37	17.8999	0
11e5d8be	17.923	0
26a64139	17.9294	0
760e8085	17.9266	0
49ce9ab2	17.9351	0
70608fe6	17.9131	0
6d660afd	17.9379	0
3ea4b713	17.9117	0
146eb50f	17.9389	0
7f51dce1	17.9418	0
ca61ec	17.9419	0
6f1b8010	17.9321	0
77641530	17.9408	0
568c2d62	17.9209	0
8cfed1e	17.9467	0
1bb6003e	17.9271	0
7b9b9f01	17.9371	0
5ec278bd	17.9293	0
2d25f052	17.9376	0
34b2aa7c	17.9519	0
1332af3f	17.9544	0
762d1e8d	17.9552	0
63f36680	17.9549	0
3590323a	17.9494	0
56857c76	17.9526	0
3e32d65c	17.96	0
623e24fb	17.9466	0
152b9842	17.9582	0
fe3016f	17.9669	0
21dc3825	17.9674	0
21682e7	17.9719	0
1b6c3978	17.9723	0
49e54612	17.9719	0
3ffe451f	17.953	0
1e6cc62	17.9345	0
3fe29b91	17.9639	0
2894f9f4	17.9352	0
5d566cf9	17.9735	0
1fd3f41c	17.981	0
3e530fb4	17.9795	0
1f278286	17.9701	0
3517b56f	17.976	0
1e0a8556	17.977	0
13c84a5	17.9723	0
60a946e9	17.9876	0
e1eb4db	17.9883	0
1f7bad18	17.9738	0
56c53b4f	17.973	0
a107791	17.9832	0
7eca18e2	17.994	0
5a08c5f8	17.9979	0
7cff7b4c	17.9944	0
62d58bd0	17.9972	0
7ea7657c	18.0002	0
2b75f9b0	17.9982	0
2de9c2bd	18.009	0
1b2fb013	17.9838	0
3b8d2989	17.9667	0
5bad81fa	17.9992	0
79b5d4d	17.9926	0
21c4573e	18.0101	0
7bb5630a	18.0006	0
5517e5d3	18.0048	0
d24017e	17.9948	0
329e2a54	18.0164	0
1786da8	18.0171	0
12845e3f	17.992	0
7698b200	18.0177	0
556f9dbe	18.0224	0
1830cda0	18.0193	0
505859fa	18.0225	0
eabc02f	18.0104	0
561335b5	18.0265	0
64c4655d	18.0099	0
423619af	18.0123	0
3c6d4878	17.9856	0
15560743	18.0347	0
2acf88f4	18.0275	0
21f1e3ae	18.0258	0
248fbbf5	18.0444	0
71d2b129	18.0404	0
639bc86a	18.0376	0
499cd167	17.9943	0
2cfb0e41	18.0385	0
1c1fff12	18.0042	0
5bf35f24	18.0529	0
663c7b5e	18.0344	0
f8c6f9e	18.025	0
3561e14e	18.0466	0
6a47853	18.0287	0
29e79c33	18.0407	0
33620af5	18.0535	0
35122c59	18.04	0
5dcca46e	18.0556	0
3fa33cd1	18.063	0
497e6ab7	18.0639	0
1b6d2331	18.065	0
6644852e	18.0694	0
59b92f53	18.0675	0
6c54e4fb	18.0158	0
4765b9bf	18.0381	0
ed62532	18.0824	0
6e9f88ea	18.0943	0
852b4dc	18.0895	0
a43fd18	18.0907	0
15e3c526	18.1159	0
494c1d20	18.0973	0
119c818b	18.1148	0
33236395	18.1293	0
713f6fb0	18.1301	0
7059ff07	18.131	0
5e818256	18.1394	0
599aecd2	18.1388	0
5ac76461	18.1465	0
6edd7036	18.139	0
48ee08fb	18.1542	0
65625974	18.197	0
450ea87c	18.2164	0
32ea9a64	18.3853	0
1053a378	19.0322	0
46796f7b	19.0621	0
10984f5b	19.0772	0
41b8d319	19.0788	0
461bf173	19.1143	0
746555d8	19.2049	0
7cd20ae9	19.1961	0
74439915	19.1965	0
61104f8c	19.2137	0
4a5d2310	19.2355	0
1205e570	19.1948	0
50bbb147	19.2802	0
5032e33a	19.2879	0
705e88c5	19.8434	0
bd87404	19.9432	0
14276734	19.9739	0
28a446a4	20.0072	0
7249ff9e	20.0651	0
2422c73b	20.0639	0
318d7cbb	20.083	0
6d9b2cb6	20.0721	0
7a89e0ad	20.0927	0
316b701c	20.1062	0
39d7a56b	20.1076	0
48ce6160	20.1077	0
edbefb4	20.1101	0
35fd79ed	20.126	0
b1ea6a1	20.1263	0
42257678	20.1681	0
102e0c28	20.189	0
1692c8bc	20.1837	0
3b9bf307	20.2095	0
6a56d4d6	20.2152	0
141d1eaf	20.193	0
420e3f5b	20.2267	0
11739dcb	20.243	0
4e08652a	20.2371	0
373b78f0	20.2576	0
e1c4667	20.2549	0
30f7e07f	20.2672	0
5a202df0	20.2507	0
b33b82f	20.2627	0
4f86163f	20.2674	0
67395e35	20.2993	0
2ca6964a	20.2949	0
7724cf62	20.2779	0
2ea27e2d	20.3064	0
69ef44bd	20.3416	0
44737675	20.3484	0
30b67eeb	20.3698	0
44229482	20.3481	0
6fc0da9c	20.3866	0
2c077a01	20.3863	0
2709667a	20.3663	0
72c5cde8	20.3867	0
4285b3d2	20.3772	0
6d7fdda5	20.3705	0
45ce94d5	20.4218	0
4a852305	20.4117	0
5b086ae7	20.4388	0
f73a14f	20.4855	0
37a32334	20.4904	0
4396c285	20.5812	0
13c98819	20.6501	0
523d53c4	20.7497	0
5bebf2f3	20.7902	0
2a3f8381	20.8376	0
4f6f0593	20.897	0
280512f1	20.9251	0
415e1d95	20.9346	0
68749b11	20.9235	0
6bfa6707	20.9984	0
2d36c577	21.0005	0
79f32657	20.9819	0
7d949582	21.0257	0
78b3e84	21.0473	0
1905d0b3	21.0718	0
46c5830b	21.0742	0
6444a523	21.0888	0
1afd8435	21.1037	0
74fc764a	21.1034	0
5a96a8e9	21.0995	0
8e9feae	21.1199	0
3c54672f	21.1201	0
50fdd017	21.1389	0
787d60f3	21.1428	0
6ec94172	21.1219	0
2b9eb88c	21.154	0
7713cb84	21.1575	0
339e6e3b	21.1671	0
6c80633a	21.1667	0
48e821fe	21.1372	0
7eee1748	21.1665	0
3ad804	21.1716	0
58d0fa34	21.1212	0
42589d69	21.1539	0
179d6f59	21.1788	0
40d1d691	21.197	0
44b26f2	21.1973	0
2abe935a	21.2092	0
45279c7e	21.2098	0
5f4556bb	21.2164	0
1490e0f6	21.2086	0
331f889f	21.2221	0
190aef0b	21.2286	0
a189cde	21.2133	0
1ebf575e	21.2224	0
1a78a14b	21.2378	0
1ddb1c90	21.233	0
1ca7bf04	21.2208	0
6854fd19	21.2122	0
78c9efe	21.2276	0
2a3fc12d	21.2453	0
74b6729e	21.2342	0
537cdb87	21.2729	0
6a690e0a	21.2817	0
204f5001	21.2854	0
4fc68477	21.2846	0
60c0e3e	21.2759	0
136c2c4	21.2952	0
22dfaded	21.304	0
2eae5736	21.3085	0
326b678d	21.2776	0
3caa32be	21.3184	0
16028251	21.3293	0
5f5d5f2a	21.3049	0
60a391d8	21.3296	0
7226db6	21.3148	0
6d32a4d3	21.3649	0
2544a941	21.3769	0
66261bb8	21.3514	0
5be49d16	21.4231	0
4a52801	21.4298	0
57aa97de	21.4348	0
6e16c30b	21.8817	0
32543f15	21.8762	0
44e1fca3	22.017	0
553cb3a1	22.0701	0
3f201744	22.1038	0
402fd2ef	22.1612	0
41f22aa4	22.2196	0
3db9a0e4	22.2486	0
3875a37f	22.2669	0
4411cff9	22.2832	0
5286c6c7	22.3116	0
7f2fe030	22.3719	0
4a231e0e	22.383	0
65c6d8e8	22.4119	0
e9a0cdd	22.4726	0
589e6ba1	22.795	0
63207b80	22.8348	0
7ed113bb	22.8415	0
53725f	22.856	0
4df0d0be	22.8625	0
e3271d9	22.8785	0
292bb47a	22.9064	0
7d72de8d	22.899	0
6e1df760	22.9261	0
2ee26749	22.9201	0
7a4240c7	22.9566	0
4de2d571	22.9601	0
5b0e68cd	22.9919	0
7f230ca7	22.9938	0
52ff13cf	22.999	0
1fa5dde8	23.0107	0
1344fcc	23.0147	0
31df6c42	23.0395	0
40905617	23.0336	0
5a12554f	23.0467	0
2457f705	23.0625	0
631016f1	23.0708	0
77d8f069	23.071	0
26d132fe	23.0805	0
613281f9	23.0677	0
cbbedf5	23.0752	0
65410c0c	23.0556	0
25f0efc2	23.101	0
efb911a	23.1033	0
6345b5c9	23.1118	0
138f4fb	23.1062	0
5389b451	23.1268	0
7a26cf15	23.1254	0
309277d7	23.1138	0
277b8a8e	23.1119	0
53397e1d	23.1205	0
280eff4	23.1275	0
4a31908f	23.1326	0
214251da	23.1219	0
1808038	23.1391	0
48adb629	23.154	0
71322a7b	23.1535	0
6c1df3a	23.1315	0
21b4b161	23.155	0
2dfa8474	23.1653	0
71a5d8ef	23.1502	0
116cbb09	23.1701	0
6bee184b	23.1475	0
1aba62d2	23.17	0
4fa77520	23.1743	0
7a52c0e5	23.1579	0
263fb15d	23.1471	0
2be2b22b	23.1559	0
4ddb897a	23.1787	0
7ec9fb2c	23.1852	0
34a5513b	23.178	0
d291617	23.1823	0
27cd3ca2	23.1908	0
352cfd0b	23.1934	0
20d711e9	23.173	0
5437387d	23.2064	0
310ed949	23.1869	0
19974b69	23.2052	0
692fc768	23.207	0
56ebf958	23.2075	0
14a444b2	23.2148	0
65fd09e5	23.2088	0
2ae47e3d	23.2141	0
16bd11d4	23.2302	0
8ed359f	23.2321	0
68018db6	23.2478	0
72d86a96	23.2482	0
9078d88	23.2496	0
3ed8d822	23.2419	0
6c7289c3	23.2446	0
6b1aad1a	23.2476	0
3aeda5f0	23.2515	0
47920bf7	23.2738	0
c33967	23.291	0
44a1b75a	23.3084	0
5be13a0f	23.3022	0
410b23bc	23.2785	0
1d3fb8b6	23.3507	0
31456e4e	23.3912	0
d6c1527	23.4178	0
42aaf2b2	23.839	0
603c8815	23.869	0
1c8916c3	23.9726	0
1d5f32fc	23.9979	0
577322fa	24.0273	0
647a2a8a	24.1086	0
5d0fd2d4	24.1099	0
48a71d4a	24.1152	0
131f2c5d	24.1517	0
2bc94598	24.1657	0
38fd4138	24.1699	0
a49befa	24.1732	0
227797a	24.1592	0
22101c5	24.227	0
60c74157	24.2301	0
c1bc8b6	24.2362	0
247e6a30	24.2368	0
643f036e	24.2551	0
43443b6a	24.2596	0
11c390a7	24.2627	0
66a462d5	24.2629	0
1dd0cc1e	24.2552	0
47d7b51c	24.2624	0
42b02265	24.2858	0
1763d9f2	24.3084	0
7ca3170a	24.3127	0
2faa8c6	24.3384	0
567079b8	24.3582	0
28ea1817	24.2937	0
6769326	24.3536	0
3d867dba	24.3733	0
4396f589	24.3815	0
5b0b502b	24.4174	0
1b4158e5	24.4767	0
6475fca6	24.5529	0
2cb7e726	24.5782	0
393cfe0c	24.6552	0
2696fc1a	24.8789	0
1dd7e546	24.894	0
4d8b39a2	24.9109	0
238ec084	24.9201	0
5bd5661	24.9284	0
3001b25c	24.9254	0
148b91d6	24.9479	0
7cb84a98	24.9614	0
c0e89bc	24.9585	0
4d6b9616	24.9508	0
4ebe4a20	24.9466	0
6418cb57	24.9775	0
1965cb63	24.983	0
23f75ecd	24.9844	0
26bc0dde	24.9773	0
6e581068	24.997	0
38bbd9a4	24.9923	0
1fd28b63	25.001	0
54aaeb2f	24.9486	0
36acf781	24.981	0
62191a8d	25.0174	0
1e31c239	25.027	0
379488f7	25.0346	0
5ec973c1	25.0313	0
45c9233a	25.0387	0
4174b988	25.0489	0
73955366	25.0374	0
260938b1	25.0645	0
650207d8	25.0421	0
64fddf9f	25.0727	0
7b5ff862	25.0693	0
66dd9669	25.0778	0
7dfa3041	25.0698	0
7876bd67	25.0893	0
190a5822	25.0852	0
3beb14	25.0983	0
68a3a888	25.1079	0
18db7be9	25.1007	0
6d3e519a	25.1042	0
22595d5	25.1147	0
7b906f67	25.0531	0
347cf60a	25.0975	0
775b48b5	25.1115	0
2da3706f	25.0859	0
65fc0247	25.1182	0
6babd19	25.1099	0
1951ca11	25.117	0
c33285f	25.0677	0
2eb1641	25.1323	0
1ff8d324	25.1464	0
687a626d	25.1416	0
136b66f9	25.1645	0
11bdf643	25.1669	0
baa2acc	25.1564	0
6b41bb46	25.1693	0
2a93e1af	25.1639	0
2f577d89	25.1602	0
2a98e50b	25.1712	0
238bbc7a	25.1837	0
73c009e2	25.1765	0
15a570ff	25.1915	0
365cd9ea	25.1876	0
433a7f07	25.1845	0
120776e1	25.1909	0
472d17dd	25.1781	0
1895c49f	25.2031	0
6eb28c66	25.1957	0
23b6f294	25.1924	0
28bb037	25.2067	0
1ae07892	25.214	0
6082c679	25.2121	0
1795c32b	25.2175	0
2856ae58	25.202	0
32a56d9a	25.206	0
14e5fbb9	25.2222	0
a94780c	25.2002	0
4832123f	25.2168	0
797bb762	25.2301	0
2bb10282	25.2312	0
281ba499	25.239	0
7f220d12	25.218	0
79d87206	25.2293	0
4dbda0e8	25.2376	0
6e12f7bb	25.2354	0
38a9544a	25.2347	0
63568a53	25.2531	0
7f2840b5	25.2582	0
4aeb0077	25.2605	0
7bacf487	25.2633	0
5486ba01	25.2761	0
3cf11f52	25.288	0
5bdf0c15	25.3287	0
f4d015f	25.337	0
4fe27bde	25.332	0
2aa58720	25.3376	0
7eeec1ba	25.3566	0
5365cc3d	25.3397	0
32565998	25.3877	0
1fd9845c	25.3902	0
21195a8	25.3824	0
595aeb61	25.4749	0
4d4d35	25.8726	0
b96b3f1	25.9865	0
5fa8e270	26.0839	0
14a29c8c	26.1181	0
1f6e5a7b	26.1268	0
67f28c4	26.2125	0
34ec0560	26.2546	0
321d42c5	26.3476	0
38ad0f77	26.7857	0
8ca0191	26.8818	0
1329aff7	26.8837	0
494f76f9	26.9283	0
6b34f06	26.9333	0
6b26942e	26.9486	0
41035c09	26.9687	0
284ba60b	26.9781	0
47a9d36f	27.0178	0
1122fc9d	27.0772	0
5a238e61	27.0817	0
32148a89	27.084	0
1eb50344	27.0745	0
1b4e820d	27.0988	0
209357e9	27.0896	0
447ea348	27.0952	0
44471ea4	27.092	0
40f3cd85	27.0835	0
3cba9d76	27.1226	0
32c03034	27.1298	0
4b79b866	27.115	0
4e4f6399	27.1284	0
66a3f718	27.1365	0
4f19c77e	27.138	0
703ceae8	27.1359	0
43e5db31	27.1397	0
5def1ca2	27.1576	0
69b925ce	27.1657	0
6b6b5f	27.1523	0
54b7d1ec	27.1558	0
1a2f79e6	27.1765	0
22f1109a	27.171	0
7450362c	27.1343	0
79c09c4a	27.1543	0
1798586c	27.1674	0
256ff884	27.1642	0
24070f40	27.175	0
6f0fd32e	27.1524	0
1eb8d3e8	27.1819	0
354f8740	27.168	0
35440183	27.1954	0
f4ec408	27.2089	0
28fc3e7d	27.1987	0
4d2478cb	27.19	0
7d67889d	27.2181	0
2b1d9a14	27.231	0
13246812	27.2326	0
6ac60b5c	27.2154	0
63ed5799	27.2436	0
cb786f	27.2365	0
596ab7e5	27.2395	0
53de61c4	27.2526	0
53beac2f	27.2352	0
5ba2f0a8	27.253	0
3d4ffbbe	27.2694	0
670fd1ed	27.2117	0
36634bc5	27.2797	0
6786ac2c	27.258	0
7364e09f	27.2701	0
189522e	27.3159	0
3f46cf2c	27.3203	0
3b6fc433	27.3021	0
58d9985a	27.3156	0
7fa8190f	27.2967	0
1cb9bf88	27.3244	0
630b9a30	27.2928	0
6ab17a3	27.4065	0
c4d8810	27.5189	0
bfadda7	27.5875	0
2d441a32	27.6495	0
1f22d98b	27.7696	0
6afcec3a	27.8194	0
2ca8a672	27.7693	0
5752688b	27.8532	0
4cf13e4a	27.9138	0
536e3daa	28.0084	0
25692d73	28.0251	0
614bb471	28.0355	0
119ce03a	28.0423	0
4cf27dd4	28.0505	0
1f1796df	28.057	0
4123286d	28.0748	0
8a7be70	28.0895	0
4d29e350	28.1093	0
64de6e19	28.1428	0
4651a8	28.1885	0
ae39333	28.1584	0
388ab095	28.1936	0
6b362082	28.1977	0
47978256	28.1833	0
3713ddc8	28.2143	0
5ee32c0b	28.2387	0
7372dabb	28.2402	0
431210ef	28.2163	0
77a2eb50	28.2806	0
3ee1c29c	28.2844	0
ae87cd3	28.2768	0
298c9012	28.363	0
4f81258d	28.4156	0
1adf7f2	28.4613	0
790f7c30	28.5232	0
4cb392cc	28.5973	0
640aa9ed	28.725	0
724e5f08	28.7273	0
5e2c6f6	28.7738	0
16871cba	28.8255	0
23752b5f	28.8411	0
2b22e747	28.9167	0
5eed08ba	28.9543	0
6ce8ebf3	28.9602	0
4d7ccb9f	28.9888	0
f48bad0	29.023	0
4132fdef	29.0298	0
121cd535	29.041	0
4fc69bc	29.0332	0
c27137e	29.07	0
3de7bd76	29.0627	0
7a26ca83	29.0821	0
2326d925	29.0553	0
385f9a6c	29.0941	0
34890b26	29.068	0
6494988a	29.0522	0
5ad6e1e9	29.0976	0
1c1d3f90	29.0965	0
29aee903	29.0862	0
564ac874	29.0932	0
6ecee1ba	29.1162	0
48d651a3	29.1329	0
5ace981b	29.1303	0
2396c5b4	29.1476	0
49e9e62b	29.1482	0
318b4363	29.1468	0
6cccca44	29.167	0
6ade4609	29.1752	0
762e6875	29.1788	0
228c44c	29.1586	0
59725848	29.1729	0
717b199e	29.2033	0
3e72fcfe	29.1952	0
431a997a	29.2033	0
5d0f36ea	29.2173	0
3df9221	29.2261	0
5b0c802d	29.217	0
6ea5b295	29.2103	0
722377a8	29.2304	0
45e63877	29.2344	0
792d584d	29.2168	0
32fcf0c6	29.229	0
3e1c61b4	29.2425	0
5eea5f07	29.25	0
36acd011	29.2656	0
273fa174	29.2539	0
11ce3677	29.2499	0
54095460	29.2736	0
304df30f	29.2547	0
4ac4901	29.2761	0
5b624000	29.3226	0
51356310	29.2889	0
10b4b2f6	29.3842	0
17d9a3a0	29.6236	0
1aabdfa	29.8357	0
6bbad49d	29.8265	0
6356736c	29.8628	0
67ade150	29.9233	0
d2ec387	29.9511	0
74063069	0.017	1
6203d6aa	0.1664	1
57f03e97	0.6042	1
1383e023	1.6772	1
52ce50fc	1.8679	1
519cffb0	1.8878	1
2050bb69	1.9565	1
285a377a	2.2042	1
f7c534d	2.2175	1
2b0e297d	2.2419	1
776e9657	2.247	1
7d51c3d	2.2922	1
7ed13028	2.3332	1
d5f3b9f	2.334	1
6d45397a	2.3439	1
5bb5b2d3	2.353	1
7f6122b6	2.3521	1
45e7a197	2.3665	1
360b1771	2.3821	1
86bae64	2.3789	1
55664995	2.3897	1
71f0588e	2.3972	1
27dbf563	2.3887	1
11bec799	2.4273	1
43a8ccef	2.4197	1
3ceacaa1	2.4404	1
a6148ae	2.4682	1
732afe02	2.4914	1
1a42fa73	2.4884	1
66e57ecb	2.5023	1
170ee8c4	2.5052	1
77238ad7	2.5017	1
1862b27a	2.5081	1
513cdbaa	2.5057	1
6bc8d629	2.5144	1
30c99b87	2.5152	1
2b8714d3	2.5169	1
6402ffef	2.5104	1
2a9de4be	2.4983	1
7cea5b44	2.5262	1
273ccf7b	2.5282	1
29aa1dc9	2.5076	1
213bfd98	2.5082	1
1222074	2.5385	1
7e1b6e0a	2.5366	1
53015488	2.4954	1
fed8ce1	2.5409	1
26186bb9	2.5499	1
9fe4f7a	2.5638	1
27b06d50	2.5628	1
aa87810	2.561	1
c928bb0	2.5681	1
21f2f9c6	2.5695	1
6f7ff3c7	2.5596	1
69bff03b	2.5755	1
5e8365d8	2.5796	1
7550d3a3	2.5833	1
3d7c7c32	2.5753	1
7ddc5d69	2.5874	1
7a16061d	2.5823	1
4126889e	2.6001	1
23660cee	2.5941	1
69d88bde	2.6052	1
68ea2f21	2.6388	1
445f842	2.6383	1
48c18245	2.6368	1
6f462e4b	2.6453	1
4f95bd4e	2.6464	1
38f45158	2.6633	1
3877f79b	2.6682	1
2f99e22b	2.6438	1
209170ac	2.6842	1
7278265c	2.6608	1
29eb659a	2.6978	1
76268d88	2.6954	1
3128fc5c	2.7005	1
4b2fd971	2.6928	1
52cb4949	2.705	1
23f65922	2.7178	1
76e7efad	2.7211	1
46acb927	2.7296	1
57aa42ae	2.7196	1
6ebbb633	2.7276	1
550a37ec	2.7385	1
fad9c8	2.7449	1
7945344	2.7636	1
1fd02388	2.7595	1
215f8638	2.7655	1
19af9573	2.7625	1
4123cd1f	2.795	1
789e7124	2.8032	1
5212a0e2	2.8049	1
7db63064	2.8184	1
35201b65	2.8168	1
3da015f0	2.8167	1
3280d00e	2.8205	1
923da82	2.8189	1
2583ed81	2.823	1
40408a0a	2.8312	1
4ca30a1c	2.8262	1
6bd0e866	2.849	1
5e57818	2.8549	1
c75268d	2.8558	1
23edb7c3	2.8308	1
6cd588c3	2.8599	1
153453c0	2.8695	1
730e74ed	2.8824	1
47db1093	2.9069	1
8f2fd93	2.8921	1
6583364b	2.9187	1
ec43b03	2.9439	1
60f71fce	2.9544	1
365e5ed2	2.9428	1
2d3a3886	3.0353	1
4398e6db	3.0484	1
2423dfd0	3.0422	1
47d9b25f	3.0584	1
55c76a16	3.0833	1
58e6cf58	3.2388	1
180556d9	3.3095	1
15c13bc3	3.3082	1
1ed0b195	3.3219	1
4cd67977	3.3376	1
72aca7e4	3.4298	1
5d0bbeb8	3.4686	1
600a6f67	3.4892	1
759c5ee	3.534	1
1b802e7f	3.5738	1
4787ad62	3.6114	1
7515da6b	3.6749	1
5632c604	3.6952	1
290c5f6d	3.7267	1
11d426d6	3.7242	1
633c7fc7	3.7389	1
5a3b8e59	3.7638	1
458ec340	3.7705	1
61c117ab	3.8088	1
3a85ca44	3.8199	1
329fca4e	3.8319	1
67ae4eca	3.8412	1
6e70ce02	3.8635	1
96ec9be	3.8678	1
4d7b389c	3.8711	1
3359faa9	3.9136	1
54f3acf5	3.927	1
62af71af	3.9132	1
e16d6e7	3.9492	1
fa6b66b	3.9498	1
6d25503a	3.9643	1
39cbf916	3.9625	1
da0c65b	3.9643	1
282bf0d	3.9786	1
2925e7fe	3.9858	1
c5a7ffb	3.9801	1
7017dda	3.9887	1
494d9190	3.9532	1
58a4c94f	3.9737	1
47402008	3.9931	1
628b738a	3.9605	1
78c12f62	3.9905	1
32befaca	3.9742	1
2af386a8	3.9931	1
252315d8	4.0125	1
3f2785d5	4.004	1
658cb747	4.0178	1
27cd98ce	3.99	1
6f9217ea	4.0039	1
625d089b	4.0024	1
14df345a	4.0196	1
66aa4760	4.0256	1
2d98bda9	4.0285	1
10d6148e	4.0262	1
6045127d	4.036	1
64a71b23	4.0218	1
d787bc1	4.0456	1
52d8b877	4.0427	1
3f24ceda	4.0645	1
3ed07448	4.0648	1
1d0e66c2	4.0856	1
67a68ee9	4.1036	1
492accc9	4.1082	1
65751651	4.1107	1
77d10eb2	4.1087	1
66b18172	4.1171	1
47675ce1	4.1219	1
2955037c	4.1221	1
518bbd23	4.1281	1
252dc688	4.1297	1
14549bbc	4.1321	1
57c79e78	4.1168	1
267a57c	4.121	1
586d5370	4.1495	1
361d469a	4.1559	1
773381be	4.1515	1
7c9910ed	4.1413	1
2abcaa7a	4.165	1
45bbc08c	4.1679	1
298941b5	4.1775	1
62515b24	4.1782	1
615c322	4.1735	1
f255084	4.2113	1
51a20959	4.2121	1
1a56b4c9	4.2015	1
369ec747	4.1983	1
2177320d	4.2095	1
1a776995	4.1332	1
690c035c	4.183	1
1793622b	4.2456	1
6d16ae7d	4.2367	1
28bc57bd	4.2227	1
49479155	4.2524	1
12deecd1	4.2537	1
489a6c2b	4.2624	1
76beb40d	4.2556	1
679cc119	4.2587	1
4e0382f1	4.2672	1
3a3be11	4.2691	1
77968c76	4.2823	1
d112146	4.2829	1
6324f090	4.2735	1
4f5472a7	4.2865	1
72a5e4b1	4.3018	1
25c52903	4.3116	1
7c055803	4.3027	1
dd383d8	4.3167	1
64e59049	4.3188	1
50eeb8af	4.3093	1
5d0c7548	4.3403	1
3c44b2ef	4.3436	1
1e46ecf2	4.3376	1
4ee58d59	4.3273	1
149318c9	4.4089	1
4f73fdb6	4.4037	1
58737e7c	4.4282	1
45649c5c	4.3979	1
5a2b615f	4.4565	1
5b683ddd	4.4817	1
1efbbaf6	4.5066	1
7ca29e67	4.5324	1
64d9ffaf	4.557	1
28bbc0d0	4.5633	1
5cfb71a	4.7304	1
29e5f9f4	5.2856	1
3271ef04	5.4146	1
7db6f3e6	5.5248	1
306d528e	5.5416	1
1f41bf59	5.5619	1
6ab5800b	5.5572	1
4b31da3c	5.5589	1
41f1aee2	5.5856	1
7cb39df8	5.5746	1
a7bd3e3	5.6357	1
10027a7d	5.6121	1
165bb5f2	5.6485	1
2fa2d9d4	5.6401	1
80f5fe7	5.6655	1
1adc7928	5.6962	1
28c3d937	5.7036	1
2c3086c3	5.7269	1
4897370c	5.7413	1
1a8c8d95	5.7657	1
5373326b	5.7518	1
1cfdaa81	5.7595	1
43b1c4c3	5.7925	1
643792de	5.7802	1
195de2d7	5.7988	1
29b122b8	5.8154	1
65ac0c28	5.816	1
1f027e6d	5.8456	1
440de2a1	5.7947	1
5680a67e	5.8449	1
16373339	5.8426	1
27caf163	5.8433	1
7ecd07fb	5.8647	1
1e7c71c9	5.8563	1
43455d5f	5.8958	1
586886e1	5.897	1
34ac0657	5.902	1
59773396	5.9302	1
363989de	5.9278	1
7d710ff8	5.9425	1
1527ed9	5.9507	1
1ddc5859	5.96	1
204724b3	5.9551	1
7a2da96	5.9772	1
7127292c	5.9998	1
788268b7	6.001	1
45e17019	6.0348	1
11404613	6.0591	1
6b9a5ba9	6.0558	1
2e791cd	6.0751	1
4462c818	6.1459	1
2e1f509f	6.1057	1
c4972d5	6.1436	1
10df933d	6.1633	1
40ba44f9	6.1802	1
391415a7	6.1955	1
16bce211	6.2052	1
5aaf529f	6.2083	1
44b1856e	6.2319	1
1463ad4e	6.2318	1
6a234a2	6.2492	1
602e2b29	6.2742	1
6358b2d7	6.2749	1
6e48bfbd	6.3136	1
30e3cc54	6.3238	1
13bffcbd	6.3474	1
2c53f8c3	6.3805	1
430a83f5	6.3508	1
1ddd10a1	6.4232	1
5c3878c6	6.4184	1
40cc059a	6.4564	1
4bb62f2	6.5168	1
14cf984f	6.4832	1
672a1c9f	6.5164	1
5efd4f3	6.5374	1
43ff9e35	6.547	1
3fc7918d	6.5283	1
15cbea69	6.5868	1
35c466a2	6.5897	1
30a57cc1	6.6179	1
b91b196	6.6175	1
577a61f3	6.6873	1
17e1bcb5	6.7133	1
7f7b1dba	6.7725	1
762ba7e9	6.7768	1
51475587	6.8147	1
2c0ed544	6.826	1
338a2103	6.8138	1
4f841c9c	6.8307	1
7340d204	6.8519	1
c100f8f	6.8616	1
9ca193b	6.8837	1
62639335	6.9016	1
66701011	6.892	1
5edc7a39	6.9546	1
102e104	6.9594	1
7bbc23d9	6.954	1
701ea573	6.9507	1
3394889	6.9727	1
73bdf30d	6.9899	1
20a635f	6.9962	1
98da339	6.979	1
11251893	7.0157	1
2223027b	7.0286	1
396c4626	7.0396	1
78637463	7.0776	1
2bb4ebe7	7.1056	1
167c74b3	7.1209	1
ff3c073	7.1329	1
52bf3f5e	7.1473	1
2903a733	7.1512	1
4dbfbd59	7.1267	1
75466e73	7.1201	1
243ba669	7.1672	1
594f08a4	7.1787	1
73ce58ca	7.1964	1
44de54e5	7.2371	1
2d45efc6	7.2338	1
4b5bf678	7.2593	1
5d5ce62d	7.2222	1
68dacca2	7.2723	1
47ccd825	7.255	1
783332ae	7.2763	1
6f392f14	7.2955	1
2f8319d1	7.3137	1
36478eea	7.3315	1
4086455a	7.3347	1
40bbe8e8	7.3338	1
6a8a0fe5	7.3405	1
4f37811	7.3586	1
3095857f	7.3172	1
50bf3ffd	7.3728	1
5b0f79d0	7.3768	1
8c3c9ee	7.3971	1
2a30ce9f	7.3716	1
cac3768	7.4197	1
73be8c1	7.4192	1
29e6e3c9	7.4256	1
34e06ea5	7.4184	1
5e345bf4	7.4354	1
6e49662d	7.4273	1
8fbd3ea	7.4555	1
3b72d9a9	7.4537	1
34a406f2	7.4505	1
184823bc	7.4475	1
73ee6394	7.4675	1
669e2d4e	7.4771	1
367e04fe	7.4837	1
74b1dc82	7.5006	1
4cb2e778	7.4879	1
52260e6d	7.5151	1
29bcfcfe	7.5115	1
1d50e719	7.5138	1
940f619	7.5267	1
244317d9	7.5209	1
fb201ee	7.5348	1
555ecb7a	7.5078	1
65d68488	7.5187	1
3139f49	7.5447	1
45fa1c8	7.5476	1
51eaf445	7.5324	1
1c2f901a	7.5517	1
6c67976a	7.5621	1
46b747	7.5512	1
35e4278c	7.5638	1
1b604443	7.5676	1
630567ac	7.5725	1
1f5fec3c	7.5762	1
22b6cfb6	7.5743	1
629e713a	7.5741	1
1046e94d	7.5791	1
4143d392	7.5713	1
7067304d	7.6054	1
2a71a0cb	7.6095	1
29445b79	7.5998	1
6b7d8ab7	7.6088	1
368da10	7.6144	1
6077ba0d	7.6197	1
44cd1de4	7.6111	1
4bf8bc51	7.5776	1
b7e548a	7.638	1
e514d34	7.6403	1
5fe21066	7.6254	1
5467916d	7.6248	1
19e67dd8	7.6675	1
47b03fa3	7.6718	1
69f2b8ef	7.6718	1
34a2bebc	7.6712	1
87eb0d9	7.6521	1
21a5d0b5	7.6485	1
2afb89ab	7.6613	1
5f1d92ee	7.7012	1
6ee4cc82	7.6944	1
200522b2	7.6998	1
11abac1b	7.7043	1
e41bd1	7.7117	1
1fb95250	7.6963	1
633cd0a7	7.7232	1
f13c6d2	7.7481	1
5af29fbb	7.7433	1
672b8588	7.726	1
10f22b0b	7.762	1
756a6e96	7.7485	1
7fccaf8a	7.7827	1
39bd4a9f	7.7905	1
4e41a8a1	7.7861	1
6ef10591	7.8139	1
4f8f183e	7.8336	1
75870846	7.8172	1
668d6568	7.8474	1
273fa28e	7.8368	1
89fc735	7.8548	1
3141cfb4	7.8898	1
3b479eea	7.9105	1
5b117845	7.9245	1
4a7d105d	7.9306	1
24dd44c7	7.8828	1
50bfbbe5	7.9151	1
71eadd82	7.9322	1
651df7b6	7.9492	1
23f8726b	7.9465	1
3cec45ca	7.9363	1
e84c619	7.9593	1
296bd2bb	7.9519	1
4dc4d019	7.9953	1
495e1a89	8.0039	1
268dac93	8.0058	1
4719f9c3	8.051	1
31800dd3	8.0608	1
5418fdb2	8.069	1
16ab18f	8.1293	1
3985a241	8.1577	1
79ba0bb0	8.2705	1
5f705c4e	8.4347	1
559a1c05	8.575	1
654433cb	8.6828	1
1728f5ff	8.8986	1
48cf9cc4	8.9475	1
60994677	8.9621	1
70414689	8.9711	1
1008867a	9.091	1
5577b9d0	9.1448	1
9c7a993	9.1468	1
567c16ad	9.1816	1
36fa7427	9.1839	1
26d5c9e4	9.1809	1
dcd1b54	9.223	1
524f4032	9.2261	1
18e5e7c9	9.2208	1
7e02bd95	9.2482	1
c0032a2	9.2646	1
65135fb1	9.2746	1
6c844d8f	9.2926	1
3b665cf7	9.2759	1
2cddd9f9	9.3059	1
5adb783	9.3078	1
42dcc40d	9.3062	1
43884f14	9.3058	1
46ed5c8e	9.2968	1
35f9f4d1	9.3318	1
23f44474	9.3232	1
6aaa2816	9.3333	1
d435b9e	9.3062	1
43e67e84	9.3484	1
5eabe060	9.3441	1
4afd0085	9.3372	1
2836036f	9.3455	1
458e03e	9.3497	1
28d958	9.3488	1
259ab2e4	9.3466	1
45b329ae	9.3582	1
574a5fee	9.3504	1
14e4f97c	9.354	1
349fbc6f	9.3679	1
e3fb961	9.3519	1
6a159eed	9.3626	1
34e70618	9.3701	1
37bd5a6a	9.3699	1
de1042	9.3664	1
3735bd0a	9.3615	1
3c2c0a53	9.3191	1
2542b796	9.3851	1
776e0cf3	9.3707	1
6027e769	9.3863	1
5356c960	9.387	1
7bf8b0a7	9.3891	1
2ed867d3	9.3536	1
2b7c8709	9.3965	1
4f456113	9.3983	1
6c1cbb8d	9.3987	1
2befce27	9.3895	1
af5c936	9.3935	1
78e014b	9.4052	1
25546ff5	9.4067	1
61690c42	9.4119	1
72b68240	9.4149	1
5bad8eb3	9.4224	1
126b0c5f	9.4211	1
94c073d	9.4187	1
17b7cb42	9.4131	1
5b5a5b6f	9.4319	1
60a8581f	9.433	1
a35d2c7	9.4363	1
57072fa8	9.4362	1
207916af	9.4288	1
3bea902e	9.379	1
67d17d9b	9.4386	1
790d43b5	9.4189	1
178ac787	9.4234	1
6bcce1eb	9.441	1
1ce19161	9.4505	1
39f3fdd4	9.4415	1
21d2fc8	9.4618	1
27cbcc9e	9.4512	1
197766e5	9.4552	1
1adef68	9.4296	1
37edcdeb	9.4651	1
7e21e094	9.457	1
350046a9	9.471	1
5db88c4b	9.4623	1
67a0270b	9.4463	1
1deb7755	9.4742	1
7753ff0b	9.4706	1
78f67382	9.4865	1
75ab17d4	9.459	1
1cc02de3	9.4667	1
10d91d7d	9.4838	1
57a3ec3c	9.4873	1
7401d847	9.4843	1
40acfa0c	9.4813	1
37f4e3ce	9.4895	1
475cffc4	9.4945	1
7a88b597	9.5043	1
425e3ba0	9.5104	1
fac1097	9.5044	1
17c666b7	9.5194	1
7081d999	9.4999	1
577dd84a	9.5151	1
1c80786d	9.497	1
2352b254	9.5237	1
49c585ce	9.5147	1
7a789134	9.5192	1
7d09f826	9.511	1
2aaf9541	9.5099	1
5f138e45	9.529	1
67b5c1bb	9.5239	1
75e5d5e1	9.5384	1
394dba79	9.548	1
b37d935	9.532	1
51341b3b	9.5761	1
30310282	9.5502	1
630c5155	9.5479	1
68850c57	9.5644	1
29f293d6	9.581	1
99350af	9.5906	1
64376e68	9.5872	1
61803d01	9.5945	1
6ba83baa	9.5991	1
6b8e8fda	9.6247	1
70204858	9.6205	1
1fe7b63b	9.6146	1
32354360	9.6394	1
54f24dac	9.6775	1
6d8b1eb7	9.6925	1
71975a05	9.6812	1
333b369d	9.7195	1
2cff96e7	9.754	1
39b8dabb	9.8603	1
5890b797	10.2061	1
38be917e	10.2537	1
b782310	10.3723	1
f2e43e	10.5195	1
148e0621	10.5552	1
5d5b4e04	10.697	1
12404826	10.8052	1
29757d75	10.9385	1
7bbff814	11.0602	1
14b0534d	11.103	1
6262cd00	11.106	1
1ae1247c	11.1178	1
1f4ea63a	11.1202	1
670de6b7	11.131	1
1dbf2ae2	11.1342	1
7460c8ac	11.1408	1
4e07d225	11.1454	1
379d0dab	11.1564	1
236fd82f	11.1578	1
6dca5eb6	11.1683	1
2ff5aec5	11.2115	1
314af078	11.2238	1
41886f6a	11.242	1
32a63938	11.2527	1
1971aa0e	11.2199	1
5d032214	11.242	1
2c4b12d5	11.2696	1
b5f53	11.2792	1
628a1165	11.2716	1
6f53c3fd	11.2996	1
7eaa0982	11.2839	1
3dddf73f	11.2984	1
3471c2b3	11.3219	1
42a5e15	11.3275	1
243889fd	11.3272	1
e9829d2	11.329	1
3527c86a	11.3537	1
1e725828	11.368	1
6a8aa2ec	11.3845	1
218866dd	11.3521	1
6262b230	11.398	1
3abbceb	11.3959	1
39d20ad6	11.3807	1
679b56f8	11.3912	1
7a0b5ada	11.3987	1
36b8bae4	11.4014	1
614bf325	11.4135	1
79d4bd8c	11.4117	1
48222daf	11.4027	1
37d83805	11.4182	1
7eefa4e9	11.4173	1
1f382c60	11.4187	1
47fc8492	11.4055	1
18917d2d	11.4149	1
728619a0	11.3741	1
6608609a	11.4262	1
33b93d91	11.4287	1
202ae950	11.452	1
15b8789e	11.4646	1
374fbd18	11.4845	1
78141f5c	11.4954	1
2110f32b	11.5031	1
5ea523ad	11.522	1
6e5a1155	11.4975	1
389df995	11.5338	1
7f439b3a	11.5327	1
1df3befa	11.5406	1
492a6118	11.5427	1
7a80a7e3	11.5725	1
d71b664	11.5771	1
3d8f2056	11.5826	1
285d7999	11.5828	1
153ec0b3	11.5622	1
5086a58b	11.5905	1
1430eb8a	11.5917	1
1bb59938	11.5892	1
65a7da9e	11.5989	1
a03071a	11.6122	1
5ee8ae88	11.6296	1
34ea19f0	11.6336	1
27296164	11.6518	1
419c8aad	11.6563	1
7ee51a4b	11.6572	1
6e120959	11.6598	1
3dd5a877	11.6941	1
53837418	11.7176	1
3732c087	11.7303	1
1d98b547	11.7222	1
38e03a4e	11.7341	1
41106ede	11.7458	1
6152a585	11.775	1
60b0690b	11.7795	1
40a10752	11.8385	1
66f77ced	11.8357	1
5a58af47	11.8918	1
4fd32dc4	11.915	1
45ee38c5	11.9291	1
153cbd8b	11.9188	1
17b84ea6	11.919	1
78e91c7b	11.9622	1
116e876	11.9572	1
697cf9d4	11.9749	1
55d16f67	11.9645	1
527cd0e0	12.0108	1
63018c8e	12.0598	1
58c25d8b	12.1179	1
455a0a0b	12.1616	1
246c9f1a	12.2526	1
79eb602a	12.2847	1
12ca100c	12.3206	1
7f26d3a1	12.3292	1
fc30d68	12.3405	1
246555fc	12.3851	1
38c08881	12.3367	1
3bbc3905	12.4707	1
37557504	12.6033	1
539474af	12.6731	1
3303792f	12.6688	1
79f6b658	12.6865	1
1aacfda1	12.7072	1
33212af7	12.7145	1
624f36c3	12.7308	1
36b8582	12.6959	1
3837153	12.7431	1
6be9f457	12.7397	1
1cb1f3d8	12.7505	1
3b0b3ed0	12.7362	1
60be0d90	12.7933	1
2bea2f14	12.8063	1
5a7a5f95	12.8258	1
397d8ec8	12.8319	1
e2252d9	12.8422	1
3eabb405	12.8813	1
134d1e2c	12.8907	1
4b812401	12.8872	1
2698060d	12.8963	1
ed00c71	12.8999	1
31bc8e17	12.8996	1
3cec68d0	12.9031	1
3ee03db9	12.9207	1
38e972b8	12.934	1
284448e7	12.9056	1
9313ecc	12.9444	1
f87768f	12.9256	1
1f5fc716	12.9481	1
1572a597	12.9327	1
39759d7f	12.9383	1
2f42cdfd	12.9602	1
1567637d	12.9671	1
5ae2054f	12.9754	1
3700b299	12.9562	1
4e8539d3	12.9824	1
4ab3a63d	12.997	1
3274693c	13.0041	1
5ac2a8d3	13.0082	1
10a17a2	13.0065	1
49689349	12.9893	1
f84b4d8	13.0126	1
74e0aef4	13.0247	1
556d03db	13.0304	1
35fcb3ff	13.0356	1
7197bdf7	13.0327	1
46a82d2e	13.0198	1
601979ba	13.0441	1
61c58fcf	13.0505	1
21d10f1a	13.0404	1
60429793	13.0537	1
2afe4a00	13.0483	1
7b24d954	13.0472	1
2754593e	13.0685	1
2bfa88	13.0682	1
701f2d4b	13.0716	1
354b4008	13.0715	1
2f5df9b	13.0702	1
316acc19	13.068	1
345e043	13.0846	1
42d69eb0	13.0385	1
2aa3b199	13.0946	1
5173be93	13.0977	1
3c980ff0	13.092	1
3445e257	13.0965	1
438d4b75	13.0877	1
268d2eec	13.108	1
2cb66ab3	13.1051	1
94218d9	13.1076	1
4889f714	13.0982	1
1df7fd87	13.1213	1
13945812	13.0846	1
7a328c23	13.0862	1
72b0f22b	13.1202	1
2b1d8fce	13.1352	1
48bcb406	13.1334	1
18c9b50a	13.1252	1
268634cf	13.1263	1
6f34fb65	13.1472	1
29520c9e	13.1373	1
1bcf87f6	13.1498	1
6811dffc	13.157	1
244d77ec	13.1416	1
54a08ec9	13.1556	1
21e6dc7e	13.1576	1
737ff927	13.1656	1
c39d905	13.1697	1
5ca1e16b	13.1319	1
51e02562	13.169	1
e189340	13.1839	1
1660bda	13.1829	1
7eee1f23	13.1871	1
1a435593	13.1937	1
37a64149	13.1948	1
48ea8370	13.1911	1
3489366c	13.1876	1
2634de36	13.2019	1
6abd6587	13.2178	1
1745c5c8	13.2208	1
10e0c10d	13.2319	1
6b737d2f	13.2115	1
5128ddb	13.2416	1
6682c888	13.2443	1
63483714	13.2473	1
47965b3c	13.2321	1
75ee9592	13.2544	1
d3a5967	13.2591	1
13f26097	13.2356	1
4596e8bb	13.2668	1
3867f626	13.2507	1
5574e027	13.2739	1
624aaaac	13.2947	1
396aa04d	13.3051	1
61abf22f	13.3125	1
6691529a	13.3341	1
5c232e87	13.3273	1
40383e2d	13.3325	1
5e07d5d3	13.3458	1
7c48f616	13.3483	1
249020bf	13.3328	1
547586e2	13.3352	1
3744c4f1	13.3531	1
74db815f	13.3775	1
6b7ebaf6	13.3877	1
5ddce83d	13.3776	1
497283e5	13.367	1
54b88c9e	13.399	1
7e52087	13.3906	1
379bdc8d	13.4175	1
378089f1	13.4022	1
4f2a9def	13.4415	1
6f8c74c5	13.4685	1
1425b79e	13.4673	1
757f28c1	13.4318	1
42704718	13.4704	1
4ec37d2d	13.4188	1
3ccc7301	13.51	1
359989f6	13.5749	1
446f38fe	13.5536	1
518ee8ff	13.5905	1
ad69d46	13.6404	1
55cc58f6	13.627	1
7dbb063c	13.69	1
5ffe8e07	13.7552	1
6de69b76	13.8572	1
20d41a4e	13.9043	1
1c43b455	13.9965	1
38b74980	14.1367	1
28e7e006	14.5939	1
27fb7051	15.2707	1
29aeb66c	15.4915	1
691cfef6	15.9085	1
14fa8b40	16.0036	1
20fb2fa6	16.0336	1
5c81f4e7	16.1146	1
21459ef9	16.1299	1
7eedc5a4	16.1821	1
26022c3f	16.1882	1
4629e9db	16.2187	1
518fe9cb	16.2823	1
10b25731	16.2828	1
4a3f3ff7	16.2954	1
5f08d888	16.3058	1
7da81178	16.3944	1
7fb95d84	16.4378	1
758b2c64	16.4174	1
63f33d10	16.448	1
78e23398	16.4764	1
de09f6b	16.5005	1
741b59e0	16.4789	1
3e5aff51	16.5185	1
6cf0c47b	16.5469	1
1f32dc93	16.5538	1
7aa78750	16.5964	1
28bfe62b	16.5964	1
1c6972bb	16.5975	1
fe79f56	16.6135	1
58307f5f	16.6262	1
5855202d	16.6577	1
447d30e9	16.7054	1
111b3c8b	16.7252	1
2283db99	16.7387	1
2fc8bb31	16.742	1
3262afcd	16.8755	1
5355ca5f	16.8873	1
59dfbe95	16.8927	1
263b0490	16.9103	1
642032d9	16.9083	1
2d833db3	16.9235	1
4b3db97	16.9355	1
4b76a217	16.9684	1
46585410	16.9939	1
fad94cd	17.0439	1
27993d7f	17.0304	1
401e3927	17.0791	1
1d1f9bcd	17.0864	1
3e9a4447	17.0965	1
3413a7d5	17.1093	1
2f150758	17.0972	1
54b4fc0e	17.1765	1
39368f14	17.1592	1
54579560	17.1915	1
53011ff3	17.1844	1
73186f52	17.2307	1
285a6cea	17.2598	1
1c04cc9c	17.2767	1
5333384f	17.315	1
4919c4b3	17.3042	1
3a81506	17.3465	1
766c9385	17.3493	1
76cc0251	17.3438	1
53a9c113	17.3584	1
63a63315	17.3862	1
62605be6	17.4068	1
11bddc0d	17.4154	1
5092f303	17.411	1
70409d0a	17.4237	1
5b525da6	17.387	1
583b1698	17.4399	1
3e5532f3	17.4182	1
2259f03	17.4456	1
69bf9e5c	17.4679	1
432810c4	17.4676	1
39d4a4dc	17.4663	1
3e449df0	17.4708	1
7225a520	17.4701	1
638326	17.4825	1
4e24c89f	17.4834	1
77510bcc	17.495	1
285151e4	17.473	1
5db9e94a	17.4993	1
20dbf741	17.5049	1
2bf2646a	17.4572	1
20132080	17.5052	1
6c56bd45	17.4896	1
1e0283fb	17.5153	1
37e3c4	17.5187	1
6ef4e612	17.4954	1
34c47fbe	17.5125	1
4f2e20d7	17.5299	1
616eab52	17.5337	1
1d168c55	17.5182	1
250ad3d4	17.5393	1
39201eea	17.5417	1
164765d1	17.5112	1
593fc204	17.5453	1
6acae99e	17.5495	1
1723bcdf	17.5491	1
4f91940c	17.5538	1
69af3027	17.5543	1
3540106c	17.5784	1
2b05bb4	17.5793	1
ba33c2e	17.5801	1
273c7477	17.6013	1
23926e12	17.6012	1
1c3d225e	17.5794	1
75ff573b	17.6119	1
699b90c2	17.6291	1
71b43193	17.607	1
5cb74a3c	17.6385	1
8b21854	17.6432	1
7b03dcc1	17.6014	1
696cf492	17.6469	1
5de79c5	17.6402	1
4206b036	17.6455	1
7d5f25ea	17.6504	1
513e0326	17.6694	1
592e2ff6	17.64	1
68bcee23	17.6938	1
6495bca3	17.6783	1
66b5ec80	17.6862	1
31e1f8e2	17.7138	1
25bf3b61	17.7146	1
63fe556a	17.7127	1
2582bb5e	17.7118	1
171010ca	17.7268	1
7353d041	17.7408	1
1ece79aa	17.7666	1
736e2e99	17.7641	1
554c2087	17.7477	1
511a0173	17.7729	1
6d6513ba	17.7691	1
2bde2684	17.7621	1
35b5892f	17.785	1
23b1cd6b	17.8095	1
55b8e436	17.8269	1
7edc7afb	17.8264	1
59fd065f	17.8372	1
184d7e3b	17.8484	1
20270db5	17.8222	1
f1bc564	17.8479	1
718823f6	17.8959	1
6b5d867a	17.941	1
64eecdb7	17.9522	1
ee50ce1	17.9798	1
1def8f5b	18.0619	1
378dbbd1	18.0836	1
3c25b056	18.3237	1
4edf6b37	18.3519	1
6547906a	18.5422	1
3cefbdbe	18.5455	1
62570186	18.6991	1
3fcb79d1	18.7104	1
4471c16b	18.719	1
74e1e276	18.6552	1
46ff958e	18.7227	1
3ff61064	18.756	1
170b8560	18.7655	1
3ccaa97c	18.7764	1
b2735c2	18.7669	1
51394bb	18.765	1
81f5686	18.7795	1
39d18846	18.7858	1
3f52382	18.7858	1
191684ed	18.818	1
1ba801c2	18.8312	1
69064f03	18.7775	1
1449411b	18.8392	1
1e527295	18.8241	1
7970a8cf	18.8299	1
2ca99992	18.857	1
695f5b88	18.863	1
6653d475	18.8728	1
494d8118	18.8567	1
72083c5b	18.8736	1
a359377	18.8741	1
b12c4e1	18.8622	1
411d5963	18.9054	1
4a5c39d5	18.9168	1
7107d058	18.9292	1
1e01afee	18.9393	1
31c5b480	18.9585	1
2d384520	18.9469	1
3298af41	18.9627	1
2dea4002	18.9645	1
b5fe027	18.9535	1
4225071a	18.9585	1
5efe67ab	18.9452	1
617ad8ed	18.974	1
169b518e	18.9715	1
7917706a	18.9974	1
740315ab	19.0138	1
5e508bda	18.9989	1
525d77cd	19.0192	1
1eca32	19.0104	1
42a03cda	19.0273	1
35a01e2	19.0112	1
16d8b536	19.0361	1
1cc2d144	19.025	1
53639c5	19.0417	1
29641b80	18.9981	1
76c561ca	19.0436	1
4a3c507d	19.0585	1
22ee517d	19.0419	1
39f786e3	19.0627	1
544e913e	19.0524	1
aeaa6f2	19.0745	1
71d1750a	19.0665	1
7349d301	19.0469	1
73bef980	19.0857	1
1cf9d0bd	19.0938	1
4d0482f3	19.1111	1
35e76144	19.0765	1
1845993f	19.0723	1
52d26717	19.1116	1
17d9ac8b	19.1309	1
178d6bb	19.1479	1
211279d9	19.1325	1
3fd43656	19.1533	1
7a3187b5	19.1583	1
41d6619c	19.1534	1
408990a5	19.1739	1
6513a09e	19.1683	1
25916b8f	19.1815	1
4416f028	19.1844	1
37a97314	19.191	1
3749f966	19.1612	1
7e81b338	19.1912	1
4b402104	19.2168	1
7b736f48	19.2252	1
473f7046	19.2616	1
c181319	19.2658	1
5db83124	19.2687	1
7a640dba	19.2905	1
688f13cf	19.292	1
5e6ee672	19.2753	1
4a7de869	19.2624	1
591ca7e2	19.2948	1
2e0e8f77	19.312	1
31e2ff21	19.3209	1
554a2f59	19.3245	1
26283765	19.3356	1
ff86909	19.3786	1
133f455f	19.3813	1
4e8153e	19.4263	1
e6eb04d	19.4924	1
57db515d	19.7143	1
238ccca5	19.7219	1
2c00007e	19.7822	1
1054ccf5	20.0097	1
335a68a0	20.5829	1
7ab6f77b	20.7067	1
4983b0a5	20.6925	1
733612ca	20.7415	1
53698120	20.7438	1
7689bc1b	20.774	1
3d43d150	20.8406	1
17cc4be1	20.8352	1
2c9c1b2d	20.8396	1
1b6d48a3	20.9071	1
16abb7f6	20.9105	1
65338b3d	20.9173	1
3abeacc3	20.9104	1
2306f46	20.943	1
57de0ff4	20.9518	1
19a0f232	20.941	1
6bb9222a	20.9736	1
75206b47	20.9987	1
3dda71b6	21.0037	1
44a4ed84	21.0185	1
3804dad8	21.0567	1
2dc68482	21.056	1
7d1ea1c3	21.069	1
3de02657	21.0805	1
35df80db	21.0811	1
6b4c74f8	21.0994	1
3b9fd45c	21.1325	1
1f10f860	21.1373	1
1a77f3fc	21.1338	1
62463a80	21.1588	1
25edf901	21.1621	1
17cc23f4	21.1744	1
4c1675fd	21.1727	1
7b2e8df4	21.1815	1
37a13bef	21.1619	1
1c832db9	21.1892	1
2bda23cf	21.2093	1
54c6e238	21.2069	1
e62e2f1	21.2159	1
43872925	21.2211	1
d3131b6	21.2133	1
6bf2b8b7	21.2294	1
1e8fed15	21.2538	1
3a0ad3a6	21.2441	1
2d8db2d8	21.2682	1
6f5d4136	21.2687	1
246b7d60	21.2842	1
2163efa	21.2841	1
418ae039	21.2955	1
4967a80a	21.3026	1
75f19839	21.3198	1
763f2e21	21.3335	1
1bd9873e	21.3139	1
660d4ba1	21.3496	1
19adf0e6	21.3624	1
191a2076	21.3608	1
3d2a0072	21.36	1
6b30f656	21.3832	1
56e85228	21.3838	1
c94daea	21.3826	1
52866f3f	21.385	1
d5f5566	21.3968	1
5f91d506	21.4148	1
45046482	21.4148	1
f61fa5	21.4381	1
752626db	21.4425	1
20371ea7	21.4341	1
4cd249dc	21.4708	1
6a5e5b07	21.48	1
5f29c727	21.4681	1
4b398d0e	21.4705	1
4f18320a	21.4998	1
4d96caeb	21.4598	1
23159f0	21.5342	1
1e0eefa6	21.5564	1
67cdc04	21.5568	1
4d65d71b	21.5789	1
413fdf69	21.6165	1
2f768cc8	21.6768	1
6ccfab29	21.7058	1
2fe6f80e	21.7226	1
5191f17b	21.7134	1
33f0611b	21.7177	1
2ce3169d	21.7419	1
6f5fc69d	21.7503	1
3a1b8b00	21.7728	1
7595a963	21.7903	1
41c1ac6d	21.7784	1
14bd41dd	21.8319	1
7171457b	21.8377	1
276e4349	21.9313	1
1423950f	21.9122	1
798768ff	21.9541	1
1f75f997	22.0786	1
c5b2e17	22.1685	1
7b13bac7	22.21	1
1df871f4	22.6906	1
4b030cfd	22.6952	1
5dc24147	22.7884	1
259bfc84	22.8041	1
7fba1aae	22.8052	1
65b034a	22.8506	1
7daa3058	22.9216	1
7c2badc3	22.9289	1
1cdea4ad	23.0238	1
43fc536c	23.0407	1
355cd197	23.0672	1
307be5d1	23.0603	1
10937676	23.0763	1
1091cf44	23.09	1
22bf6cbe	23.0998	1
56ca458	23.167	1
485fc744	23.1661	1
63055b15	23.1753	1
4c1f6d20	23.1577	1
20333a44	23.17	1
1f8dd7a2	23.1998	1
5954c6af	23.2081	1
11e60f97	23.2174	1
25231d06	23.2216	1
39b40572	23.2605	1
1678f5a3	23.2588	1
86da217	23.2527	1
715c8022	23.2388	1
4f659101	23.2783	1
2ef615bb	23.295	1
ef8b1be	23.3013	1
19b5f8e9	23.3066	1
387092e0	23.3402	1
2defd0ff	23.3658	1
683322	23.383	1
d8dc5c3	23.4008	1
328f655a	23.3902	1
6a729455	23.4119	1
568fa979	23.4026	1
1fd19bc6	23.4125	1
2392e901	23.3696	1
59166667	23.4112	1
31b160de	23.4306	1
74c78ee1	23.4366	1
68cee937	23.4456	1
44ad6fba	23.4456	1
1d4a1e31	23.4576	1
4c699cc7	23.4407	1
715cc9a1	23.4777	1
47065256	23.5127	1
72c1ac04	23.548	1
3ceb164a	23.5564	1
518f0705	23.558	1
27ac5790	23.5537	1
4163e618	23.5842	1
2374fd12	23.5776	1
49868a95	23.5725	1
7216e394	23.5891	1
631e9eeb	23.6156	1
6e64b182	23.6049	1
10b5aec0	23.6178	1
4ebb5479	23.6444	1
10a18025	23.646	1
61f191f1	23.6429	1
1bd54b71	23.619	1
31ab3b1a	23.6567	1
76d584b	23.6707	1
287f5c10	23.7461	1
3b78591	23.7543	1
58321619	23.7757	1
3bbba543	23.7748	1
6247c357	23.7836	1
7e95c727	23.8311	1
51434448	23.8052	1
4d77cb9	23.7618	1
1ea77c98	23.8407	1
1ce25354	23.8429	1
7d132deb	23.8528	1
526fc79c	23.8645	1
66a2d913	23.8703	1
7996bd07	23.8769	1
33b97708	23.8583	1
95d28e5	23.9065	1
9f91892	23.891	1
42d4fd0d	23.9204	1
31f04d56	23.9248	1
79afacc8	23.9253	1
2215a94a	23.9511	1
6cdcbdc2	23.9224	1
1da4af0a	23.9721	1
4f4ad916	23.9612	1
76c469d2	23.973	1
280eb61a	23.9819	1
14420650	23.967	1
d7a6baa	24.0005	1
4d707ea9	24.0128	1
7428e10f	24.0398	1
2d352593	24.0452	1
2b704371	24.0222	1
22a18c2	24.0642	1
72fa1b1a	24.0512	1
5d2c5d03	24.0847	1
4110fa8d	24.0904	1
162afdc9	24.106	1
406160a9	24.1007	1
6efb2e4c	24.1329	1
7e4fc88b	24.1268	1
32fe1b4f	24.1133	1
2fe71937	24.1636	1
7975ddf1	24.1039	1
298297da	24.1885	1
759dccd	24.1892	1
1e7e5e4e	24.2087	1
649f280f	24.2075	1
27b93c55	24.1962	1
4373e343	24.2341	1
63308e9	24.1896	1
1f452446	24.2379	1
6e064b2b	24.2265	1
14354ecb	24.2552	1
60b592f2	24.2528	1
513b78e5	24.2607	1
1fb6c0e9	24.2663	1
1680ac99	24.2982	1
1e74c846	24.3219	1
3ff422c7	24.3064	1
618c47f1	24.3291	1
5a629e51	24.3432	1
6185dd52	24.3468	1
b067300	24.3745	1
5f0f8a0c	24.4259	1
4ec35e11	24.4832	1
5feba82c	24.5269	1
2c4d98aa	24.5211	1
6678b385	24.5849	1
73fbf6cc	24.5853	1
7d9af910	24.5791	1
2b1cdbf7	24.6415	1
2748aeb1	24.6821	1
3a26f8e3	24.749	1
ef18347	24.803	1
3280dc5c	24.8218	1
12c5c903	24.8074	1
5268bd46	24.8668	1
5c9837d6	24.9665	1
18b051e1	25.0369	1
2fde1061	25.0664	1
300bac0	25.0712	1
34c0381e	25.0802	1
757477fb	25.0858	1
232fd543	25.107	1
5276bdc0	25.1276	1
4b1ef365	25.133	1
4a22cec9	25.1519	1
5957e941	25.206	1
49dd42e5	25.2109	1
701406a1	25.2387	1
a3a611d	25.2449	1
2dc0e667	25.2612	1
27762355	25.269	1
7cb8356d	25.2623	1
438da3a5	25.3535	1
1d72a217	25.3372	1
13874a0d	25.3645	1
3cf337f4	25.3772	1
5c15d30c	25.3798	1
76547d40	25.3836	1
73905f17	25.369	1
11be549d	25.3936	1
65f407a	25.4283	1
2e95a294	25.4149	1
206cd08a	25.4364	1
37df6c77	25.4695	1
b6bbe1	25.487	1
5b170bec	25.5033	1
448b6bb8	25.5248	1
2f083414	25.5423	1
3d106e3f	25.532	1
3b21ec00	25.5757	1
3d5678a5	25.5928	1
22ff6a48	25.6039	1
187435bf	25.6302	1
1ed2e1dc	25.6366	1
5fb78031	25.6477	1
695b01e7	25.6699	1
781f11f8	25.6883	1
57d6e67d	25.7053	1
5425f6b2	25.7643	1
74070308	25.7581	1
58d508fc	25.7636	1
47bb071f	25.787	1
4013598	25.7909	1
68e0b69b	25.8042	1
3a8df31e	25.8009	1
2f1fb968	25.8235	1
77342d85	25.8369	1
7eafba22	25.8799	1
185955cd	25.9022	1
90c2c1f	25.884	1
3440cd81	25.8972	1
5570c093	25.8879	1
77793984	25.9682	1
134dcfc	25.9709	1
77d1be72	25.9667	1
33fb0037	26.0674	1
48610d00	26.0667	1
35b5df97	26.1099	1
bfe4cce	26.1271	1
7689d7d8	26.183	1
16f0dc11	26.2109	1
6d808122	26.3086	1
37b71f23	26.3148	1
3c22282e	26.3142	1
17d56547	26.3367	1
1c212306	26.3527	1
1626b455	26.3597	1
6932934b	26.3639	1
42288f09	26.3899	1
6f0c27ce	26.4002	1
51873bfa	26.3821	1
43e22df	26.4195	1
68a369fb	26.4806	1
11c082f4	26.5187	1
1af5c66b	26.5146	1
738a32ac	26.5458	1
7fc8154f	26.5578	1
741c2b62	26.5712	1
138bcfb4	26.5801	1
20c1907c	26.597	1
1e128b48	26.6258	1
682058fa	26.6298	1
7c9507c	26.6437	1
2f6450da	26.63	1
e34d06c	26.6504	1
3df9c2c8	26.6502	1
cc6625d	26.6667	1
58d9e22b	26.6633	1
6481c985	26.6673	1
1fa3946f	26.6667	1
7694303a	26.673	1
2586566a	26.6799	1
31679b03	26.7063	1
116ea145	26.7092	1
326072bc	26.7162	1
2d49eb63	26.7281	1
33767578	26.7474	1
3d415736	26.7407	1
4f2eb3f1	26.7494	1
2429dece	26.7483	1
239846bc	26.7606	1
3f7b2ca8	26.7655	1
505bda5	26.7754	1
62d8363	26.7909	1
4ab2cef0	26.8227	1
28ef17ef	26.825	1
2d11ac89	26.8169	1
45ba2393	26.8294	1
3b2796e1	26.8266	1
4da8e0fc	26.845	1
5f22ceec	26.8551	1
5c6c0bf	26.8612	1
38f437e1	26.8693	1
fa16563	26.8881	1
5e7a08c0	26.8644	1
25f2317f	26.8868	1
394defa8	26.9053	1
1989e09b	26.9028	1
45796654	26.9017	1
1cc86499	26.8979	1
3c0d1959	26.9299	1
72d212ae	26.9118	1
30c837ae	26.9337	1
2a0ca67e	26.9331	1
7dc72d9d	26.9244	1
4af7aa91	26.9299	1
3bb3317a	26.9424	1
1693605d	26.9472	1
39dde6d0	26.9527	1
52218291	26.9696	1
1d085e36	26.9852	1
697071c2	26.9887	1
1c537847	26.9966	1
5d8cb40a	26.9428	1
2fc9f0af	26.9967	1
761baf22	26.9787	1
147ec8	27.0162	1
4a136786	27.0141	1
1ca5f56c	27.012	1
35aadb4c	27.0249	1
1fb2d5ce	27.0468	1
344e0697	27.0439	1
405da543	27.0624	1
1f4062a4	27.048	1
72603989	27.069	1
31d4fc56	27.0779	1
7d172688	27.0906	1
48ba2b9c	27.1041	1
da26cbe	27.0945	1
14c82a55	27.1341	1
4574273e	27.1339	1
34859b92	27.1323	1
2ad775df	27.139	1
69aed965	27.1516	1
4a92870e	27.1502	1
105e95d5	27.2005	1
6ec2f280	27.2151	1
41ac7101	27.2294	1
3dd2f445	27.2535	1
13af7b39	27.2555	1
76f42109	27.2637	1
6a51d59d	27.2427	1
24cb2b72	27.263	1
466c07a6	27.2684	1
7af33713	27.2708	1
6da3fc1c	27.263	1
4c205b0f	27.3116	1
5e9e2077	27.3055	1
65850835	27.3255	1
13066b8f	27.3387	1
2d22bb06	27.3635	1
6c6df450	27.3813	1
1eb9898d	27.4073	1
7ad67940	27.4129	1
50565d1f	27.4458	1
6fe40cae	27.4598	1
6fd474cf	27.5308	1
4338e504	27.6156	1
675fb56f	27.9874	1
4c3f64	28.1615	1
6a821701	28.2679	1
6961683d	28.3208	1
2cfc3b2a	28.4728	1
39f22f46	28.4928	1
2acc0e4f	28.5029	1
1c254998	28.5376	1
79fcb688	28.5342	1
775c21e9	28.5466	1
3b412f61	28.6521	1
1f956a41	28.6582	1
19461917	28.6415	1
3efc7f47	28.671	1
1c4dd22	28.6856	1
324aa718	28.6882	1
21b41ba7	28.7396	1
61915b2e	28.7185	1
13e59886	28.7673	1
38904135	28.7912	1
4b5a57aa	28.8215	1
7cdd30db	28.8132	1
2c8f5808	28.8255	1
47dc6b44	28.8236	1
7a8d4da7	28.8655	1
3bf0fe43	28.8592	1
40faaa78	28.8456	1
72ece7a9	28.8992	1
7d21741c	28.9016	1
4a8bcaac	28.93	1
125d1ee4	28.9283	1
5e8aca6c	28.9399	1
6cdbe9fd	28.9645	1
2466b2c4	28.9754	1
50706c2a	28.9608	1
212cb30d	28.9785	1
76abdf2a	28.9518	1
6a7b725d	28.9786	1
1ba54e9d	28.985	1
44aac568	28.9718	1
393b9399	29.0045	1
22255dbc	29.016	1
38d8c6b4	29.0241	1
4c695817	29.036	1
23cf64fc	29.0507	1
74c0d3ef	29.0309	1
17a5b29c	29.0535	1
50682210	29.0645	1
34a1f4ef	28.9852	1
311bda14	29.0901	1
47ac3c74	29.0933	1
558314ff	29.1095	1
22a1e87	29.1214	1
733f43fc	29.1392	1
55cb708f	29.1327	1
6ad24156	29.1689	1
a28b3ef	29.1636	1
cde6894	29.1679	1
333d1c8f	29.1617	1
3114800	29.1785	1
7ffb00d1	29.1911	1
24f9a64e	29.2033	1
744364de	29.1894	1
4b2b1aee	29.2069	1
27119459	29.2147	1
7fa25632	29.2148	1
4932e3b3	29.2081	1
2d6c88a6	29.2007	1
24c587f2	29.2334	1
2238da6	29.247	1
76531a2e	29.2469	1
60cd0504	29.251	1
3a83ec1d	29.273	1
56a74d3d	29.2858	1
407960ce	29.2973	1
56244816	29.3121	1
4fbc534c	29.3379	1
32478512	29.339	1
3af9257c	29.3379	1
4139de98	29.3803	1
6a18b58e	29.3984	1
6bf550fb	29.407	1
4608171d	29.4996	1
48594459	29.507	1
4f9afb99	29.5563	1
49e1dc14	29.6767	1
415428d1	29.6912	1
7ca9c0e1	29.718	1
2e48010d	29.7622	1
5d00a0c8	29.7826	1
54da6519	29.7937	1
56b3ab1	29.7995	1
27e3af76	29.8295	1
3e1064c9	29.833	1
4063998f	29.8506	1
35edc1ec	29.8692	1
2adb161c	29.9138	1
22a44e08	29.9211	1
1561779	29.9104	1
4a2a341a	29.8968	1
663dd6d0	29.9833	1
749721a6	2.4593	2
7721119	2.4998	2
5b17c6d7	2.5041	2
78872d88	2.5236	2
8a2bdd8	2.5228	2
41f39ee5	2.5549	2
523935ad	2.5608	2
7626ec98	2.576	2
70e6db09	2.5926	2
eda69c	2.6046	2
605970fd	2.6055	2
2d3edb2f	2.6018	2
23335933	2.6113	2
52bfbea3	2.6402	2
1dbeeb96	2.6453	2
5ca9074c	2.6458	2
7b12186f	2.6767	2
660bb9ea	2.6837	2
2ed99802	2.6886	2
6bbb6592	2.6954	2
15f93a87	2.6949	2
68e49be4	2.697	2
17f1bc7f	2.7097	2
6e3b0154	2.7162	2
6a90e1ac	2.7238	2
5d0566f7	2.7348	2
3dfebb6b	2.724	2
68e49a68	2.7227	2
614b60ac	2.7455	2
30ba454f	2.733	2
14e2b659	2.7569	2
69a93c54	2.7459	2
461088c4	2.7718	2
1cc78850	2.7636	2
297687ec	2.7589	2
37a13290	2.7807	2
afc8afe	2.7876	2
40eb36ec	2.7269	2
798a0b6b	2.8025	2
5daf4f84	2.7993	2
293a8314	2.8337	2
7f09897	2.8381	2
303771ad	2.834	2
2823f5f8	2.8501	2
634185ed	2.8507	2
72058b0c	2.8473	2
4d1f24e	2.8688	2
631bd6e	2.8753	2
433a9c97	2.8931	2
68c8	2.9405	2
4bc108bb	2.9109	2
88ddc6d	2.9813	2
678f0669	2.9684	2
6ab7b863	3.0016	2
65814b01	3.0155	2
1463f788	3.0149	2
13a2451a	3.0322	2
46e16942	3.1187	2
5952739e	3.1937	2
1a8eaf15	3.2233	2
1cb32a32	3.2259	2
1b68ee42	3.2842	2
5bb33de8	3.4491	2
ae9b70f	3.4727	2
3da35c55	3.4799	2
f34028	3.4881	2
307a4452	3.5037	2
21cdd616	3.5278	2
1704d21b	3.5526	2
4b794663	3.568	2
18963c2e	3.5681	2
7f2281b7	3.576	2
7cf52a77	3.5838	2
ae6de22	3.5717	2
5841e3c5	3.5911	2
47ec9b30	3.561	2
330bb20a	3.6012	2
62b382c2	3.5807	2
345f8fd0	3.5999	2
2ab18aaf	3.5978	2
4b256801	3.5907	2
7179ddbd	3.643	2
7f54a6ca	3.6465	2
51a448f6	3.6097	2
1fe386fe	3.6016	2
6b680244	3.6512	2
638fe20a	3.6513	2
7ca7176f	3.6443	2
41c3bd22	3.6546	2
6996ede3	3.659	2
b6cf22a	3.662	2
279a4b3c	3.6462	2
f7355f4	3.6919	2
1752ca83	3.692	2
1add18ba	3.6576	2
2d515542	3.6967	2
3b0f5600	3.696	2
16ba9939	3.7033	2
159d8a5e	3.7008	2
398cb8a2	3.6966	2
350b3d5d	3.6971	2
43d451fb	3.7037	2
5089b608	3.7152	2
14378bba	3.7167	2
983f0d0	3.7031	2
65f766d	3.7283	2
2518c42f	3.7292	2
22b68fcf	3.7296	2
1fc77192	3.7293	2
62536db0	3.7284	2
6af2ff7e	3.7518	2
4eabf7	3.7488	2
604600be	3.7634	2
27540e3e	3.7581	2
7b794b09	3.7597	2
736b8ffa	3.7629	2
20039606	3.782	2
2b9cf71a	3.7868	2
41da86c5	3.7831	2
25917602	3.7686	2
26d9db4b	3.7981	2
37ae011	3.7879	2
6e836de7	3.8135	2
6931fae7	3.8274	2
add107b	3.8259	2
1cb76b	3.8308	2
7254e4db	3.8173	2
153c0e7e	3.8392	2
701d778c	3.8321	2
73e247fe	3.843	2
5f8e07ec	3.8545	2
5785b3a2	3.8465	2
46481d32	3.8585	2
5cf536ac	3.8907	2
76f91a1b	3.8744	2
66fbdedb	3.8934	2
5a8c29c1	3.9305	2
576848c3	3.9617	2
24399fd6	4.0664	2
403662e	4.1166	2
737a82e0	4.1641	2
5bb6fac9	4.1877	2
76c25d70	4.3732	2
2f649c8d	4.3982	2
9158337	4.636	2
56071f38	4.6558	2
4637de2d	4.6552	2
5b66e68f	4.6806	2
15b8989	4.746	2
3b9c34b5	4.8657	2
581ec230	4.8932	2
222e694c	4.9146	2
31024443	5.351	2
1edbfcff	5.4159	2
31407308	5.4178	2
2551fb8c	5.4416	2
1da56055	5.5045	2
2f147d28	5.5033	2
3eaf5652	5.4928	2
619bfbcf	5.5133	2
dc59911	5.5292	2
57c00976	5.5283	2
377f694d	5.5324	2
21e133fb	5.5238	2
30d59dcb	5.5286	2
19a8a6e	5.5219	2
55009cd9	5.5405	2
60bd99d6	5.5341	2
e88c221	5.5302	2
78291cda	5.5135	2
779632ce	5.5424	2
7dcceffe	5.5532	2
3b4dac5	5.524	2
52f5385d	5.5552	2
2ee46aa1	5.5279	2
513cf495	5.559	2
2a7f1eb1	5.545	2
181c6aff	5.5295	2
6ae71f34	5.5707	2
62d67382	5.5788	2
5f843035	5.5656	2
230cb0f0	5.5753	2
17152686	5.588	2
1d843328	5.5795	2
2bada16	5.5754	2
769ec364	5.5678	2
6172af9e	5.5975	2
59d364d6	5.6082	2
5ac729	5.6026	2
28f93207	5.6067	2
13acca4c	5.5992	2
5735e503	5.5985	2
40bf7ebd	5.5977	2
36aa19b	5.6235	2
1d2a3ffa	5.6035	2
708f23a1	5.6239	2
49628659	5.6261	2
7201739	5.6255	2
19660935	5.6304	2
4f961eac	5.6367	2
559056a8	5.5929	2
57891c1	5.6212	2
59c5d452	5.6328	2
63625b14	5.6063	2
6a3a0a50	5.6443	2
dac4e93	5.6257	2
55b104bf	5.6444	2
5bdc3058	5.6434	2
6ca9d875	5.6276	2
4e34c78e	5.654	2
67c04516	5.6113	2
6bf20ee3	5.6506	2
38919190	5.6481	2
48db05e0	5.6599	2
613c3043	5.6542	2
48cb6251	5.665	2
a0b1048	5.6595	2
de10fb4	5.6733	2
14bfeb8b	5.6446	2
156fd887	5.6893	2
284d28c4	5.6541	2
6a902ee	5.6732	2
75b4d677	5.6702	2
7a8ca491	5.6643	2
45738407	5.6953	2
30cf4973	5.7	2
52d6bb6	5.6978	2
116a744e	5.7039	2
3d55ff7e	5.7086	2
5e3f037b	5.7067	2
3068ab0d	5.7174	2
20d41907	5.7049	2
19fd8015	5.7281	2
907244e	5.7073	2
37412ca5	5.7354	2
7ebc89e4	5.7378	2
6409380	5.7407	2
43a919f	5.7583	2
7aba1b64	5.7557	2
4f599d25	5.7744	2
106aaf70	5.7741	2
fdc6643	5.7934	2
6415cdbf	5.8274	2
590d21a8	5.839	2
6242aee4	6.1546	2
2c72800f	7.3487	2
6ed5390d	7.3718	2
55a439bc	7.4195	2
37729d8f	7.5153	2
36e44170	7.5226	2
58cf6b7b	7.5434	2
e694221	7.5758	2
55f30e45	7.5766	2
149c654b	7.5432	2
31cda1ae	7.5875	2
2e77ee23	7.598	2
641999af	7.5978	2
7c719329	7.6093	2
bf22cf	7.5762	2
54a4d883	7.6078	2
2e54f0d5	7.6046	2
571d855d	7.5729	2
1aaff54d	7.6221	2
7af89f65	7.6034	2
29a57750	7.633	2
19a595fc	7.6472	2
39ca1acd	7.6508	2
70b61130	7.6561	2
38b31691	7.6525	2
5cb0f3e3	7.6685	2
5a72dffc	7.6423	2
e00c690	7.6431	2
2e1f217d	7.6765	2
7e0eeb1f	7.661	2
44e92a5c	7.6704	2
30ac62d1	7.6869	2
345a73cb	7.6847	2
574630d9	7.6864	2
7de2579b	7.7038	2
e30d8f4	7.6802	2
617ddc80	7.7145	2
75e7d259	7.7	2
20421188	7.7191	2
4708676a	7.7147	2
3e0d78f9	7.7296	2
81d6cb3	7.7133	2
63317349	7.7292	2
18048d09	7.7849	2
4d72173c	7.7402	2
e484178	7.8036	2
72428fc8	7.8064	2
44bfa78f	7.814	2
4416d20b	7.8402	2
3eebd44b	7.8743	2
2bbae99f	8.0161	2
5e820b6	8.0511	2
4525e524	8.6767	2
5c394748	8.7606	2
1b26e873	9.0867	2
348d6fe6	9.2608	2
3df5c946	9.2706	2
6a770319	9.3826	2
14c1b37f	9.3806	2
734e2c65	9.3818	2
125436db	9.4085	2
646a9427	9.41	2
4347b0f8	9.4078	2
12c75558	9.4266	2
671a3726	9.4073	2
1a3070e2	9.441	2
2c6d7130	9.4019	2
6b649b9	9.4455	2
162551ae	9.4415	2
3ced957d	9.4413	2
61864746	9.4415	2
65b32bc6	9.4462	2
93d06a6	9.4464	2
6096bc2c	9.433	2
1b3aafcc	9.4376	2
3fa312d7	9.45	2
3408a09f	9.4451	2
f97ef8b	9.4498	2
1d571d9	9.4487	2
1cef8019	9.4529	2
c2c08a1	9.4585	2
27f79aea	9.4525	2
6945dede	9.458	2
4b70bb	9.4687	2
c8b04bf	9.4707	2
180d430a	9.4341	2
75854e7b	9.4425	2
5ec0dced	9.4566	2
26d23b69	9.468	2
49a390b6	9.462	2
7aa4869d	9.4785	2
19ba614b	9.4728	2
31e3a015	9.4804	2
40558747	9.4611	2
2d77870c	9.4662	2
7d9fda49	9.4838	2
482c5be7	9.4823	2
77dc4669	9.4756	2
40af5b5e	9.4712	2
40f43d51	9.4833	2
5c522144	9.4664	2
13babbec	9.4852	2
2673987d	9.4826	2
7ae90b48	9.4881	2
6b78deab	9.471	2
4d4f084a	9.4813	2
3885f499	9.4573	2
184e3507	9.4793	2
72d59f6c	9.4995	2
60600f06	9.4995	2
58307da	9.4865	2
67625367	9.5	2
2b675b31	9.4779	2
2b647d67	9.5014	2
8f50c1f	9.4952	2
759fa4ef	9.4952	2
264aff2a	9.4999	2
6932730c	9.4919	2
43002ffc	9.5059	2
72db761	9.4785	2
6c74c9bb	9.4985	2
229565c4	9.5074	2
61bf8c6f	9.5103	2
3d7b98df	9.5117	2
65242c22	9.4935	2
76be469f	9.5057	2
4dabcdc1	9.5068	2
6b21fcad	9.5072	2
40fd7a25	9.5024	2
387a6154	9.5106	2
74a1f5bd	9.5181	2
2ceaf655	9.4979	2
899e739	9.4831	2
f31d01a	9.5129	2
4bf4c4d9	9.504	2
255bc178	9.5168	2
1d119000	9.5112	2
43dfe837	9.507	2
20e92d0c	9.4964	2
16679f35	9.5156	2
50e405b6	9.5203	2
71366843	9.5222	2
7b1ce9eb	9.5281	2
16a1caac	9.5314	2
65bd065a	9.5092	2
e741361	9.5247	2
17d2ee7f	9.5349	2
2c00ceff	9.4748	2
5fd540f8	9.5359	2
68803af8	9.5424	2
29be676d	9.5264	2
413a61f6	9.5411	2
36b08d12	9.5079	2
c412281	9.5112	2
3bccf596	9.544	2
1212da4d	9.5412	2
cee6645	9.5415	2
730b7370	9.5524	2
408599c9	9.533	2
7c3c3b5a	9.5408	2
36b054b0	9.5416	2
7aa3d1c3	9.5422	2
53a4d178	9.5462	2
172aafd1	9.5396	2
fc6aeb3	9.5565	2
136be16	9.5567	2
1f257ce1	9.5612	2
7bcb2704	9.5183	2
13f5e490	9.552	2
6ee8a3da	9.5351	2
74e3e336	9.5283	2
6d11b801	9.5661	2
180894a6	9.5618	2
6b750da5	9.5711	2
e203d56	9.5659	2
7febe345	9.5572	2
71ff3e5b	9.5746	2
4b37c7f	9.573	2
53d9085d	9.5772	2
6dd4832b	9.5954	2
43d637a5	9.595	2
5df1535f	9.5971	2
410cfeaa	9.6019	2
17d009d3	9.6087	2
66af6d83	9.6064	2
192958a2	9.6146	2
7512fe92	9.6202	2
488baf4d	9.5792	2
65b61ce8	9.6191	2
29193077	9.633	2
1ec932ff	9.6344	2
643def21	9.5873	2
6e64074c	9.6354	2
4169213f	9.6424	2
a988475	9.6252	2
231c068d	9.6392	2
3be4eb52	9.6301	2
2482ac25	9.6955	2
26a82a2c	9.6721	2
400c5f43	9.7048	2
316d31d6	9.7234	2
7bb159ff	9.8894	2
5b102d61	11.4594	2
6029c027	11.6477	2
6e35df0a	11.7278	2
4c2d2262	11.7295	2
ad56a06	11.7713	2
67a51ac4	11.7556	2
7dfad9a3	11.8165	2
3eec390b	11.8259	2
1fe39b93	11.8534	2
6ef0e226	11.8209	2
c53bde6	11.8945	2
45a324a4	12.0005	2
b091aff	12.0705	2
41dc1745	12.1137	2
79092c17	12.4503	2
23d73414	12.4736	2
1c422f64	12.4827	2
22bd33cf	12.4915	2
2762116f	12.5147	2
622dd3fc	12.5219	2
69cd9cee	12.5391	2
452b0b8c	12.5423	2
604e6091	12.5443	2
3f22a664	12.5279	2
71dc72d7	12.5484	2
1123d22a	12.5468	2
26d6ce49	12.5541	2
3c9507f8	12.5543	2
590ea3a9	12.5595	2
74d4d68b	12.5657	2
75eb97d9	12.5609	2
1834feb9	12.5749	2
184a5b73	12.5586	2
411e9159	12.5733	2
1ba66b0	12.5801	2
6b495f47	12.5662	2
1609e976	12.5827	2
7f6b04a0	12.5706	2
255437fa	12.5744	2
11cebdb1	12.5876	2
40361550	12.597	2
2e1df765	12.5956	2
6faae4cb	12.5912	2
252dc7d0	12.5892	2
73594797	12.5895	2
5ddd8503	12.5942	2
750e3a7b	12.6039	2
1bea0ff9	12.5776	2
6939b6d5	12.5919	2
14832da7	12.5975	2
528e0b56	12.6115	2
748302f7	12.6115	2
277d8519	12.6061	2
275004a3	12.6169	2
2b3c4b93	12.6156	2
33cfba68	12.6096	2
16a9077b	12.6139	2
34d0a160	12.6288	2
39aa845e	12.6131	2
47629731	12.6313	2
7f44f100	12.6385	2
184d0fbc	12.6277	2
7874593b	12.6509	2
609866cb	12.6536	2
2da3035d	12.6646	2
7e05cd26	12.6558	2
68fd9563	12.6471	2
4b933fe6	12.6671	2
49da8b79	12.6619	2
18e1eb11	12.6565	2
4c0cceff	12.6678	2
b820bd7	12.6651	2
20942983	12.6704	2
27297525	12.675	2
436f3a5e	12.6821	2
760dbf66	12.6427	2
1a364ff0	12.6847	2
5cab2d2	12.684	2
75040784	12.6784	2
7d45626	12.6897	2
7e684bab	12.6926	2
6ad8d47c	12.6785	2
30c5d01f	12.6996	2
7ea38022	12.6856	2
433393cf	12.6869	2
6801e63	12.6698	2
691073a	12.7118	2
715a1898	12.6901	2
6d99d894	12.7066	2
6f87325f	12.7171	2
b72b160	12.6546	2
35f74fb9	12.7382	2
49b051c8	12.7561	2
1c84addb	12.7558	2
2dd3872e	12.8044	2
420fc6	12.7996	2
44311795	12.8382	2
2f78c609	12.8385	2
29c9245	12.8861	2
42626807	13.6058	2
b994bd7	13.6102	2
379f9bc2	16.5158	2
6193fa14	16.5456	2
20913864	16.5744	2
251b73eb	16.6159	2
30de99c9	16.6423	2
4c3fe009	16.6412	2
22af2671	16.6411	2
3c095fb7	16.6582	2
93563f2	16.6349	2
2c8411	16.6804	2
26f44d2f	16.6756	2
300b9e2c	16.7123	2
71f8b926	16.7188	2
3fa15cc1	16.7542	2
5e11e7da	16.7656	2
eeb1a0a	16.7597	2
30f4d6c7	16.7732	2
6ba96349	16.7458	2
6e8e1c45	16.7874	2
7388b28e	16.7804	2
5e56a611	16.8039	2
fcf5e3f	16.8235	2
49d171b3	16.8533	2
6fd8a309	16.9001	2
35a91556	16.8809	2
52aedab0	16.9134	2
a4dd47a	16.9265	2
74cb1b0c	16.9334	2
63614933	17.0571	2
4a2484d	17.0793	2
5978287f	17.1172	2
7dbd0492	17.4022	2
329d1f3c	17.4395	2
222521ae	17.4589	2
1994c97b	17.4582	2
6de5ceb1	17.4692	2
199bbc7d	17.4862	2
e78dbef	17.4763	2
3b8f36f3	17.4533	2
7458f30a	17.5056	2
1e824024	17.5291	2
4717f39c	17.5455	2
130d00b0	17.5462	2
47f42d66	17.5636	2
5e2440e9	17.5369	2
7cf04e82	17.5291	2
7dd90d88	17.5628	2
11a94ea8	17.5635	2
624ada85	17.5713	2
507a3337	17.5673	2
42fdbebf	17.5652	2
13a91c19	17.5649	2
5fe8eff8	17.541	2
1e325a6d	17.5829	2
1c3bc996	17.578	2
2117f862	17.5825	2
2905f09e	17.5778	2
1196ef9b	17.5843	2
502ed4bd	17.5948	2
b69ab76	17.5714	2
407c526c	17.5833	2
44a7d98a	17.5344	2
7c0c9f73	17.5679	2
70e32be	17.5869	2
c819753	17.5994	2
78f06ea9	17.5938	2
66f44dcd	17.5912	2
662160ad	17.5822	2
4241cfa9	17.6044	2
131eaf56	17.6047	2
1e1c77ba	17.5898	2
5b07aef6	17.6157	2
4a5bcdb	17.615	2
22e50cef	17.6075	2
58c10268	17.5909	2
7949cd77	17.6108	2
609ee761	17.5836	2
5ac0ccf5	17.5855	2
191953a8	17.6232	2
21ffc122	17.6279	2
3b633c61	17.6104	2
5c1c4f7e	17.6236	2
30a79796	17.6181	2
79133291	17.6279	2
4852d77c	17.6302	2
776c269c	17.6198	2
3a9017b0	17.6392	2
144c2d0a	17.6242	2
74d35f15	17.6299	2
694818c1	17.6505	2
2851f4d2	17.6515	2
2dadb475	17.6561	2
57846137	17.6525	2
6ee77ea3	17.6356	2
7937e96e	17.6724	2
3851fab5	17.6648	2
12312531	17.6223	2
4a8832f0	17.6645	2
407099a5	17.6824	2
7fa93162	17.6725	2
77fbba37	17.679	2
1fb8fb15	17.6712	2
65676a5	17.6813	2
6fb10ee7	17.6592	2
43306fc2	17.6729	2
18f2d4b5	17.682	2
6932833a	17.6821	2
830334d	17.6738	2
2517bd10	17.6951	2
2b6ebf8f	17.6924	2
63536d9b	17.6955	2
3b94e996	17.6639	2
4c503c33	17.6892	2
662936d3	17.7207	2
772ae11f	17.7144	2
58ff768	17.7207	2
5568dad7	17.7417	2
2143b7a9	17.7253	2
346b1bb2	17.7891	2
3a955f01	17.8127	2
7c5247fa	17.8107	2
65a7c7fd	17.8681	2
457edd22	18.9549	2
76ddd0c6	19.3073	2
7b62f4d6	19.4398	2
21a4d3ab	19.5049	2
5bfdefa4	19.5873	2
33fe817f	19.5909	2
6bd71219	19.6112	2
264fc8c8	19.6384	2
1547b3bf	19.6173	2
5a13a4ed	19.6419	2
4a631297	19.6599	2
39d8efe8	19.6698	2
3fcce256	19.65	2
5e9e92ba	19.6839	2
b3b07ba	19.7316	2
33800616	19.7174	2
13d4c5c4	19.7333	2
78241e34	19.7702	2
624f8fb3	19.7959	2
53ca017a	19.7941	2
39987d59	19.8043	2
2dd2136e	19.8078	2
7542d98f	19.8223	2
765b6e16	19.8446	2
1034007f	19.8479	2
2b6c9a18	19.9788	2
5eaf94d0	20.0317	2
458f0733	20.057	2
1ee477d0	20.2599	2
e73390e	20.4138	2
527260ce	20.4234	2
4ebf8c5e	20.4943	2
6ff3a0de	20.5076	2
485e9c71	20.5168	2
5db1df7c	20.4964	2
37e2f97b	20.5912	2
7a167805	20.5983	2
c13661e	20.6155	2
469c5f27	20.5878	2
39caa8e	20.6467	2
7d4661f	20.6626	2
1d0dd196	20.659	2
196d356d	20.6299	2
66afa06b	20.6909	2
723c9425	20.6944	2
4a6b4c22	20.7214	2
2111155b	20.7104	2
3b55040b	20.7299	2
65dd642d	20.6997	2
2cbd6ce8	20.7519	2
36d18735	20.7642	2
52046f7	20.7668	2
3500b96c	20.7696	2
102a3df1	20.7859	2
a7434f6	20.7809	2
65a1874	20.7838	2
6a038862	20.7964	2
29d47310	20.811	2
1c3eb244	20.8054	2
79e6de64	20.8452	2
3bb1fc0f	20.8196	2
4ae5bf4f	20.8705	2
482b15e4	20.8848	2
276569ed	20.8986	2
7571d972	21.2698	2
6d4aecf0	21.4302	2
28609cfb	21.495	2
61e7efd2	21.4979	2
5750c66f	21.4778	2
392e62fc	21.5759	2
730cb860	21.5724	2
4f209f55	21.6072	2
762fe1cd	21.6063	2
6e0eca09	21.6119	2
b99964c	21.638	2
1321e5db	21.6381	2
4166397a	21.6602	2
3fcccdb0	21.6634	2
7a62cb12	21.673	2
cf8ec52	21.677	2
399bf90	21.6535	2
221f37e5	21.7019	2
4fee5b17	21.7016	2
684f22c0	21.7093	2
770b2c06	21.7155	2
124b8b8f	21.7079	2
6b7db09e	21.7265	2
182fd8bc	21.7399	2
7f840c1c	21.7346	2
5f8e6ae	21.7314	2
f2e89b3	21.7585	2
26258d21	21.7521	2
14c8cff1	21.7548	2
19eea8c5	21.7589	2
26ada87f	21.8004	2
7fe67bc1	21.8418	2
1b5966cf	21.8328	2
66f00865	21.8685	2
4c45a8a1	21.8733	2
1aa3ab4f	21.9099	2
1e87f50a	22.4443	2
1113095	22.5454	2
5f25f938	22.5641	2
27abf44e	22.5868	2
72208200	22.5951	2
119c61e1	22.6078	2
2caeed60	22.6556	2
297edaa1	22.6776	2
5ffa63a2	22.6446	2
3f186573	22.6884	2
52aa626f	22.7197	2
571f0d6f	22.7052	2
5d6252f3	22.7268	2
7b8eede4	22.7245	2
2d1af3f2	22.7247	2
109dbd1c	22.7338	2
1c59dce5	22.7352	2
522e3b8b	22.7351	2
adc8a1a	22.7403	2
3f21f31d	22.7626	2
12ac82d7	22.7534	2
6727c880	22.7645	2
1d849662	22.7657	2
45d673f2	22.7909	2
5b017639	22.7594	2
59ce461b	22.7802	2
5af7a98f	22.7888	2
9d35bc	22.8126	2
34a7f6ba	22.8199	2
5aa74ef8	22.8271	2
5e524b58	22.8326	2
3426fa42	22.9082	2
3e5e7a86	22.91	2
7ad40b5f	23.0584	2
27cc29d8	23.1105	2
6417ba6b	23.1387	2
d52a0e1	23.2044	2
48762f3	23.2652	2
4fad0fc0	23.3459	2
424dfb54	23.3724	2
718447fe	23.3588	2
6a1783f3	23.4477	2
1b6db1	23.4632	2
5b8a83b3	23.554	2
5c56cf15	23.5608	2
ad5e059	23.5693	2
3e94f72a	23.5771	2
37011c2c	23.6293	2
443eb9c0	23.6473	2
4143c175	23.6454	2
2964b2d4	23.6478	2
76aa7219	23.6536	2
13badd28	23.6532	2
40029233	23.6741	2
7b281def	23.6757	2
33b09b99	23.7055	2
40e09a9e	23.7027	2
37374d80	23.7084	2
a22b718	23.7172	2
40cf3965	23.7239	2
38d93908	23.7186	2
69e80fcf	23.7389	2
1f1714ca	23.754	2
1ce848b2	23.7542	2
2c7b7589	23.7722	2
7d651f44	23.7571	2
3e7464d1	23.7641	2
58dd3cd9	23.7865	2
6e878e05	23.7898	2
64bdb419	23.7517	2
5691a2ea	23.7905	2
b34cb52	23.7948	2
23e9cca5	23.8158	2
4d52f90a	23.8135	2
38e0b5f	23.8271	2
3f0d86a8	23.8584	2
15d0084d	23.8811	2
59561cb4	23.9089	2
27d1e9bc	23.9166	2
10d9fae0	23.9755	2
421b05c3	23.9698	2
6f45bd1b	24.0241	2
8e06b9f	24.04	2
41ce2c29	24.0419	2
2c3fb79b	24.0843	2
43e0b785	24.095	2
232f2030	24.1119	2
1ac687ad	24.2306	2
56cab7d3	24.3191	2
1ad870a2	24.3309	2
10c743ba	24.437	2
7a459009	24.4434	2
7a5890fe	24.4698	2
4de927df	24.4739	2
1ab33162	24.4865	2
3acfdb62	24.5001	2
6cb9268	24.4856	2
258462d1	24.5073	2
8ac9cb6	24.5067	2
26f98fcc	24.5184	2
1a501a91	24.511	2
342a1c14	24.5246	2
3d204cfb	24.5304	2
ef64298	24.5398	2
1b76c535	24.5253	2
43915e2a	24.5456	2
332bdcb	24.5366	2
dc590c7	24.5407	2
789bf3f6	24.5336	2
6f48775f	24.5424	2
18b7f09a	24.5582	2
47a7a3de	24.5559	2
56a2b6a4	24.5676	2
5989ace8	24.5535	2
67cea93d	24.5721	2
41e002b4	24.5728	2
3f8d6f0f	24.5583	2
24e0a2	24.5753	2
540c1271	24.5818	2
1b07dfbd	24.5854	2
3045bbd5	24.5892	2
395566f2	24.5804	2
64e82a00	24.5817	2
67cb04bf	24.5921	2
570c90b6	24.5682	2
491aa430	24.5973	2
41bc1f64	24.5656	2
25948763	24.5884	2
3bcd178d	24.5941	2
425ab260	24.6049	2
495b0be7	24.6086	2
10f11a3f	24.6027	2
4bbb5d2f	24.5789	2
355f8b38	24.6106	2
522699ed	24.6163	2
297ed73f	24.5845	2
cc2ae4b	24.6092	2
54593991	24.6076	2
65dba9c9	24.6154	2
24610a79	24.627	2
59f74f06	24.6256	2
5a23be7f	24.6152	2
3ccd8ec	24.6159	2
d014a0a	24.6291	2
7942dbf8	24.6197	2
188d71c1	24.6402	2
310d9f7a	24.628	2
59c9e4b	24.6267	2
95f7ddf	24.641	2
4e59eb3b	24.6456	2
16220cd1	24.6428	2
651cd237	24.6432	2
16941c86	24.6304	2
7a9691b3	24.653	2
703c5655	24.6627	2
407e3ee4	24.655	2
6ae3e383	24.6516	2
1ead0d3	24.6575	2
665334c	24.6485	2
115e4a89	24.6592	2
45522ab0	24.6687	2
61279782	24.6655	2
7ca10588	24.6828	2
4c0d48ae	24.6751	2
32672b0e	24.6838	2
74c51c45	24.6714	2
40e4d896	24.6727	2
3e9aef86	24.7047	2
3c9294de	24.6822	2
1828f298	24.715	2
61f3f938	24.7161	2
70cd2bde	24.7166	2
29953251	24.6899	2
2b30fa42	24.726	2
5988cbc1	24.725	2
4fdfeb98	24.7243	2
385406ee	24.7109	2
5a651045	24.7355	2
430f009a	24.7426	2
574fac72	24.709	2
64ad8e1	24.6984	2
15339bc9	24.7548	2
3138201	24.7828	2
4d267294	24.7852	2
2203046c	24.7945	2
1375a7bc	24.8217	2
4d04a742	24.8128	2
43044491	24.8148	2
3236f41c	24.8487	2
65a01b91	24.8005	2
79be96f5	24.8567	2
e88c346	24.8323	2
2c653cee	24.8722	2
a16ac07	25.6316	2
9772869	26.6693	2
582184f5	26.7414	2
5c493ab4	26.8581	2
7f0f9621	26.9033	2
774a7b6f	27.3658	2
756c54b3	27.3813	2
44bb2ec2	27.3836	2
7de5d9d6	27.4467	2
43882e26	27.4765	2
7322655f	27.4965	2
778c6479	27.4978	2
129a445d	27.4547	2
2334b227	27.499	2
56e5b75d	27.5217	2
1b86d80c	27.5167	2
5ac10645	27.5387	2
41c703ef	27.5451	2
680de9b8	27.5387	2
78597091	27.5423	2
1a49e312	27.5388	2
1e11f0eb	27.5438	2
40eeadfd	27.5496	2
6347269	27.5453	2
49f30dcf	27.5629	2
25e0e5ff	27.5552	2
43801b75	27.5542	2
702c9468	27.5432	2
42ef68f1	27.5713	2
1da49f28	27.5895	2
4912cac5	27.5655	2
1b67d899	27.5802	2
364eb922	27.5922	2
1f12c626	27.5895	2
6a10b72a	27.5992	2
78553af	27.6105	2
761516bb	27.5744	2
6977a1dd	27.6088	2
6f2dc6e3	27.6222	2
35ad8c1d	27.6215	2
3f67da41	27.6163	2
4acc29c2	27.621	2
75a10e27	27.6247	2
392156f8	27.6345	2
5b023b5e	27.6157	2
47119879	27.6343	2
71b8bf8b	27.6196	2
43ebaa8b	27.6423	2
696a0fd8	27.6257	2
e6ec27b	27.6177	2
289664b6	27.6397	2
27e45f33	27.6439	2
6fbc5f03	27.6493	2
56b5b96	27.6349	2
2c0be9f1	27.6385	2
5a50811e	27.6513	2
35698f55	27.659	2
218182de	27.668	2
4d52e0ae	27.67	2
17da5f17	27.6676	2
506d0331	27.6698	2
440add57	27.6758	2
63f96400	27.6575	2
fa6c32d	27.6922	2
27c14f9c	27.6654	2
50756db7	27.6978	2
3f53cb5	27.7002	2
7e1181ad	27.6811	2
4d184570	27.6949	2
2c1f3c0e	27.7016	2
4116646	27.7082	2
bd6cb23	27.7105	2
19a5b499	27.7168	2
17c0a10d	27.6994	2
1c409b21	27.7184	2
233b7f7	27.7253	2
19463537	27.7326	2
19e29dc1	27.7344	2
6676cd4b	27.7246	2
7375aa12	27.7472	2
7dd2bf70	27.7406	2
7162ae90	27.7489	2
2d7d55fe	27.7212	2
40fb9373	27.7454	2
1f1f98c9	27.7435	2
4a4f9cd0	27.7715	2
430fc4aa	27.7598	2
4f34daac	27.7808	2
f1b64f3	27.791	2
b0880e6	27.7604	2
222a83e8	27.7852	2
22313698	27.8093	2
63176d7a	27.7359	2
564919b0	27.8693	2
178410e7	27.8887	2
714552d5	28.7985	2
1f5c9fa6	29.0094	2
7a5ae96a	29.5317	2
47a507bc	29.545	2
ee7dea9	29.5652	2
2fea2a8e	29.6046	2
41f3c45b	29.6047	2
1782f3c2	29.6605	2
3f09f5f5	29.6692	2
7c42ec55	29.6778	2
1d28de3c	29.6899	2
1a0be511	29.7013	2
33ab365e	29.7107	2
29b46db7	29.7168	2
7b69ac24	29.7376	2
6f18997a	29.7355	2
369c6d6d	29.7418	2
6394945f	29.7449	2
2d2322aa	29.7123	2
27e844b8	29.7539	2
17bb74b1	29.7602	2
7a618b36	29.795	2
62828e0c	29.7927	2
70237b52	29.7947	2
318ba361	29.8008	2
6c1a68df	29.8079	2
4687c8c0	29.8179	2
6ecfebe8	29.7979	2
61b23e0c	29.806	2
355749c0	29.8327	2
3257d565	29.8127	2
7a3fab1	29.8282	2
1fd7a58b	29.8524	2
470a2b28	29.857	2
313a1593	29.8728	2
71749ea2	29.8784	2
21a9f087	29.878	2
562e803d	29.884	2
132fe40e	29.8985	2
388eb8b6	29.8687	2
1bb58ecb	29.9071	2
6bc2043b	29.9056	2
7288193b	29.9163	2
3dac933b	29.9222	2
7c0a4630	29.9297	2
56c0e16b	29.9208	2
73cbff36	29.9349	2
18ab55b2	29.9348	2
3c4b234e	29.9566	2
58c7bc8	29.9635	2
