pivot_date	model	location	inference_method	iterations	learning_rate	num_samples	num_iterations	initial_loss	final_loss	min_loss	total_improvement	converged	relative_change	threshold	window	final_iteration
2027-10-01	FGA	north	InferFullRank	50000		500	50000	118210.03125				False		0.01	100	50000
2028-04-01	FGA	north	InferFullRank	50000		500	50000	4213244.0				False		0.01	100	50000
2028-10-01	FGA	north	InferFullRank	50000		500	50000	6950116.0				False		0.01	100	50000
2031-04-01	FGA	north	InferFullRank	50000		500	50000	55137720.0	727.135986328125		55136992.0	True	0.016015704721212387	0.01	100	50000
2031-10-01	FGA	north	InferFullRank	50000		500	50000	120430152.0				False		0.01	100	50000
2033-10-01	FGA	north	InferFullRank	50000		500	50000	11767684.0				False		0.01	100	50000
2034-04-01	FGA	north	InferFullRank	50000		500	50000	2762749.0				False		0.01	100	50000
2034-10-01	FGA	north	InferFullRank	50000		500	50000	104307392.0				False		0.01	100	50000
2035-04-01	FGA	north	InferFullRank	50000		500	50000	26771396.0				False		0.01	100	50000
2035-10-01	FGA	north	InferFullRank	50000		500	50000	3679759.0				False		0.01	100	50000
2036-04-01	FGA	north	InferFullRank	50000		500	50000	11276645.0				False		0.01	100	50000
2036-10-01	FGA	north	InferFullRank	50000		500	50000	72192320.0				False		0.01	100	50000
2037-04-01	FGA	north	InferFullRank	50000		500	50000	17816044.0				False		0.01	100	50000
2037-10-01	FGA	north	InferFullRank	50000		500	50000	1803085.25				False		0.01	100	50000
2038-04-01	FGA	north	InferFullRank	50000		500	50000	55313784.0	1744.202880859375		55312040.0	True	0.021135346964001656	0.01	100	50000
2038-10-01	FGA	north	InferFullRank	50000		500	50000	343502400.0	766.8233642578125		343501632.0	True	0.03673398122191429	0.01	100	50000
2041-04-01	FGA	north	InferFullRank	50000		500	50000	158612.796875	1237.7933349609375		157375.0	True	0.0032038043718785048	0.01	100	50000
2041-10-01	FGA	north	InferFullRank	50000		500	50000	1021100.625				False		0.01	100	50000
2042-04-01	FGA	north	InferFullRank	50000		500	50000	5752321.0				False		0.01	100	50000
2042-10-01	FGA	north	InferFullRank	50000		500	50000	6798274.5				False		0.01	100	50000
2047-04-01	FGA	north	InferFullRank	50000		500	50000	95654.3984375	708.6110229492188		94945.7890625	True	0.0031056844163686037	0.01	100	50000
2047-10-01	FGA	north	InferFullRank	50000		500	50000	1900878.25				False		0.01	100	50000
2048-04-01	FGA	north	InferFullRank	50000		500	50000	13690274.0				False		0.01	100	50000
2049-04-01	FGA	north	InferFullRank	50000		500	50000	69731360.0				False		0.01	100	50000
2049-10-01	FGA	north	InferFullRank	50000		500	50000	91924696.0	1401.090087890625		91923296.0	True	0.0005633827531710267	0.01	100	50000
2050-04-01	FGA	north	InferFullRank	50000		500	50000	28092680.0				False		0.01	100	50000
2051-04-01	FGA	north	InferFullRank	50000		500	50000	75567280.0	562.1632080078125		75566720.0	True	0.0072665149345994	0.01	100	50000
2051-10-01	FGA	north	InferFullRank	50000		500	50000	93893456.0				False		0.01	100	50000
2052-04-01	FGA	north	InferFullRank	50000		500	50000	41975504.0				False		0.01	100	50000
2054-04-01	FGA	north	InferFullRank	50000		500	50000	76726960.0				False		0.01	100	50000
2054-10-01	FGA	north	InferFullRank	50000		500	50000	93354512.0	1442.501708984375		93353072.0	True	0.016183022409677505	0.01	100	50000
2027-04-01	FGA	south	InferFullRank	50000		500	50000	2196178.75				False		0.01	100	50000
2027-10-01	FGA	south	InferFullRank	50000		500	50000	2482173.0				False		0.01	100	50000
2028-04-01	FGA	south	InferFullRank	50000		500	50000	12937908.0				False		0.01	100	50000
2030-10-01	FGA	south	InferFullRank	50000		500	50000	150302.421875				False		0.01	100	50000
2031-04-01	FGA	south	InferFullRank	50000		500	50000	381423.875				False		0.01	100	50000
2031-10-01	FGA	south	InferFullRank	50000		500	50000	66065776.0	851.7835693359375		66064924.0	True	0.05569007992744446	0.01	100	50000
2032-04-01	FGA	south	InferFullRank	50000		500	50000	167274.375	1157.0347900390625		166117.34375	True	0.4997169077396393	0.01	100	50000
2032-10-01	FGA	south	InferFullRank	50000		500	50000	48838.71875	1141.9422607421875		47696.77734375	True	0.003912071231752634	0.01	100	50000
2033-10-01	FGA	south	InferFullRank	50000		500	50000	56600096.0	1251.7437744140625		56598844.0	True	0.00024473806843161583	0.01	100	50000
2034-04-01	FGA	south	InferFullRank	50000		500	50000	58493236.0				False		0.01	100	50000
2034-10-01	FGA	south	InferFullRank	50000		500	50000	113979280.0				False		0.01	100	50000
2035-04-01	FGA	south	InferFullRank	50000		500	50000	43009400.0				False		0.01	100	50000
2035-10-01	FGA	south	InferFullRank	50000		500	50000	11054686.0	585.2599487304688		11054101.0	True	0.014993439428508282	0.01	100	50000
2036-10-01	FGA	south	InferFullRank	50000		500	50000	719833.0				False		0.01	100	50000
2037-04-01	FGA	south	InferFullRank	50000		500	50000	158010064.0				False		0.01	100	50000
2038-10-01	FGA	south	InferFullRank	50000		500	50000	197903.34375	732.0933227539062		197171.25	True	0.01148849818855524	0.01	100	50000
2039-04-01	FGA	south	InferFullRank	50000		500	50000	7716789.0				False		0.01	100	50000
2039-10-01	FGA	south	InferFullRank	50000		500	50000	4216001.5				False		0.01	100	50000
2040-10-01	FGA	south	InferFullRank	50000		500	50000	52643476.0				False		0.01	100	50000
2041-04-01	FGA	south	InferFullRank	50000		500	50000	62309032.0	1415.2156982421875		62307616.0	True	0.00013449060497805476	0.01	100	50000
2041-10-01	FGA	south	InferFullRank	50000		500	50000	9087968.0				False		0.01	100	50000
2042-04-01	FGA	south	InferFullRank	50000		500	50000	232129.0625				False		0.01	100	50000
2042-10-01	FGA	south	InferFullRank	50000		500	50000	8335126.0				False		0.01	100	50000
2043-04-01	FGA	south	InferFullRank	50000		500	50000	3578420.25				False		0.01	100	50000
2043-10-01	FGA	south	InferFullRank	50000		500	50000	3702229.5	501.6346435546875		3701727.75	True	0.10505419224500656	0.01	100	50000
2046-10-01	FGA	south	InferFullRank	50000		500	50000	46418.25	557.7554321289062		45860.49609375	True	0.018659744411706924	0.01	100	50000
2047-04-01	FGA	south	InferFullRank	50000		500	50000	1341910.375				False		0.01	100	50000
2047-10-01	FGA	south	InferFullRank	50000		500	50000	109272576.0				False		0.01	100	50000
2048-04-01	FGA	south	InferFullRank	50000		500	50000	960772.8125				False		0.01	100	50000
2048-10-01	FGA	south	InferFullRank	50000		500	50000	8297565.0				False		0.01	100	50000
2049-04-01	FGA	south	InferFullRank	50000		500	50000	10274673.0	1271.421875		10273402.0	True	0.0025330546777695417	0.01	100	50000
2049-10-01	FGA	south	InferFullRank	50000		500	50000	173214192.0				False		0.01	100	50000
2050-04-01	FGA	south	InferFullRank	50000		500	50000	104972480.0				False		0.01	100	50000
2051-10-01	FGA	south	InferFullRank	50000		500	50000	98049776.0				False		0.01	100	50000
2052-04-01	FGA	south	InferFullRank	50000		500	50000	108909552.0				False		0.01	100	50000
2054-10-01	FGA	south	InferFullRank	50000		500	50000	24463652.0	586.1575927734375		24463066.0	True	0.035142168402671814	0.01	100	50000
2027-04-01	FGA	tropics	InferFullRank	50000		500	50000	47653752.0				False		0.01	100	50000
2027-10-01	FGA	tropics	InferFullRank	50000		500	50000	5574763.5				False		0.01	100	50000
2028-04-01	FGA	tropics	InferFullRank	50000		500	50000	12584740.0				False		0.01	100	50000
2028-10-01	FGA	tropics	InferFullRank	50000		500	50000	10468720.0				False		0.01	100	50000
2029-10-01	FGA	tropics	InferFullRank	50000		500	50000	382482.875				False		0.01	100	50000
2030-04-01	FGA	tropics	InferFullRank	50000		500	50000	513417.46875	1526.94287109375		511890.53125	True	0.052916549146175385	0.01	100	50000
2030-10-01	FGA	tropics	InferFullRank	50000		500	50000	102021128.0	937.2576904296875		102020192.0	True	0.007510742638260126	0.01	100	50000
2031-04-01	FGA	tropics	InferFullRank	50000		500	50000	32083334.0	1007.0318603515625		32082326.0	True	0.040441304445266724	0.01	100	50000
2031-10-01	FGA	tropics	InferFullRank	50000		500	50000	50637628.0				False		0.01	100	50000
2032-04-01	FGA	tropics	InferFullRank	50000		500	50000	249474.34375	707.60595703125		248766.734375	True	0.01192126702517271	0.01	100	50000
2032-10-01	FGA	tropics	InferFullRank	50000		500	50000	55644096.0				False		0.01	100	50000
2033-04-01	FGA	tropics	InferFullRank	50000		500	50000	74527288.0				False		0.01	100	50000
2033-10-01	FGA	tropics	InferFullRank	50000		500	50000	2202182.0				False		0.01	100	50000
2034-04-01	FGA	tropics	InferFullRank	50000		500	50000	36552428.0	1469.5615234375		36550960.0	True	3.372585342731327e-05	0.01	100	50000
2034-10-01	FGA	tropics	InferFullRank	50000		500	50000	65876984.0				False		0.01	100	50000
2035-04-01	FGA	tropics	InferFullRank	50000		500	50000	29114140.0				False		0.01	100	50000
2035-10-01	FGA	tropics	InferFullRank	50000		500	50000	9650192.0				False		0.01	100	50000
2036-04-01	FGA	tropics	InferFullRank	50000		500	50000	1136755.875				False		0.01	100	50000
2036-10-01	FGA	tropics	InferFullRank	50000		500	50000	7652085.0				False		0.01	100	50000
2037-04-01	FGA	tropics	InferFullRank	50000		500	50000	8791212.0				False		0.01	100	50000
2037-10-01	FGA	tropics	InferFullRank	50000		500	50000	2836543.25				False		0.01	100	50000
2038-04-01	FGA	tropics	InferFullRank	50000		500	50000	850709.3125				False		0.01	100	50000
2038-10-01	FGA	tropics	InferFullRank	50000		500	50000	8696358.0				False		0.01	100	50000
2039-04-01	FGA	tropics	InferFullRank	50000		500	50000	30289808.0				False		0.01	100	50000
2040-04-01	FGA	tropics	InferFullRank	50000		500	50000	203720.140625				False		0.01	100	50000
2040-10-01	FGA	tropics	InferFullRank	50000		500	50000	3332056.5				False		0.01	100	50000
2041-04-01	FGA	tropics	InferFullRank	50000		500	50000	10945168.0				False		0.01	100	50000
2041-10-01	FGA	tropics	InferFullRank	50000		500	50000	2104023.25				False		0.01	100	50000
2042-04-01	FGA	tropics	InferFullRank	50000		500	50000	1072777.875				False		0.01	100	50000
2042-10-01	FGA	tropics	InferFullRank	50000		500	50000	5625542.0				False		0.01	100	50000
2043-04-01	FGA	tropics	InferFullRank	50000		500	50000	3746265.5	576.5499267578125		3745689.0	True	0.029697468504309654	0.01	100	50000
2046-04-01	FGA	tropics	InferFullRank	50000		500	50000	28598752.0				False		0.01	100	50000
2046-10-01	FGA	tropics	InferFullRank	50000		500	50000	176396.90625	821.6321411132812		175575.28125	True	0.011388166807591915	0.01	100	50000
2047-04-01	FGA	tropics	InferFullRank	50000		500	50000	1285767.375				False		0.01	100	50000
2047-10-01	FGA	tropics	InferFullRank	50000		500	50000	1558307.25	764.633544921875		1557542.625	True	0.22159571945667267	0.01	100	50000
2048-04-01	FGA	tropics	InferFullRank	50000		500	50000	1907962.75				False		0.01	100	50000
2048-10-01	FGA	tropics	InferFullRank	50000		500	50000	3076268.5				False		0.01	100	50000
2049-04-01	FGA	tropics	InferFullRank	50000		500	50000	3439060.25				False		0.01	100	50000
2049-10-01	FGA	tropics	InferFullRank	50000		500	50000	4366328.0				False		0.01	100	50000
2050-04-01	FGA	tropics	InferFullRank	50000		500	50000	19069788.0				False		0.01	100	50000
2050-10-01	FGA	tropics	InferFullRank	50000		500	50000	11251730.0	571.7471313476562		11251158.0	True	0.0012817040551453829	0.01	100	50000
2051-04-01	FGA	tropics	InferFullRank	50000		500	50000	77573120.0	1374.58837890625		77571744.0	True	0.09416227787733078	0.01	100	50000
2051-10-01	FGA	tropics	InferFullRank	50000		500	50000	2999698.25				False		0.01	100	50000
2052-04-01	FGA	tropics	InferFullRank	50000		500	50000	7984498.0				False		0.01	100	50000
2054-04-01	FGA	tropics	InferFullRank	50000		500	50000	56416264.0				False		0.01	100	50000
2054-10-01	FGA	tropics	InferFullRank	50000		500	50000	45830596.0				False		0.01	100	50000
2027-10-01	GARW	north	InferFullRank	50000		500	50000	53397328.0	1019.597412109375		53396308.0	True	0.012768873944878578	0.01	100	50000
2028-04-01	GARW	north	InferFullRank	50000		500	50000	191471040.0	775.764892578125		191470272.0	True	0.004240590613335371	0.01	100	50000
2028-10-01	GARW	north	InferFullRank	50000		500	50000	97301824.0				False		0.01	100	50000
2031-04-01	GARW	north	InferFullRank	50000		500	50000	231155184.0	749.73583984375		231154432.0	True	0.004651421681046486	0.01	100	50000
2031-10-01	GARW	north	InferFullRank	50000		500	50000	9171104.0	776.7933349609375		9170327.0	True	0.035099323838949203	0.01	100	50000
2033-10-01	GARW	north	InferFullRank	50000		500	50000	8102950.5				False		0.01	100	50000
2034-04-01	GARW	north	InferFullRank	50000		500	50000	93119552.0	1358.029052734375		93118192.0	True	0.006581657100468874	0.01	100	50000
2034-10-01	GARW	north	InferFullRank	50000		500	50000	33085554.0	829.7335205078125		33084724.0	True	0.0033867296297103167	0.01	100	50000
2035-04-01	GARW	north	InferFullRank	50000		500	50000	65734088.0	801.72509765625		65733288.0	True	0.01783413253724575	0.01	100	50000
2035-10-01	GARW	north	InferFullRank	50000		500	50000	42764268.0	723.5843505859375		42763544.0	True	0.005579405464231968	0.01	100	50000
2036-04-01	GARW	north	InferFullRank	50000		500	50000	124135088.0	754.6195068359375		124134336.0	True	0.05239724740386009	0.01	100	50000
2036-10-01	GARW	north	InferFullRank	50000		500	50000	118918232.0	1411.58984375		118916824.0	True	0.007821599952876568	0.01	100	50000
2037-04-01	GARW	north	InferFullRank	50000		500	50000	48549832.0				False		0.01	100	50000
2037-10-01	GARW	north	InferFullRank	50000		500	50000	24991964.0	1528.6749267578125		24990436.0	True	0.0071574426256120205	0.01	100	50000
2038-04-01	GARW	north	InferFullRank	50000		500	50000	335832864.0	1740.1824951171875		335831136.0	True	0.009802302345633507	0.01	100	50000
2038-10-01	GARW	north	InferFullRank	50000		500	50000	74537552.0	820.1423950195312		74536728.0	True	0.1269596368074417	0.01	100	50000
2041-04-01	GARW	north	InferFullRank	50000		500	50000	49958536.0	1242.953857421875		49957292.0	True	0.0038886608090251684	0.01	100	50000
2041-10-01	GARW	north	InferFullRank	50000		500	50000	30080072.0	1396.7352294921875		30078676.0	True	0.005046553444117308	0.01	100	50000
2042-04-01	GARW	north	InferFullRank	50000		500	50000	261840928.0	1517.8876953125		261839408.0	True	0.0004092699382454157	0.01	100	50000
2042-10-01	GARW	north	InferFullRank	50000		500	50000	149626560.0				False		0.01	100	50000
2047-04-01	GARW	north	InferFullRank	50000		500	50000	197351040.0				False		0.01	100	50000
2047-10-01	GARW	north	InferFullRank	50000		500	50000	135926128.0				False		0.01	100	50000
2048-04-01	GARW	north	InferFullRank	50000		500	50000	16109468.0				False		0.01	100	50000
2049-04-01	GARW	north	InferFullRank	50000		500	50000	78445264.0	1237.551025390625		78444024.0	True	0.002312195021659136	0.01	100	50000
2049-10-01	GARW	north	InferFullRank	50000		500	50000	70275280.0	1407.1617431640625		70273872.0	True	0.0024775660131126642	0.01	100	50000
2050-04-01	GARW	north	InferFullRank	50000		500	50000	25950266.0				False		0.01	100	50000
2051-04-01	GARW	north	InferFullRank	50000		500	50000	168429120.0	571.7974853515625		168428544.0	True	0.004698149859905243	0.01	100	50000
2051-10-01	GARW	north	InferFullRank	50000		500	50000	133790656.0				False		0.01	100	50000
2052-04-01	GARW	north	InferFullRank	50000		500	50000	16275772.0				False		0.01	100	50000
2054-04-01	GARW	north	InferFullRank	50000		500	50000	86131424.0				False		0.01	100	50000
2054-10-01	GARW	north	InferFullRank	50000		500	50000	157626736.0				False		0.01	100	50000
2027-04-01	GARW	south	InferFullRank	50000		500	50000	23074638.0				False		0.01	100	50000
2027-10-01	GARW	south	InferFullRank	50000		500	50000	235581200.0	750.7379150390625		235580448.0	True	0.0007708320044912398	0.01	100	50000
2028-04-01	GARW	south	InferFullRank	50000		500	50000	121654264.0				False		0.01	100	50000
2030-10-01	GARW	south	InferFullRank	50000		500	50000	32675548.0				False		0.01	100	50000
2031-04-01	GARW	south	InferFullRank	50000		500	50000	85307392.0				False		0.01	100	50000
2031-10-01	GARW	south	InferFullRank	50000		500	50000	69888272.0	836.681396484375		69887432.0	True	0.007996727712452412	0.01	100	50000
2032-04-01	GARW	south	InferFullRank	50000		500	50000	25722690.0				False		0.01	100	50000
2032-10-01	GARW	south	InferFullRank	50000		500	50000	2822774.0	1148.17724609375		2821625.75	True	0.0032178936526179314	0.01	100	50000
2033-10-01	GARW	south	InferFullRank	50000		500	50000	74656016.0	1253.425537109375		74654760.0	True	0.009096416644752026	0.01	100	50000
2034-04-01	GARW	south	InferFullRank	50000		500	50000	97157448.0	1258.0877685546875		97156192.0	True	0.003743639448657632	0.01	100	50000
2034-10-01	GARW	south	InferFullRank	50000		500	50000	111514080.0	948.3984375		111513128.0	True	0.0037775333039462566	0.01	100	50000
2035-04-01	GARW	south	InferFullRank	50000		500	50000	65070660.0				False		0.01	100	50000
2035-10-01	GARW	south	InferFullRank	50000		500	50000	6979549.0	598.8320922851562		6978950.0	True	0.014885757118463516	0.01	100	50000
2036-10-01	GARW	south	InferFullRank	50000		500	50000	277967744.0	1415.79345703125		277966336.0	True	0.0002050763287115842	0.01	100	50000
2037-04-01	GARW	south	InferFullRank	50000		500	50000	101871384.0				False		0.01	100	50000
2038-10-01	GARW	south	InferFullRank	50000		500	50000	214305984.0				False		0.01	100	50000
2039-04-01	GARW	south	InferFullRank	50000		500	50000	74211872.0				False		0.01	100	50000
2039-10-01	GARW	south	InferFullRank	50000		500	50000	5058872.0	467.91259765625		5058404.0	True	0.007284139283001423	0.01	100	50000
2040-10-01	GARW	south	InferFullRank	50000		500	50000	110113232.0				False		0.01	100	50000
2041-04-01	GARW	south	InferFullRank	50000		500	50000	71667600.0	1428.576171875		71666168.0	True	0.005801955237984657	0.01	100	50000
2041-10-01	GARW	south	InferFullRank	50000		500	50000	37095396.0	1352.691162109375	1327.65283203125	37094044.0	True	0.008809705264866352	0.01	100	50000
2042-04-01	GARW	south	InferFullRank	50000		500	50000	93111016.0	1426.02783203125		93109592.0	True	0.0015307568246498704	0.01	100	50000
2042-10-01	GARW	south	InferFullRank	50000		500	50000	186157664.0	832.741455078125		186156832.0	True	0.024731270968914032	0.01	100	50000
2043-04-01	GARW	south	InferFullRank	50000		500	50000	82527392.0				False		0.01	100	50000
2043-10-01	GARW	south	InferFullRank	50000		500	50000	11559174.0				False		0.01	100	50000
2046-10-01	GARW	south	InferFullRank	50000		500	50000	67489032.0	567.8370971679688		67488464.0	True	0.007175908423960209	0.01	100	50000
2047-04-01	GARW	south	InferFullRank	50000		500	50000	71870688.0	758.49853515625		71869928.0	True	0.014620308764278889	0.01	100	50000
2047-10-01	GARW	south	InferFullRank	50000		500	50000	106283576.0	776.681884765625	744.1785888671875	106282800.0	True	0.0019414987182244658	0.01	100	50000
2048-04-01	GARW	south	InferFullRank	50000		500	50000	63761472.0				False		0.01	100	50000
2048-10-01	GARW	south	InferFullRank	50000		500	50000	20297108.0	1203.2303466796875		20295904.0	True	0.015239725820720196	0.01	100	50000
2049-04-01	GARW	south	InferFullRank	50000		500	50000	13210490.0	1282.8038330078125	1265.0653076171875	13209207.0	True	0.0024497646372765303	0.01	100	50000
2049-10-01	GARW	south	InferFullRank	50000		500	50000	180660192.0	1487.8604736328125		180658704.0	True	0.003014541696757078	0.01	100	50000
2050-04-01	GARW	south	InferFullRank	50000		500	50000	103736448.0				False		0.01	100	50000
2051-10-01	GARW	south	InferFullRank	50000		500	50000	181909824.0				False		0.01	100	50000
2052-04-01	GARW	south	InferFullRank	50000		500	50000	63494904.0				False		0.01	100	50000
2054-10-01	GARW	south	InferFullRank	50000		500	50000	188159136.0	567.1604614257812		188158576.0	True	0.028159672394394875	0.01	100	50000
2027-04-01	GARW	tropics	InferFullRank	50000		500	50000	77344096.0	627.834716796875		77343472.0	True	0.06350195407867432	0.01	100	50000
2027-10-01	GARW	tropics	InferFullRank	50000		500	50000	129959504.0	761.1832275390625		129958744.0	True	0.0030643942300230265	0.01	100	50000
2028-04-01	GARW	tropics	InferFullRank	50000		500	50000	57312012.0	731.4999389648438		57311280.0	True	0.010821468196809292	0.01	100	50000
2028-10-01	GARW	tropics	InferFullRank	50000		500	50000	12054348.0	1197.7513427734375		12053150.0	True	0.024083564057946205	0.01	100	50000
2029-10-01	GARW	tropics	InferFullRank	50000		500	50000	10930004.0	1392.38916015625	1375.450439453125	10928612.0	True	0.0069074505008757114	0.01	100	50000
2030-04-01	GARW	tropics	InferFullRank	50000		500	50000	18365292.0	1475.791259765625	1446.957763671875	18363816.0	True	0.0077333273366093636	0.01	100	50000
2030-10-01	GARW	tropics	InferFullRank	50000		500	50000	89518048.0	953.58837890625		89517096.0	True	0.011519289575517178	0.01	100	50000
2031-04-01	GARW	tropics	InferFullRank	50000		500	50000	117569088.0	964.4669189453125		117568120.0	True	0.004168214742094278	0.01	100	50000
2031-10-01	GARW	tropics	InferFullRank	50000		500	50000	8886406.0	802.6569213867188		8885603.0	True	0.03759768605232239	0.01	100	50000
2032-04-01	GARW	tropics	InferFullRank	50000		500	50000	12029916.0	680.6828002929688		12029235.0	True	0.018925340846180916	0.01	100	50000
2032-10-01	GARW	tropics	InferFullRank	50000		500	50000	55646752.0	1416.959228515625		55645336.0	True	0.0026384983211755753	0.01	100	50000
2033-04-01	GARW	tropics	InferFullRank	50000		500	50000	51797912.0	1563.34375		51796348.0	True	0.002947657834738493	0.01	100	50000
2033-10-01	GARW	tropics	InferFullRank	50000		500	50000	18948952.0	1527.1396484375		18947424.0	True	0.005441619083285332	0.01	100	50000
2034-04-01	GARW	tropics	InferFullRank	50000		500	50000	17896796.0	1444.5577392578125		17895352.0	True	0.0024266487453132868	0.01	100	50000
2034-10-01	GARW	tropics	InferFullRank	50000		500	50000	52345160.0	1153.3868408203125		52344008.0	True	0.030463922768831253	0.01	100	50000
2035-04-01	GARW	tropics	InferFullRank	50000		500	50000	6659609.5	1069.2584228515625		6658540.0	True	0.01414367463439703	0.01	100	50000
2035-10-01	GARW	tropics	InferFullRank	50000		500	50000	13261935.0	706.286376953125		13261229.0	True	0.01705639436841011	0.01	100	50000
2036-04-01	GARW	tropics	InferFullRank	50000		500	50000	108389040.0	753.9849853515625		108388288.0	True	0.0016188055742532015	0.01	100	50000
2036-10-01	GARW	tropics	InferFullRank	50000		500	50000	102811104.0	1592.768798828125		102809512.0	True	0.0054218037985265255	0.01	100	50000
2037-04-01	GARW	tropics	InferFullRank	50000		500	50000	36417056.0	1533.2161865234375		36415524.0	True	0.0044402917847037315	0.01	100	50000
2037-10-01	GARW	tropics	InferFullRank	50000		500	50000	16766874.0	1401.6746826171875		16765472.0	True	0.0007170109893195331	0.01	100	50000
2038-04-01	GARW	tropics	InferFullRank	50000		500	50000	196051408.0	1596.22314453125		196049808.0	True	0.003868070198222995	0.01	100	50000
2038-10-01	GARW	tropics	InferFullRank	50000		500	50000	124815840.0	894.4087524414062		124814944.0	True	0.011595446616411209	0.01	100	50000
2039-04-01	GARW	tropics	InferFullRank	50000		500	50000	16332840.0	641.4861450195312		16332199.0	True	0.02326147072017193	0.01	100	50000
2040-04-01	GARW	tropics	InferFullRank	50000		500	50000	55968712.0	3668.43603515625		55965044.0	True	0.06322406977415085	0.01	100	50000
2040-10-01	GARW	tropics	InferFullRank	50000		500	50000	73391824.0	1565.46533203125		73390256.0	True	0.016631614416837692	0.01	100	50000
2041-04-01	GARW	tropics	InferFullRank	50000		500	50000	30968098.0	1577.795166015625		30966520.0	True	0.006190463900566101	0.01	100	50000
2041-10-01	GARW	tropics	InferFullRank	50000		500	50000	11497872.0	1392.274169921875	1371.459228515625	11496480.0	True	0.006700326222926378	0.01	100	50000
2042-04-01	GARW	tropics	InferFullRank	50000		500	50000	190019616.0	1552.196533203125		190018064.0	True	0.00840693712234497	0.01	100	50000
2042-10-01	GARW	tropics	InferFullRank	50000		500	50000	111543200.0	855.4930419921875		111542344.0	True	0.03430197387933731	0.01	100	50000
2043-04-01	GARW	tropics	InferFullRank	50000		500	50000	14854512.0	577.1171264648438		14853935.0	True	0.0062868171371519566	0.01	100	50000
2046-04-01	GARW	tropics	InferFullRank	50000		500	50000	35364888.0	1144.296875		35363744.0	True	0.0020140588749200106	0.01	100	50000
2046-10-01	GARW	tropics	InferFullRank	50000		500	50000	75660640.0	802.029296875		75659840.0	True	0.018808232620358467	0.01	100	50000
2047-04-01	GARW	tropics	InferFullRank	50000		500	50000	46733104.0	857.5980224609375		46732248.0	True	0.004102555103600025	0.01	100	50000
2047-10-01	GARW	tropics	InferFullRank	50000		500	50000	34180712.0	772.8388671875		34179940.0	True	0.042952485382556915	0.01	100	50000
2048-04-01	GARW	tropics	InferFullRank	50000		500	50000	43154096.0	741.222900390625		43153356.0	True	0.004241090267896652	0.01	100	50000
2048-10-01	GARW	tropics	InferFullRank	50000		500	50000	63381284.0	1468.671630859375		63379816.0	True	0.0023037889041006565	0.01	100	50000
2049-04-01	GARW	tropics	InferFullRank	50000		500	50000	85423008.0	1649.2713623046875	1621.07177734375	85421360.0	True	0.009539373219013214	0.01	100	50000
2049-10-01	GARW	tropics	InferFullRank	50000		500	50000	38000580.0	1556.8197021484375		37999024.0	True	0.0031730192713439465	0.01	100	50000
2050-04-01	GARW	tropics	InferFullRank	50000		500	50000	18181664.0	1347.1865234375		18180316.0	True	0.0026388675905764103	0.01	100	50000
2050-10-01	GARW	tropics	InferFullRank	50000		500	50000	16435866.0	553.4755249023438		16435313.0	True	0.04189900681376457	0.01	100	50000
2051-04-01	GARW	tropics	InferFullRank	50000		500	50000	175567360.0	659.1309814453125		175566704.0	True	0.012501917779445648	0.01	100	50000
2051-10-01	GARW	tropics	InferFullRank	50000		500	50000	133293760.0	754.8414306640625		133293008.0	True	0.11890912055969238	0.01	100	50000
2052-04-01	GARW	tropics	InferFullRank	50000		500	50000	12864467.0				False		0.01	100	50000
2054-04-01	GARW	tropics	InferFullRank	50000		500	50000	65799516.0				False		0.01	100	50000
2054-10-01	GARW	tropics	InferFullRank	50000		500	50000	116364472.0				False		0.01	100	50000
