date	location	variant	median_freq_nowcast	freq_upper_95	freq_lower_95	freq_upper_80	freq_lower_80	freq_upper_50	freq_lower_50	median_freq_forecast	freq_forecast_upper_95	freq_forecast_lower_95	freq_forecast_upper_80	freq_forecast_lower_80	freq_forecast_upper_50	freq_forecast_lower_50	model
2024-12-22	north	2	0.9578248	0.9797962	0.9113505	0.9736636	0.9320647	0.96707934	0.94461775								FGA
2024-12-23	north	2	0.9550038	0.9783791	0.9058102	0.9718474	0.9276441	0.9648237	0.94099885								FGA
2024-12-24	north	2	0.9509194	0.9761171	0.8990683	0.9691407	0.921336	0.96159065	0.9361586								FGA
2024-12-25	north	2	0.94676685	0.9737179	0.89305353	0.9664965	0.9163481	0.95855904	0.93172246								FGA
2024-12-26	north	2	0.9440821	0.972206	0.8886596	0.96448505	0.9124367	0.9564516	0.92857504								FGA
2024-12-27	north	2	0.941993	0.97084546	0.8853087	0.96288633	0.90936637	0.95456064	0.9259542								FGA
2024-12-28	north	2	0.939878	0.96955013	0.88251084	0.96132827	0.90618384	0.9528627	0.92353153								FGA
2024-12-29	north	2	0.9382293	0.96828604	0.88020605	0.9600332	0.9044002	0.9513024	0.92147326								FGA
2024-12-30	north	2	0.9371726	0.9670931	0.87870944	0.95895207	0.9032394	0.949993	0.92011625								FGA
2024-12-31	north	2	0.9377866	0.9671899	0.88148445	0.9591055	0.9045067	0.95029426	0.9210106								FGA
2025-01-01	north	2	0.9382841	0.9673745	0.88398415	0.9588978	0.9061097	0.9506992	0.9219911								FGA
2025-01-02	north	2	0.9377843	0.96672994	0.884014	0.9582868	0.90597105	0.9500785	0.92163086								FGA
2025-01-03	north	2	0.9374931	0.9661784	0.8843822	0.9578913	0.90600103	0.94970316	0.9215528								FGA
2025-01-04	north	2	0.9377425	0.96583337	0.88548785	0.9576732	0.9069959	0.9498684	0.92187035								FGA
2025-01-05	north	2	0.9378928	0.9654635	0.88637596	0.9573746	0.9074259	0.9497975	0.9222486								FGA
2025-01-06	north	2	0.937636	0.96504253	0.88696915	0.9572549	0.9077433	0.94945806	0.92225814								FGA
2025-01-07	north	2	0.93759084	0.9648191	0.8876566	0.9569953	0.9081463	0.94906145	0.9224239								FGA
2025-01-08	north	2	0.9374213	0.9647064	0.88842696	0.95665485	0.90864813	0.9487951	0.92264146								FGA
2025-01-09	north	2	0.93721914	0.9644041	0.8891454	0.9564592	0.909108	0.94883215	0.92282784								FGA
2025-01-10	north	2	0.9370079	0.9640864	0.8895885	0.956277	0.90925795	0.948491	0.9228052								FGA
2025-01-11	north	2	0.9367417	0.96377677	0.89021045	0.95600677	0.90983844	0.9483011	0.9229103								FGA
2025-01-12	north	2	0.93668437	0.96356237	0.89094806	0.9557533	0.91015446	0.948326	0.9229745								FGA
2025-01-13	north	2	0.936581	0.96334445	0.89191884	0.95555204	0.91061467	0.9480731	0.9231148								FGA
2025-01-14	north	2	0.93673646	0.9630739	0.8928766	0.95531446	0.9111147	0.947805	0.9232723								FGA
2025-01-15	north	2	0.9368143	0.9626772	0.89382285	0.95497435	0.91157985	0.94773924	0.9236187								FGA
2025-01-16	north	2	0.9368608	0.96229136	0.894718	0.95472497	0.9113497	0.94741786	0.9239306								FGA
2025-01-17	north	2	0.93663	0.96190125	0.89513487	0.9544204	0.91126513	0.94716674	0.9241946								FGA
2025-01-18	north	2	0.93638545	0.9614515	0.89539266	0.9541342	0.9118721	0.9468103	0.92452234								FGA
2025-01-19	north	2	0.9361864	0.96099406	0.8957505	0.9541514	0.9124591	0.94662356	0.92480826								FGA
2025-01-20	north	2	0.9362749	0.9607673	0.8961541	0.95394355	0.9127403	0.94658786	0.92506635								FGA
2025-01-21	north	2	0.9360963	0.96086293	0.89636046	0.9537042	0.9133373	0.9463139	0.92501557								FGA
2025-01-22	north	2	0.93638915	0.9608513	0.896942	0.95332676	0.9138803	0.946144	0.925194								FGA
2025-01-23	north	2	0.9364227	0.96064955	0.8979002	0.95298404	0.9142018	0.9459713	0.92537296								FGA
2025-01-24	north	2	0.9362279	0.9604368	0.898974	0.95295256	0.91421247	0.9457025	0.92543495								FGA
2025-01-25	north	2	0.9362366	0.9600562	0.89989066	0.95282483	0.91406786	0.9456206	0.9254225								FGA
2025-01-26	north	2	0.93592376	0.95971143	0.9004428	0.95265085	0.9143354	0.9454812	0.9255945								FGA
2025-01-27	north	2	0.9358021	0.9593993	0.9010041	0.95263034	0.9142354	0.94544375	0.9256865								FGA
2025-01-28	north	2	0.9356774	0.95915824	0.9016576	0.9525916	0.91400087	0.9452603	0.9257847								FGA
2025-01-29	north	2	0.9356986	0.9590592	0.90158296	0.9523204	0.91364413	0.94490653	0.9260033								FGA
2025-01-30	north	2	0.93546504	0.9589594	0.90148747	0.95204276	0.913314	0.9447267	0.92579454								FGA
2025-01-31	north	2	0.93528247	0.9588589	0.90133125	0.9518708	0.91360235	0.9446701	0.92577785								FGA
2025-02-01	north	2	0.9352086	0.95876956	0.90182817	0.9516532	0.9140512	0.94472045	0.925756								FGA
2025-02-02	north	2	0.9349216	0.9586548	0.902161	0.9514281	0.91434896	0.94450873	0.92582464								FGA
2025-02-03	north	2	0.9350019	0.9584771	0.902581	0.95096755	0.91483337	0.944554	0.92585707								FGA
2025-02-04	north	2	0.935225	0.95830965	0.90299046	0.9508752	0.91500884	0.9444484	0.92591894								FGA
2025-02-05	north	2	0.9353621	0.95810556	0.90305823	0.9508189	0.9154577	0.9443184	0.92598194								FGA
2025-02-06	north	2	0.9352323	0.9579889	0.90287703	0.9507487	0.91552347	0.9441795	0.9259728								FGA
2025-02-07	north	2	0.93524086	0.9578827	0.9024495	0.9506233	0.9155731	0.9441819	0.92598176								FGA
2025-02-08	north	2	0.9351975	0.9577774	0.9027917	0.950569	0.9155108	0.9441835	0.9260004								FGA
2025-02-09	north	2	0.9353839	0.9576585	0.9032823	0.9505898	0.9154756	0.9441557	0.9255047								FGA
2025-02-10	north	2	0.93524134	0.9575525	0.90390456	0.9505589	0.9154404	0.9441027	0.92567146								FGA
2025-02-11	north	2	0.9352318	0.95760256	0.90408355	0.9505484	0.9153929	0.94398713	0.9254305								FGA
2025-02-12	north	2	0.9350171	0.95765567	0.9042502	0.95050585	0.9150792	0.9438749	0.92554754								FGA
2025-02-13	north	2	0.9349574	0.95742464	0.9039829	0.95048803	0.91505754	0.94397604	0.9253137								FGA
2025-02-14	north	2	0.93484485	0.9573204	0.90345967	0.9504638	0.9152052	0.943977	0.925066								FGA
2025-02-15	north	2	0.9345839	0.9575168	0.9030539	0.95048547	0.9153073	0.94382644	0.9246456								FGA
2025-02-16	north	2	0.93438905	0.9577422	0.90297306	0.9504778	0.91519725	0.94369763	0.9246265								FGA
2025-02-17	north	2	0.9343016	0.957823	0.9027984	0.9504536	0.91514736	0.9437986	0.9246353								FGA
2025-02-18	north	2	0.9342813	0.9578818	0.90251684	0.9507806	0.91501033	0.9439892	0.924364								FGA
2025-02-19	north	2	0.9342915	0.9578752	0.90235424	0.95067495	0.9149163	0.9438709	0.92421114								FGA
2025-02-20	north	2	0.9341581	0.95796794	0.9019688	0.950569	0.9148204	0.94364816	0.92418027								FGA
2025-02-21	north	2	0.93418515	0.95795554	0.9016527	0.95062494	0.91474634	0.9435693	0.9242067								FGA
2025-02-22	north	2	0.9343434	0.9581188	0.90149474	0.95063955	0.91402245	0.9436142	0.923954								FGA
2025-02-23	north	2	0.9343991	0.95821506	0.90152144	0.95041233	0.9141391	0.9435371	0.923894								FGA
2025-02-24	north	2	0.9341414	0.958286	0.90141314	0.95034987	0.91354424	0.94373834	0.92385703								FGA
2025-02-25	north	2	0.93177044	0.95736706	0.89655834	0.94885373	0.9090141	0.94176257	0.92043185								FGA
2025-02-26	north	2	0.9291338	0.9552355	0.8917438	0.94647896	0.9050658	0.9396683	0.91780436								FGA
2025-02-27	north	2	0.9278325	0.9548113	0.88758135	0.94621485	0.9035834	0.93842524	0.9159519								FGA
2025-02-28	north	2	0.9264769	0.9542841	0.8852769	0.94543767	0.9018459	0.9373169	0.9138551								FGA
2025-03-01	north	2	0.9245888	0.9534946	0.88044757	0.9444779	0.89849603	0.93627405	0.91216743								FGA
2025-03-02	north	2	0.92271197	0.9527216	0.8756027	0.9432084	0.89495564	0.9348486	0.9104163								FGA
2025-03-03	north	2	0.92113817	0.9521445	0.8726274	0.9426264	0.8926038	0.9336126	0.9085796								FGA
2025-03-04	north	2	0.91942537	0.9517077	0.86795	0.942259	0.8912446	0.9326664	0.9070741								FGA
2025-03-05	north	2	0.91807246	0.9513162	0.8641716	0.9413907	0.8895653	0.931663	0.90497386								FGA
2025-03-06	north	2	0.9168316	0.95102733	0.86045355	0.9408918	0.88667166	0.93080837	0.90347743								FGA
2025-03-07	north	2	0.91582215	0.95069677	0.8572834	0.9402453	0.8838498	0.9297033	0.9014811								FGA
2025-03-08	north	2	0.9146596	0.9501954	0.85414064	0.9396925	0.88128823	0.9286693	0.8992699								FGA
2025-03-09	north	2	0.91344106	0.94967127	0.85063744	0.9390134	0.8789471	0.92789495	0.8979652								FGA
2025-03-10	north	2	0.912081	0.9494352	0.8463459	0.9382637	0.877097	0.92715496	0.896591								FGA
2025-03-11	north	2	0.9130497	0.9502312	0.8500595	0.9390142	0.8787122	0.927636	0.8975886								FGA
2025-03-12	north	2	0.914804	0.9512051	0.85680634	0.9401502	0.8816989	0.9290604	0.8993539								FGA
2025-03-13	north	2	0.9154615	0.9516782	0.85783833	0.9407486	0.8819957	0.92927974	0.8994583								FGA
2025-03-14	north	2	0.91542614	0.9520692	0.857568	0.94072264	0.88177997	0.929415	0.89961505								FGA
2025-03-15	north	2	0.9158472	0.95276326	0.8589887	0.9411988	0.88260615	0.93005234	0.9000504								FGA
2025-03-16	north	2	0.91655886	0.95322067	0.8611967	0.9419458	0.8836121	0.9307667	0.90079814								FGA
2025-03-17	north	2	0.91691756	0.9535505	0.86255187	0.94221497	0.8836823	0.9311363	0.9008253								FGA
2025-03-18	north	2	0.9171965	0.9540477	0.86322916	0.9425958	0.88366985	0.9314927	0.90063167								FGA
2025-03-19	north	2	0.9174175	0.954393	0.864382	0.9432365	0.8844357	0.93178767	0.90109813								FGA
2025-03-20	north	2	0.9176776	0.95451695	0.86443955	0.94350785	0.88499546	0.93224394	0.90150917								FGA
2025-03-21	north	2	0.9182631	0.95462996	0.8639563	0.94373333	0.88533294	0.9323801	0.9016738								FGA
2025-03-22	north	2	0.91886777	0.9547408	0.8641234	0.9440444	0.88553506	0.9326535	0.90177214								FGA
2025-03-23	north	2	0.9193684	0.9549598	0.865007	0.9445569	0.88505226	0.9327502	0.90187836								FGA
2025-03-24	north	2	0.9198177	0.9554337	0.8650063	0.9447222	0.8854948	0.93304414	0.90239674								FGA
2025-03-25	north	2	0.92029095	0.95589334	0.8653328	0.944905	0.8854657	0.9331994	0.90279794								FGA
2025-03-26	north	2	0.9205247	0.95634085	0.86626554	0.94539773	0.8856453	0.93329245	0.90290964								FGA
2025-03-27	north	2	0.92109287	0.9567824	0.86664337	0.946056	0.8857323	0.93339986	0.902614								FGA
2025-03-28	north	2	0.9213046	0.9572992	0.86619717	0.9466758	0.8853595	0.93391716	0.9032105								FGA
2025-03-29	north	2	0.9215565	0.95797616	0.865634	0.9470247	0.8851985	0.9341836	0.9037867								FGA
2025-03-30	north	2	0.92187524	0.9584308	0.8650532	0.94744366	0.8845746	0.93464607	0.9037779								FGA
2024-12-22	north	22	0.042175137	0.088649556	0.020203834	0.06793528	0.026336363	0.05538227	0.032920662								FGA
2024-12-23	north	22	0.044996172	0.09418985	0.021620916	0.0723559	0.02815257	0.05900114	0.035176277								FGA
2024-12-24	north	22	0.049080614	0.100931734	0.023882922	0.07866399	0.030859299	0.063841425	0.038409334								FGA
2024-12-25	north	22	0.053233087	0.10694645	0.026282096	0.083651885	0.03350345	0.068277545	0.041440945								FGA
2024-12-26	north	22	0.05591788	0.11134041	0.027793974	0.08756326	0.035514973	0.07142493	0.04354842								FGA
2024-12-27	north	22	0.058006987	0.1146913	0.029154519	0.09063362	0.037113596	0.07404584	0.04543941								FGA
2024-12-28	north	22	0.060122043	0.11748923	0.030449903	0.093816124	0.03867169	0.076468445	0.047137357								FGA
2024-12-29	north	22	0.061770648	0.11979403	0.03171399	0.095599726	0.039966803	0.078526735	0.04869757								FGA
2024-12-30	north	22	0.06282746	0.12129062	0.032906882	0.09676058	0.04104786	0.079883784	0.050006945								FGA
2024-12-31	north	22	0.062213473	0.11851562	0.032810062	0.09549336	0.040894534	0.07898935	0.049705762								FGA
2025-01-01	north	22	0.061715923	0.11601599	0.032625508	0.093890324	0.041102175	0.07800887	0.04930077								FGA
2025-01-02	north	22	0.06221571	0.115986004	0.03327013	0.09402891	0.0417132	0.07836908	0.049921453								FGA
2025-01-03	north	22	0.062506855	0.115617834	0.03382156	0.09399898	0.042108685	0.07844728	0.050296843								FGA
2025-01-04	north	22	0.062257476	0.11451215	0.034166656	0.093004055	0.042326864	0.07812965	0.05013159								FGA
2025-01-05	north	22	0.062107142	0.113624014	0.03453648	0.09257408	0.04262541	0.07775137	0.05020254								FGA
2025-01-06	north	22	0.062364027	0.11303087	0.03495746	0.09225676	0.042745132	0.07774186	0.050541982								FGA
2025-01-07	north	22	0.0624092	0.112343475	0.035180908	0.09185367	0.043004684	0.07757606	0.050938543								FGA
2025-01-08	north	22	0.06257866	0.11157309	0.035293594	0.09135187	0.043345165	0.07735855	0.051204976								FGA
2025-01-09	north	22	0.062780865	0.110854715	0.035595953	0.09089202	0.04354075	0.07717218	0.05116786								FGA
2025-01-10	north	22	0.06299208	0.11041159	0.035913587	0.090742104	0.043722916	0.07719481	0.05150902								FGA
2025-01-11	north	22	0.063258275	0.109789625	0.036223266	0.09016155	0.043993205	0.07708974	0.05169887								FGA
2025-01-12	north	22	0.063315615	0.10905202	0.03643769	0.08984557	0.044246636	0.07702543	0.05167402								FGA
2025-01-13	north	22	0.06341891	0.10808118	0.03665556	0.089385316	0.044447977	0.0768852	0.051926926								FGA
2025-01-14	north	22	0.06326358	0.1071234	0.036926113	0.088885345	0.044685528	0.07672769	0.052194964								FGA
2025-01-15	north	22	0.06318568	0.106177114	0.03732286	0.08842017	0.045025654	0.07638134	0.05226072								FGA
2025-01-16	north	22	0.06313913	0.105282046	0.037708625	0.088650264	0.04527502	0.07606939	0.052582063								FGA
2025-01-17	north	22	0.06336998	0.10486518	0.03809875	0.088734865	0.045579605	0.075805366	0.052833293								FGA
2025-01-18	north	22	0.063614525	0.10460737	0.03854854	0.08812791	0.045865774	0.07547764	0.053189702								FGA
2025-01-19	north	22	0.06381363	0.10424946	0.039005954	0.087540835	0.045848627	0.07519174	0.053376466								FGA
2025-01-20	north	22	0.063725054	0.10384587	0.039232668	0.08725976	0.046056423	0.07493365	0.05341216								FGA
2025-01-21	north	22	0.063903615	0.10363958	0.039137043	0.08666266	0.046295766	0.074984446	0.053686142								FGA
2025-01-22	north	22	0.06361085	0.10305799	0.039148696	0.08611968	0.046673167	0.07480601	0.053856023								FGA
2025-01-23	north	22	0.06357725	0.1020998	0.039350435	0.085798234	0.047015976	0.07462703	0.054028697								FGA
2025-01-24	north	22	0.06377207	0.101026	0.03956314	0.08578755	0.047047485	0.074565046	0.05429744								FGA
2025-01-25	north	22	0.063763395	0.10010944	0.03994381	0.08593212	0.047175188	0.074577525	0.054379344								FGA
2025-01-26	north	22	0.06407626	0.09955729	0.040288575	0.0856646	0.04734912	0.074405506	0.054518826								FGA
2025-01-27	north	22	0.06419791	0.09899597	0.04060073	0.08576463	0.047369663	0.07431352	0.05455622								FGA
2025-01-28	north	22	0.06432259	0.098342404	0.040841743	0.085999176	0.047408402	0.0742153	0.05473971								FGA
2025-01-29	north	22	0.064301446	0.09841701	0.04094083	0.08635594	0.047679614	0.073996685	0.055093393								FGA
2025-01-30	north	22	0.06453498	0.09851257	0.0410406	0.08668604	0.0479572	0.07420543	0.05527326								FGA
2025-01-31	north	22	0.06471753	0.09866876	0.041141044	0.086397626	0.04812917	0.07422215	0.055329915								FGA
2025-02-01	north	22	0.064791374	0.09817185	0.041230485	0.08594883	0.048346844	0.07424396	0.05527956								FGA
2025-02-02	north	22	0.06507839	0.09783904	0.041345194	0.08565106	0.04857187	0.07417531	0.0554913								FGA
2025-02-03	north	22	0.064998105	0.09741903	0.041522857	0.08516661	0.049032435	0.074142955	0.05544604								FGA
2025-02-04	north	22	0.06477497	0.09700948	0.041690327	0.084991165	0.04912472	0.07408109	0.055551622								FGA
2025-02-05	north	22	0.06463787	0.09694177	0.04189442	0.08454224	0.049181096	0.07401806	0.055681586								FGA
2025-02-06	north	22	0.0647677	0.09712295	0.04201114	0.08447656	0.04925133	0.07402716	0.055820543								FGA
2025-02-07	north	22	0.06475915	0.09755054	0.04211731	0.08442688	0.04937675	0.07401828	0.055818062								FGA
2025-02-08	north	22	0.0648025	0.09720837	0.042222627	0.084489286	0.049430992	0.0739996	0.055816434								FGA
2025-02-09	north	22	0.064616054	0.096717715	0.04234148	0.08452445	0.04941021	0.074495345	0.05584428								FGA
2025-02-10	north	22	0.06475867	0.09609545	0.0424475	0.08455961	0.049441114	0.074328534	0.05589728								FGA
2025-02-11	north	22	0.06476818	0.09591649	0.042397447	0.08460709	0.049451668	0.07456948	0.056012835								FGA
2025-02-12	north	22	0.0649829	0.09574984	0.04234436	0.08492084	0.04949417	0.07445247	0.05612507								FGA
2025-02-13	north	22	0.06504266	0.09601709	0.04257534	0.08494242	0.04951197	0.074686274	0.05602389								FGA
2025-02-14	north	22	0.06515512	0.09654033	0.042679645	0.084794834	0.049536217	0.074934	0.05602303								FGA
2025-02-15	north	22	0.065416135	0.09694614	0.042483278	0.084692754	0.04951458	0.07535438	0.056173503								FGA
2025-02-16	north	22	0.065610945	0.09702697	0.04225781	0.0848028	0.049522225	0.07537341	0.05630236								FGA
2025-02-17	north	22	0.06569837	0.097201556	0.042177048	0.08485261	0.049546417	0.07536474	0.056201383								FGA
2025-02-18	north	22	0.0657187	0.09748317	0.04211819	0.08498965	0.049219463	0.07563604	0.056010745								FGA
2025-02-19	north	22	0.06570847	0.09764579	0.04212483	0.08508372	0.049325105	0.07578883	0.056129172								FGA
2025-02-20	north	22	0.06584196	0.098031186	0.04203206	0.08517965	0.049431007	0.07581977	0.056351837								FGA
2025-02-21	north	22	0.06581482	0.09834727	0.042044464	0.0852536	0.049375005	0.0757933	0.05643069								FGA
2025-02-22	north	22	0.06565662	0.09850527	0.041881226	0.08597758	0.04936043	0.07604605	0.056385845								FGA
2025-02-23	north	22	0.06560092	0.09847856	0.04178491	0.08586088	0.049587667	0.07610605	0.05646283								FGA
2025-02-24	north	22	0.06570695	0.09839211	0.0416533	0.086259596	0.04956223	0.07607394	0.056188036								FGA
2025-02-25	north	22	0.065584324	0.09831456	0.041462842	0.085735865	0.049423024	0.07593968	0.056192014								FGA
2025-02-26	north	22	0.0653506	0.098394305	0.04130857	0.08580275	0.04931596	0.075518936	0.055991203								FGA
2025-02-27	north	22	0.065205306	0.09856186	0.04115578	0.08639739	0.04902029	0.07502698	0.05581428								FGA
2025-02-28	north	22	0.06507925	0.09876122	0.04092533	0.08646358	0.048623614	0.07505988	0.055724155								FGA
2025-03-01	north	22	0.064847335	0.09909005	0.04049015	0.08620583	0.04866184	0.07496652	0.055582426								FGA
2025-03-02	north	22	0.06493964	0.099829495	0.040282648	0.08660315	0.04856478	0.07524227	0.055457085								FGA
2025-03-03	north	22	0.06505135	0.10019085	0.040118076	0.0869865	0.048313916	0.075323395	0.055330567								FGA
2025-03-04	north	22	0.06503315	0.100344785	0.039763276	0.087565854	0.04821431	0.07559942	0.05521635								FGA
2025-03-05	north	22	0.06498779	0.10074746	0.039401628	0.08798469	0.048183948	0.07614991	0.05513662								FGA
2025-03-06	north	22	0.064969406	0.101026356	0.03907771	0.088096865	0.047907177	0.0765226	0.05517263								FGA
2025-03-07	north	22	0.065004036	0.10123461	0.03878694	0.08886627	0.047875606	0.076612875	0.055178255								FGA
2025-03-08	north	22	0.06496339	0.10182792	0.038616344	0.088889904	0.048030876	0.07671774	0.054999348								FGA
2025-03-09	north	22	0.06498574	0.10253	0.03835987	0.08954515	0.04780757	0.07698262	0.05469408								FGA
2025-03-10	north	22	0.06478144	0.10298023	0.038113244	0.09010375	0.047736272	0.077142924	0.054658577								FGA
2025-03-11	north	22	0.06474465	0.103851944	0.037990205	0.09100666	0.04756627	0.077284314	0.05472392								FGA
2025-03-12	north	22	0.06463419	0.10497602	0.037985522	0.09148264	0.0474703	0.07787168	0.054891586								FGA
2025-03-13	north	22	0.06450407	0.105857864	0.037954565	0.09233815	0.04750411	0.07829423	0.054744907								FGA
2025-03-14	north	22	0.06453266	0.10670924	0.037707396	0.092494205	0.0473846	0.07842776	0.054748908								FGA
2025-03-15	north	22	0.064499006	0.107666	0.03746466	0.0930779	0.047334712	0.07882752	0.05476532								FGA
2025-03-16	north	22	0.064603016	0.108640544	0.037212774	0.09389069	0.04708757	0.07934974	0.054565888								FGA
2025-03-17	north	22	0.06455625	0.10956127	0.037018664	0.09439709	0.04673135	0.079574	0.054552376								FGA
2025-03-18	north	22	0.06457219	0.110373855	0.03674199	0.09489171	0.046365734	0.079799816	0.054535024								FGA
2025-03-19	north	22	0.064624116	0.111195035	0.036380686	0.09539506	0.0460294	0.07999946	0.05447513								FGA
2025-03-20	north	22	0.06460666	0.11202901	0.036204297	0.095898256	0.045743268	0.08065516	0.054337133								FGA
2025-03-21	north	22	0.064658836	0.11294948	0.036062233	0.09638533	0.045332216	0.080706365	0.054310888								FGA
2025-03-22	north	22	0.06480271	0.11395154	0.035874154	0.09688589	0.044973135	0.08084357	0.054282732								FGA
2025-03-23	north	22	0.064788416	0.11489304	0.03559087	0.09753935	0.044615686	0.08098309	0.0541304								FGA
2025-03-24	north	22	0.06480542	0.11604914	0.03533577	0.09798725	0.044259854	0.08119762	0.05417097								FGA
2025-03-25	north	22	0.064949	0.117228374	0.03508273	0.09887908	0.043905657	0.08127819	0.054334506								FGA
2025-03-26	north	22	0.0649729	0.11841439	0.034831923	0.09975521	0.04356914	0.08160022	0.054256476								FGA
2025-03-27	north	22	0.0650104	0.11932606	0.034535736	0.100470215	0.043241862	0.082102686	0.054426752								FGA
2025-03-28	north	22	0.06491254	0.12008767	0.03420142	0.10100956	0.04293152	0.082860716	0.054460924								FGA
2025-03-29	north	22	0.064996205	0.12084585	0.03387048	0.101533726	0.042594902	0.08317977	0.05451151								FGA
2025-03-30	north	22	0.065280825	0.121882886	0.03362016	0.102203615	0.042260986	0.08357765	0.054479033								FGA
2024-12-22	north	14	8.124694e-14	2.418643e-13	2.3805612e-14	1.7521363e-13	4.2830692e-14	1.2234704e-13	5.7671844e-14								FGA
2024-12-23	north	14	7.481825e-14	2.2201453e-13	2.2034764e-14	1.6064933e-13	3.9441764e-14	1.1273353e-13	5.324561e-14								FGA
2024-12-24	north	14	6.2099434e-14	1.7512662e-13	1.969727e-14	1.2771908e-13	3.3266833e-14	9.1836884e-14	4.5406573e-14								FGA
2024-12-25	north	14	5.125811e-14	1.3632219e-13	1.7750489e-14	1.0103518e-13	2.8240326e-14	7.3906464e-14	3.7991955e-14								FGA
2024-12-26	north	14	4.4757844e-14	1.1421078e-13	1.5870709e-14	8.650113e-14	2.5276171e-14	6.390294e-14	3.3416432e-14								FGA
2024-12-27	north	14	3.8907923e-14	9.416309e-14	1.4132093e-14	7.260859e-14	2.2453698e-14	5.4224396e-14	2.909962e-14								FGA
2024-12-28	north	14	3.3233873e-14	7.626815e-14	1.2461461e-14	5.928882e-14	1.9697351e-14	4.5089573e-14	2.524288e-14								FGA
2024-12-29	north	14	2.8488672e-14	6.222274e-14	1.12270245e-14	4.881211e-14	1.7163368e-14	3.8089035e-14	2.16469e-14								FGA
2024-12-30	north	14	2.4362973e-14	5.1738446e-14	1.02201945e-14	4.1184934e-14	1.5340761e-14	3.2284197e-14	1.8727065e-14								FGA
2024-12-31	north	14	2.1008962e-14	4.4075373e-14	9.161158e-15	3.4791807e-14	1.35140354e-14	2.734139e-14	1.6462985e-14								FGA
2025-01-01	north	14	1.8163307e-14	3.6922908e-14	8.305681e-15	2.87782e-14	1.18349705e-14	2.3217925e-14	1.4373651e-14								FGA
2025-01-02	north	14	1.5703564e-14	3.098239e-14	7.520386e-15	2.4222743e-14	1.02674335e-14	1.978352e-14	1.2527194e-14								FGA
2025-01-03	north	14	1.3587195e-14	2.6169218e-14	6.798297e-15	2.0340205e-14	9.196573e-15	1.6831217e-14	1.10256e-14								FGA
2025-01-04	north	14	1.1793714e-14	2.2302538e-14	6.185866e-15	1.7265018e-14	8.083325e-15	1.4624774e-14	9.697781e-15								FGA
2025-01-05	north	14	1.0350836e-14	1.914125e-14	5.5098265e-15	1.4774603e-14	7.2125465e-15	1.2566388e-14	8.541542e-15								FGA
2025-01-06	north	14	9.057164e-15	1.6679912e-14	4.8746276e-15	1.2885632e-14	6.304754e-15	1.0890854e-14	7.492003e-15								FGA
2025-01-07	north	14	7.964854e-15	1.4365338e-14	4.443895e-15	1.1343248e-14	5.520304e-15	9.533475e-15	6.6302393e-15								FGA
2025-01-08	north	14	7.038431e-15	1.2353465e-14	4.0142022e-15	9.9172794e-15	4.8967635e-15	8.345514e-15	5.9036655e-15								FGA
2025-01-09	north	14	6.252247e-15	1.06937046e-14	3.648922e-15	8.777497e-15	4.3772333e-15	7.385329e-15	5.2428383e-15								FGA
2025-01-10	north	14	5.583896e-15	9.384775e-15	3.2937547e-15	7.855996e-15	3.9068205e-15	6.5726157e-15	4.658919e-15								FGA
2025-01-11	north	14	5.0216115e-15	8.2212594e-15	3.0072122e-15	6.9205645e-15	3.466809e-15	5.8462985e-15	4.1628552e-15								FGA
2025-01-12	north	14	4.503311e-15	7.370742e-15	2.709507e-15	6.191779e-15	3.1388574e-15	5.2643847e-15	3.7361086e-15								FGA
2025-01-13	north	14	4.033604e-15	6.6572864e-15	2.4846975e-15	5.5642903e-15	2.8539157e-15	4.7965993e-15	3.359636e-15								FGA
2025-01-14	north	14	3.625295e-15	6.0229027e-15	2.2690187e-15	5.1078e-15	2.5876204e-15	4.370314e-15	3.0055444e-15								FGA
2025-01-15	north	14	3.3197815e-15	5.4846645e-15	2.091613e-15	4.7164455e-15	2.3616253e-15	3.9700854e-15	2.743745e-15								FGA
2025-01-16	north	14	3.0461986e-15	5.021196e-15	1.895856e-15	4.3056455e-15	2.1632838e-15	3.6579118e-15	2.5169076e-15								FGA
2025-01-17	north	14	2.7998191e-15	4.630611e-15	1.7156415e-15	3.9546893e-15	2.0048895e-15	3.3550253e-15	2.311383e-15								FGA
2025-01-18	north	14	2.5969585e-15	4.28224e-15	1.5463783e-15	3.673923e-15	1.8353336e-15	3.1135241e-15	2.12387e-15								FGA
2025-01-19	north	14	2.4143594e-15	3.9794463e-15	1.4190067e-15	3.4106383e-15	1.7130653e-15	2.916321e-15	1.9869553e-15								FGA
2025-01-20	north	14	2.2587023e-15	3.6985956e-15	1.3150473e-15	3.1879485e-15	1.5899355e-15	2.7356903e-15	1.8470134e-15								FGA
2025-01-21	north	14	2.1176446e-15	3.4914313e-15	1.21425e-15	3.0238964e-15	1.4824503e-15	2.5500372e-15	1.7294134e-15								FGA
2025-01-22	north	14	2.0110125e-15	3.2735702e-15	1.1320975e-15	2.886293e-15	1.3871286e-15	2.4138677e-15	1.6297377e-15								FGA
2025-01-23	north	14	1.892267e-15	3.1077956e-15	1.0773077e-15	2.7041588e-15	1.3080734e-15	2.2906566e-15	1.5387468e-15								FGA
2025-01-24	north	14	1.7984642e-15	2.9641386e-15	1.0342217e-15	2.564572e-15	1.218195e-15	2.194678e-15	1.4615774e-15								FGA
2025-01-25	north	14	1.7144932e-15	2.8254965e-15	9.869962e-16	2.4305907e-15	1.1607266e-15	2.0926027e-15	1.3962069e-15								FGA
2025-01-26	north	14	1.6381948e-15	2.6996388e-15	9.465627e-16	2.313783e-15	1.1051458e-15	2.0223418e-15	1.3298785e-15								FGA
2025-01-27	north	14	1.5828157e-15	2.6183163e-15	9.091516e-16	2.247923e-15	1.0598417e-15	1.927385e-15	1.2818207e-15								FGA
2025-01-28	north	14	1.5152011e-15	2.5334076e-15	8.534993e-16	2.1933679e-15	1.0155309e-15	1.8284187e-15	1.2306343e-15								FGA
2025-01-29	north	14	1.4555217e-15	2.4446112e-15	8.006603e-16	2.0816273e-15	9.631803e-16	1.7510403e-15	1.1714638e-15								FGA
2025-01-30	north	14	1.3947697e-15	2.3924272e-15	7.5395456e-16	2.0269301e-15	9.286918e-16	1.6904095e-15	1.1318384e-15								FGA
2025-01-31	north	14	1.3453272e-15	2.3094828e-15	7.211731e-16	1.9527714e-15	8.884415e-16	1.6396472e-15	1.0924832e-15								FGA
2025-02-01	north	14	1.291753e-15	2.2775157e-15	6.962195e-16	1.8738272e-15	8.54183e-16	1.5774754e-15	1.0557048e-15								FGA
2025-02-02	north	14	1.241587e-15	2.2201979e-15	6.741423e-16	1.8249465e-15	8.3090676e-16	1.5182392e-15	1.0148128e-15								FGA
2025-02-03	north	14	1.2020746e-15	2.1630644e-15	6.481395e-16	1.7627984e-15	8.074311e-16	1.4671303e-15	9.825065e-16								FGA
2025-02-04	north	14	1.158473e-15	2.1329609e-15	6.149657e-16	1.7168825e-15	7.8389474e-16	1.4085204e-15	9.528662e-16								FGA
2025-02-05	north	14	1.1195232e-15	2.0992348e-15	5.8581153e-16	1.6643636e-15	7.6115106e-16	1.3531948e-15	9.182275e-16								FGA
2025-02-06	north	14	1.0790829e-15	2.0320992e-15	5.628864e-16	1.6140467e-15	7.3180396e-16	1.3232804e-15	8.876545e-16								FGA
2025-02-07	north	14	1.0488834e-15	1.9810017e-15	5.421488e-16	1.5615785e-15	7.074974e-16	1.2790368e-15	8.5764643e-16								FGA
2025-02-08	north	14	1.0145106e-15	1.9355056e-15	5.232449e-16	1.5186682e-15	6.8079844e-16	1.2446415e-15	8.1942084e-16								FGA
2025-02-09	north	14	9.812923e-16	1.8850714e-15	5.062214e-16	1.4850097e-15	6.5909206e-16	1.2042462e-15	7.9107546e-16								FGA
2025-02-10	north	14	9.507534e-16	1.8405912e-15	4.883349e-16	1.446183e-15	6.4433865e-16	1.1740055e-15	7.6560026e-16								FGA
2025-02-11	north	14	9.250284e-16	1.7872857e-15	4.7209117e-16	1.4050938e-15	6.2412606e-16	1.142102e-15	7.3695583e-16								FGA
2025-02-12	north	14	8.958971e-16	1.752251e-15	4.6413943e-16	1.3779799e-15	6.085678e-16	1.1138248e-15	7.1038493e-16								FGA
2025-02-13	north	14	8.676439e-16	1.7202069e-15	4.5772e-16	1.3348409e-15	5.895564e-16	1.0840994e-15	6.968084e-16								FGA
2025-02-14	north	14	8.3852514e-16	1.6770563e-15	4.4417397e-16	1.2949199e-15	5.668854e-16	1.0497788e-15	6.763736e-16								FGA
2025-02-15	north	14	8.0901615e-16	1.6305139e-15	4.3271867e-16	1.2660179e-15	5.505791e-16	1.0219062e-15	6.573004e-16								FGA
2025-02-16	north	14	7.9733085e-16	1.598467e-15	4.2193729e-16	1.2483217e-15	5.3651697e-16	1.0020163e-15	6.4093877e-16								FGA
2025-02-17	north	14	7.7715993e-16	1.5846152e-15	4.0811453e-16	1.2352011e-15	5.1405005e-16	9.840636e-16	6.257281e-16								FGA
2025-02-18	north	14	7.582043e-16	1.5908704e-15	3.904657e-16	1.2046596e-15	5.0068673e-16	9.619582e-16	6.1343926e-16								FGA
2025-02-19	north	14	7.4594147e-16	1.5990559e-15	3.782413e-16	1.18858e-15	4.875388e-16	9.402652e-16	5.96999e-16								FGA
2025-02-20	north	14	7.2811683e-16	1.5916323e-15	3.7279776e-16	1.1882481e-15	4.726419e-16	9.296602e-16	5.834732e-16								FGA
2025-02-21	north	14	7.1739794e-16	1.5915718e-15	3.6460936e-16	1.1862538e-15	4.6259614e-16	9.226127e-16	5.7186265e-16								FGA
2025-02-22	north	14	7.041179e-16	1.5887391e-15	3.6001711e-16	1.1682342e-15	4.5490466e-16	9.125374e-16	5.6120194e-16								FGA
2025-02-23	north	14	5.5083757e-11	1.9178183e-10	1.7334408e-11	1.2014335e-10	2.6109172e-11	8.2588755e-11	3.5648696e-11								FGA
2025-02-24	north	14	0.00013678047	0.00046580343	4.3047836e-05	0.0002998949	6.500524e-05	0.00020194819	8.745679e-05								FGA
2025-02-25	north	14	0.0022485633	0.0077014733	0.00070430094	0.00498509	0.0010696348	0.003309793	0.0014327642								FGA
2025-02-26	north	14	0.0048452243	0.016572699	0.001459063	0.010687916	0.002274383	0.0070952023	0.0030399996								FGA
2025-02-27	north	14	0.0061194785	0.02090905	0.0017929509	0.013492419	0.0028637205	0.008942977	0.0039267144								FGA
2025-02-28	north	14	0.007282492	0.024763534	0.00214527	0.016087404	0.0034034755	0.010630384	0.0046902252								FGA
2025-03-01	north	14	0.0089468565	0.029911151	0.002640767	0.019423602	0.004142218	0.012765379	0.005720076								FGA
2025-03-02	north	14	0.010600321	0.035276853	0.0031146205	0.022538187	0.0047739614	0.014897522	0.006704084								FGA
2025-03-03	north	14	0.012030994	0.0401326	0.003517685	0.025127137	0.0053491937	0.01674369	0.007555177								FGA
2025-03-04	north	14	0.013287142	0.044520408	0.0038996413	0.027589262	0.0059554605	0.018711453	0.008353591								FGA
2025-03-05	north	14	0.0145573355	0.04850026	0.0042758062	0.03043939	0.006567705	0.02060931	0.009266418								FGA
2025-03-06	north	14	0.015867002	0.05288389	0.0046379906	0.032860935	0.0071835574	0.02241648	0.010161035								FGA
2025-03-07	north	14	0.01719578	0.057325836	0.0050402805	0.035314668	0.0077842996	0.024227666	0.011000617								FGA
2025-03-08	north	14	0.01847447	0.061770152	0.0054772445	0.037703004	0.0083211735	0.02600277	0.011830803								FGA
2025-03-09	north	14	0.01983188	0.066272005	0.0059008044	0.04052279	0.008806505	0.027651727	0.012640358								FGA
2025-03-10	north	14	0.020781465	0.07029013	0.0061961766	0.042475678	0.009216033	0.028943552	0.013320774								FGA
2025-03-11	north	14	0.019584047	0.06592255	0.0059191994	0.040430576	0.008836156	0.027458552	0.01277641								FGA
2025-03-12	north	14	0.017832495	0.05951402	0.0054644626	0.036579844	0.008227908	0.025054052	0.011658886								FGA
2025-03-13	north	14	0.017354712	0.05796686	0.0053892336	0.035592545	0.00824894	0.024710994	0.011474305								FGA
2025-03-14	north	14	0.017087119	0.057036843	0.005350039	0.035367325	0.008188061	0.024688251	0.011381294								FGA
2025-03-15	north	14	0.01656077	0.0537036	0.005094767	0.033558507	0.007863993	0.024257917	0.011082204								FGA
2025-03-16	north	14	0.015962586	0.05071655	0.00483006	0.032026064	0.007506173	0.02340822	0.010561133								FGA
2025-03-17	north	14	0.015465125	0.049708236	0.0047599897	0.030865723	0.007235838	0.022761432	0.010314979								FGA
2025-03-18	north	14	0.014908525	0.048198227	0.004598857	0.029621355	0.0069559375	0.022008881	0.0101470975								FGA
2025-03-19	north	14	0.014514657	0.04621201	0.0043358593	0.02889858	0.006663164	0.021096103	0.009838365								FGA
2025-03-20	north	14	0.014196593	0.04410446	0.004148447	0.028217718	0.006464409	0.020340387	0.0095135085								FGA
2025-03-21	north	14	0.013933547	0.042193774	0.004019934	0.027445557	0.006304995	0.019775191	0.009259269								FGA
2025-03-22	north	14	0.013473855	0.039994206	0.0038861528	0.026686756	0.0061522275	0.019265525	0.008985931								FGA
2025-03-23	north	14	0.012853056	0.038064517	0.003730875	0.025948256	0.005970157	0.018581085	0.008761677								FGA
2025-03-24	north	14	0.0125432685	0.036177367	0.0035674418	0.025082348	0.005840162	0.018059012	0.008453429								FGA
2025-03-25	north	14	0.012137928	0.034554143	0.0034118758	0.024494572	0.005675613	0.017490573	0.008194321								FGA
2025-03-26	north	14	0.011764312	0.03347898	0.0032629673	0.023885492	0.0053517176	0.01702638	0.007836286								FGA
2025-03-27	north	14	0.011423328	0.032897156	0.0031109056	0.02320852	0.0052430127	0.016510507	0.007454534								FGA
2025-03-28	north	14	0.011074165	0.03233437	0.0029559059	0.02183889	0.0050027682	0.015903778	0.0072162948								FGA
2025-03-29	north	14	0.0107350815	0.031196238	0.002808634	0.021676384	0.0047669127	0.015305947	0.0069685685								FGA
2025-03-30	north	14	0.010344725	0.030415151	0.0026687337	0.021145798	0.0045672455	0.015032613	0.006755201								FGA
2025-03-31	north	2								0.92200357	0.9588642	0.8644907	0.9480154	0.88404787	0.93485105	0.9037164	FGA
2025-04-01	north	2								0.9220402	0.95929486	0.8649367	0.9485523	0.884037	0.9351924	0.9035078	FGA
2025-04-02	north	2								0.92227995	0.9597156	0.8645408	0.9488602	0.88418436	0.9353466	0.9034291	FGA
2025-04-03	north	2								0.92229426	0.96029526	0.86374396	0.94900936	0.884346	0.9354897	0.9033347	FGA
2025-04-04	north	2								0.92268324	0.9609589	0.86292905	0.9492348	0.88434494	0.93585706	0.9032408	FGA
2025-04-05	north	2								0.92295754	0.9615417	0.86205673	0.94977933	0.8837058	0.9363681	0.90338194	FGA
2025-04-06	north	2								0.92314017	0.9619778	0.861179	0.95030874	0.8840401	0.9365883	0.9033093	FGA
2025-04-07	north	2								0.923474	0.96236634	0.8603028	0.95084274	0.8840943	0.93705153	0.90302575	FGA
2025-04-08	north	2								0.92365515	0.9626988	0.8592839	0.95147836	0.8834689	0.9373548	0.9030299	FGA
2025-04-09	north	2								0.92373675	0.9632157	0.8578451	0.95168245	0.88327265	0.93801755	0.90315855	FGA
2025-04-10	north	2								0.9239781	0.963728	0.85647833	0.9518474	0.8830164	0.9382585	0.9031659	FGA
2025-04-11	north	2								0.9241582	0.9642306	0.8552747	0.9520409	0.88215387	0.9386156	0.9030352	FGA
2025-04-12	north	2								0.9241452	0.9647965	0.8540369	0.9524148	0.8811367	0.93894637	0.90293825	FGA
2025-04-13	north	2								0.92413896	0.9653448	0.8527655	0.95289075	0.881302	0.93957746	0.9026463	FGA
2025-04-14	north	2								0.9243794	0.9657281	0.85145897	0.95312	0.8811155	0.9398275	0.90242225	FGA
2025-04-15	north	2								0.9245943	0.9661422	0.85010064	0.9535877	0.8810237	0.9401506	0.9022716	FGA
2025-04-16	north	2								0.92481303	0.9666032	0.84869826	0.95402795	0.8802311	0.9404509	0.90232754	FGA
2025-04-17	north	2								0.92500895	0.9670577	0.8471407	0.9543645	0.8795352	0.9407657	0.9022892	FGA
2025-04-18	north	2								0.92527187	0.96750575	0.84555745	0.95484275	0.87899363	0.9410827	0.90186816	FGA
2025-04-19	north	2								0.9253412	0.9679473	0.8439489	0.9550154	0.87846494	0.9414599	0.9015566	FGA
2025-04-20	north	2								0.925591	0.96838266	0.8423153	0.9551775	0.8779282	0.9418254	0.9012878	FGA
2025-04-21	north	2								0.92554754	0.96881163	0.8406569	0.9553344	0.87738353	0.94215524	0.9010134	FGA
2025-04-22	north	2								0.9256558	0.9692347	0.8390546	0.95554507	0.8768311	0.94227254	0.9006205	FGA
2025-04-23	north	2								0.9257863	0.9696516	0.8375163	0.9558833	0.8756297	0.94249606	0.90036714	FGA
2025-04-24	north	2								0.9257939	0.970068	0.8362418	0.95623237	0.8748687	0.94255483	0.90015876	FGA
2025-04-25	north	2								0.9257513	0.97037154	0.83491963	0.9566059	0.8745265	0.9427566	0.89984614	FGA
2025-04-26	north	2								0.92598695	0.97058487	0.83357775	0.95693606	0.8742232	0.94317424	0.89947546	FGA
2025-04-27	north	2								0.92605484	0.9707998	0.83234274	0.95721555	0.87395114	0.9434103	0.89909405	FGA
2025-04-28	north	2								0.9260931	0.97101295	0.8308586	0.9575511	0.8734124	0.9436593	0.89874035	FGA
2025-04-29	north	2								0.92618847	0.9712241	0.82928	0.9579392	0.872856	0.9438361	0.89839435	FGA
2025-04-30	north	2								0.9263278	0.97143346	0.82771766	0.9583079	0.8714329	0.943946	0.8982784	FGA
2025-05-01	north	2								0.92646354	0.9716409	0.82631445	0.9586728	0.86988324	0.94416124	0.89785576	FGA
2025-05-02	north	2								0.92649955	0.9718465	0.82488877	0.95899993	0.8689844	0.9443238	0.89735323	FGA
2025-05-03	north	2								0.92652255	0.9721626	0.823441	0.95931363	0.8681961	0.94453895	0.8970938	FGA
2025-05-04	north	2								0.926545	0.972496	0.8219339	0.95952576	0.867437	0.9447264	0.8971299	FGA
2025-05-05	north	2								0.9265076	0.9728252	0.8200918	0.9598219	0.8667453	0.9448769	0.8971288	FGA
2025-05-06	north	2								0.926317	0.9731506	0.8180938	0.9602453	0.8660563	0.94512737	0.89645255	FGA
2025-05-07	north	2								0.9262805	0.973472	0.81600493	0.9605277	0.86503726	0.9453471	0.8960527	FGA
2025-05-08	north	2								0.92628276	0.9737895	0.8140347	0.96079355	0.86418873	0.9455719	0.8957416	FGA
2025-05-09	north	2								0.9264129	0.9741032	0.81222963	0.9610576	0.863359	0.94580346	0.8952892	FGA
2025-05-10	north	2								0.9264144	0.97441304	0.8103972	0.96140087	0.8625502	0.9460383	0.89460224	FGA
2025-05-11	north	2								0.9263375	0.9747192	0.808527	0.9618386	0.86189836	0.9462697	0.8940942	FGA
2025-05-12	north	2								0.9262155	0.97502154	0.80651623	0.9622704	0.86088806	0.9464911	0.8937307	FGA
2025-05-13	north	2								0.92609215	0.97532034	0.8044821	0.9626852	0.8599245	0.9467074	0.89342463	FGA
2025-05-14	north	2								0.92596734	0.97561544	0.8024249	0.96293575	0.8590472	0.9469051	0.89311385	FGA
2025-05-15	north	2								0.92587495	0.97590697	0.8003447	0.963061	0.8581659	0.94722694	0.8927358	FGA
2025-05-16	north	2								0.92577493	0.97619504	0.79824173	0.96341115	0.857277	0.947317	0.8923735	FGA
2025-05-17	north	2								0.92575216	0.97647953	0.7961162	0.96383137	0.85638076	0.9473767	0.89164233	FGA
2025-05-18	north	2								0.9257332	0.97676057	0.79396814	0.96402884	0.8554772	0.9475852	0.8915309	FGA
2025-05-19	north	2								0.9256995	0.97703826	0.7917978	0.9641925	0.8545667	0.94779146	0.891234	FGA
2025-05-20	north	2								0.9255887	0.9773126	0.78965104	0.9643442	0.8536492	0.9479956	0.89070785	FGA
2025-05-21	north	2								0.92557484	0.97758365	0.78776675	0.96448654	0.85272497	0.94819766	0.89026576	FGA
2025-05-22	north	2								0.92559487	0.97785294	0.78585017	0.9646265	0.85179394	0.9483979	0.88988954	FGA
2025-05-23	north	2								0.92561203	0.9781201	0.78363717	0.96476054	0.8508564	0.9485755	0.88932115	FGA
2025-05-24	north	2								0.925599	0.9783841	0.7813557	0.9649701	0.84983945	0.94880104	0.8887605	FGA
2025-05-25	north	2								0.9254129	0.9786447	0.7790524	0.9652138	0.8488801	0.94895613	0.88835156	FGA
2025-05-26	north	2								0.9252068	0.97887194	0.7767257	0.9654922	0.8479138	0.94929594	0.88795877	FGA
2025-05-27	north	2								0.92512524	0.97907966	0.77437973	0.9658344	0.84694064	0.94958305	0.8874936	FGA
2025-05-28	north	2								0.9251275	0.97928536	0.77201444	0.9661721	0.8459465	0.949837	0.8871134	FGA
2025-05-29	north	2								0.92512774	0.979489	0.7696298	0.96650535	0.8449399	0.9500048	0.88658667	FGA
2025-05-30	north	2								0.9252837	0.9796907	0.76722604	0.96683395	0.84392697	0.95013106	0.8860229	FGA
2025-05-31	north	2								0.9253242	0.97989094	0.76480305	0.96712804	0.84296423	0.95042545	0.8854555	FGA
2025-06-01	north	2								0.9253794	0.9800905	0.7623609	0.9673175	0.84200466	0.9506585	0.88488865	FGA
2025-06-02	north	2								0.9253987	0.9802881	0.7598996	0.9674895	0.8410396	0.9508016	0.8843438	FGA
2025-06-03	north	2								0.9253736	0.9804837	0.7574194	0.96765214	0.840069	0.95094043	0.8837956	FGA
2025-06-04	north	2								0.9252771	0.98067737	0.75492007	0.96781397	0.839093	0.9510784	0.8832527	FGA
2025-06-05	north	2								0.92519027	0.9808692	0.75240195	0.9679433	0.8382445	0.95121545	0.8827513	FGA
2025-06-06	north	2								0.9251228	0.9810591	0.7498649	0.9680403	0.83723634	0.95135164	0.88224906	FGA
2025-06-07	north	2								0.9250543	0.981247	0.747309	0.96820337	0.83623016	0.95148677	0.88167375	FGA
2025-06-08	north	2								0.9249848	0.9814332	0.7447345	0.96842027	0.835469	0.9516211	0.88109845	FGA
2025-06-09	north	2								0.92491436	0.98163027	0.74214125	0.96863544	0.83481157	0.95174885	0.8805975	FGA
2025-06-10	north	2								0.92484283	0.981849	0.7395295	0.968811	0.8339418	0.951887	0.8801394	FGA
2025-06-11	north	2								0.9247472	0.9820649	0.73720556	0.9689789	0.83273584	0.9520186	0.8796794	FGA
2025-06-12	north	2								0.9246417	0.9822778	0.7350147	0.9691457	0.8315219	0.95214933	0.87908304	FGA
2025-06-13	north	2								0.9245886	0.9824879	0.73281133	0.9693115	0.83030003	0.9522792	0.8784604	FGA
2025-06-14	north	2								0.92454517	0.9826953	0.730591	0.9694763	0.8290704	0.9524423	0.8782073	FGA
2025-06-15	north	2								0.9244713	0.98289984	0.72832704	0.9696401	0.82791466	0.9526595	0.8779557	FGA
2025-06-16	north	2								0.92439437	0.9831018	0.72605026	0.96980286	0.8268282	0.95283747	0.87765694	FGA
2025-06-17	north	2								0.9243165	0.9833024	0.7237611	0.96996456	0.8257488	0.95294595	0.87734216	FGA
2025-06-18	north	2								0.924196	0.98348165	0.72145945	0.9701253	0.8246689	0.9530456	0.87702656	FGA
2025-06-19	north	2								0.9240811	0.9836487	0.7191454	0.9703743	0.8235832	0.95314455	0.87671006	FGA
2025-06-20	north	2								0.924078	0.98379916	0.7168191	0.97063303	0.82249165	0.9532172	0.87639266	FGA
2025-06-21	north	2								0.92402214	0.9839448	0.7144806	0.9708892	0.8213942	0.95329416	0.87599254	FGA
2025-06-22	north	2								0.923915	0.9840888	0.7121299	0.97114295	0.8202911	0.9534328	0.8750574	FGA
2025-06-23	north	2								0.9238579	0.984231	0.7097672	0.9713886	0.81918216	0.9535712	0.8746796	FGA
2025-06-24	north	2								0.9237554	0.9843716	0.70739263	0.9716138	0.8180674	0.95372385	0.8743907	FGA
2025-06-25	north	2								0.92366487	0.98451066	0.7050061	0.97175324	0.81694686	0.95388776	0.8741003	FGA
2025-06-26	north	2								0.92358	0.9846905	0.7026079	0.9718905	0.8158206	0.9540504	0.8738085	FGA
2025-06-27	north	2								0.92349434	0.9848741	0.70019805	0.9720224	0.8146885	0.9542118	0.8735151	FGA
2025-06-28	north	2								0.9234081	0.9850553	0.6977767	0.972149	0.8135507	0.95437205	0.8731184	FGA
2025-06-29	north	2								0.92339253	0.98522663	0.69534373	0.97234476	0.8121552	0.95453113	0.87250096	FGA
2025-06-30	north	2								0.9234065	0.98536175	0.69289947	0.9725643	0.81077695	0.954689	0.8718799	FGA
2025-07-01	north	2								0.9234199	0.98549384	0.690444	0.97278196	0.8095781	0.9548459	0.87125504	FGA
2025-07-02	north	2								0.9233571	0.98562443	0.6879774	0.97292745	0.80837333	0.95497906	0.8703525	FGA
2025-07-03	north	2								0.92326784	0.9857782	0.68549967	0.9730526	0.8071626	0.9550823	0.869685	FGA
2025-07-04	north	2								0.92322063	0.98593026	0.68301105	0.973177	0.80594575	0.9551841	0.8689056	FGA
2025-07-05	north	2								0.923191	0.9860804	0.68051165	0.9733008	0.804723	0.95531833	0.86805284	FGA
2025-07-06	north	2								0.92312783	0.98622894	0.67800164	0.973479	0.8035083	0.95540696	0.8673383	FGA
2025-07-07	north	2								0.92301965	0.986378	0.67548096	0.9736908	0.802326	0.9555489	0.8666061	FGA
2025-07-08	north	2								0.92291075	0.98652554	0.67294985	0.9738995	0.8011383	0.9556903	0.86585045	FGA
2025-07-09	north	2								0.92280126	0.98667127	0.6704084	0.9741037	0.79994506	0.95583093	0.86509037	FGA
2025-07-10	north	2								0.9226912	0.9868153	0.6678569	0.9743062	0.79874647	0.95597094	0.8643257	FGA
2025-07-11	north	2								0.9226146	0.98695755	0.6652951	0.97450715	0.79754233	0.95611036	0.8635567	FGA
2025-07-12	north	2								0.9225565	0.9870983	0.6625692	0.9747063	0.7963328	0.95623076	0.8627833	FGA
2025-07-13	north	2								0.92245626	0.98723733	0.65962684	0.9749026	0.7951178	0.9563072	0.8620903	FGA
2025-07-14	north	2								0.92235565	0.98737	0.65667194	0.9750972	0.79389733	0.95638233	0.86149645	FGA
2025-07-15	north	2								0.92225474	0.9874944	0.6537046	0.9752902	0.7926714	0.9564563	0.8609	FGA
2025-07-16	north	2								0.92217165	0.98761755	0.6507251	0.9754817	0.79144007	0.95652217	0.8603215	FGA
2025-07-17	north	2								0.9221995	0.9877394	0.64773357	0.9756717	0.7902033	0.95656717	0.8596373	FGA
2025-07-18	north	2								0.9221803	0.98786	0.6447303	0.9758601	0.7887309	0.9566111	0.8589277	FGA
2025-07-19	north	2								0.9220712	0.9879793	0.64171547	0.97604704	0.7870448	0.9566537	0.85821444	FGA
2025-07-20	north	2								0.9219619	0.9880976	0.63868916	0.97620785	0.7853573	0.9567088	0.85749733	FGA
2025-07-21	north	2								0.92185545	0.98823035	0.6356517	0.9763554	0.7836637	0.9568002	0.85677636	FGA
2025-07-22	north	2								0.9218133	0.9883615	0.6326032	0.976499	0.7820252	0.9568912	0.85605156	FGA
2025-07-23	north	2								0.92177033	0.9884912	0.629544	0.97664964	0.78076977	0.95697016	0.85535645	FGA
2025-07-24	north	2								0.92172664	0.9886193	0.6264743	0.97681063	0.77966744	0.9570181	0.8547236	FGA
2025-07-25	north	2								0.92172444	0.9887461	0.6233943	0.9769992	0.7785804	0.9570654	0.85408795	FGA
2025-07-26	north	2								0.92173606	0.9888714	0.6203041	0.97718614	0.77749574	0.9571866	0.85344976	FGA
2025-07-27	north	2								0.92173016	0.9889953	0.61720407	0.9773715	0.7764184	0.9573175	0.8528124	FGA
2025-07-28	north	2								0.92170763	0.98911774	0.6140943	0.97754174	0.77533734	0.9574478	0.85222155	FGA
2025-07-29	north	2								0.9216788	0.9892389	0.6109752	0.9776941	0.77425253	0.9575775	0.8516286	FGA
2025-07-30	north	2								0.9216303	0.9893586	0.60784686	0.9778446	0.77316386	0.95770675	0.85103357	FGA
2025-07-31	north	2								0.92158145	0.9894769	0.6047096	0.9779938	0.7720715	0.95783526	0.8504365	FGA
2025-08-01	north	2								0.92153203	0.9895941	0.6015637	0.97814184	0.7707863	0.9579635	0.84983754	FGA
2025-08-02	north	2								0.9214821	0.9897097	0.59840924	0.97828877	0.7695595	0.95809335	0.8492365	FGA
2025-08-03	north	2								0.9214318	0.9898241	0.59524655	0.97843456	0.7681777	0.9582037	0.8486333	FGA
2025-08-04	north	2								0.9213808	0.9899372	0.59207594	0.97857934	0.76679	0.9583179	0.8480282	FGA
2025-08-05	north	2								0.9213295	0.99004906	0.5888975	0.978723	0.76539654	0.95843184	0.84742093	FGA
2025-08-06	north	2								0.92123306	0.9901597	0.5857116	0.9788655	0.7640256	0.9585454	0.8468117	FGA
2025-08-07	north	2								0.9208814	0.990269	0.5825185	0.979007	0.76265305	0.95865846	0.8462004	FGA
2025-08-08	north	2								0.92061067	0.99037707	0.57931846	0.97914743	0.76127505	0.95877135	0.845587	FGA
2025-08-09	north	2								0.92053723	0.99048394	0.5761116	0.97928685	0.75989145	0.9588838	0.84499943	FGA
2025-08-10	north	2								0.9204682	0.9905896	0.57289845	0.9794169	0.7585024	0.95899594	0.84443504	FGA
2025-08-11	north	2								0.9203989	0.99069417	0.569679	0.97954553	0.7571079	0.9591077	0.84386873	FGA
2025-08-12	north	2								0.9203292	0.9907975	0.56645364	0.9796733	0.7557126	0.9592191	0.8433008	FGA
2025-08-13	north	2								0.9202591	0.9908996	0.56320024	0.97980005	0.7543202	0.95933014	0.8427795	FGA
2025-08-14	north	2								0.92018867	0.99100065	0.55968547	0.9799132	0.7529224	0.9594408	0.8423157	FGA
2025-08-15	north	2								0.9200764	0.9911006	0.5561645	0.9799874	0.7515072	0.9595512	0.8418508	FGA
2025-08-16	north	2								0.91995496	0.99119943	0.55263764	0.98006123	0.75005674	0.9596613	0.84138465	FGA
2025-08-17	north	2								0.91983306	0.991297	0.5491052	0.9801346	0.7486265	0.9597633	0.8409174	FGA
2025-08-18	north	2								0.9197193	0.99139357	0.5455676	0.98020786	0.7471939	0.959858	0.840449	FGA
2025-08-19	north	2								0.91964597	0.9914891	0.542025	0.98028064	0.745756	0.9599524	0.8399794	FGA
2025-08-20	north	2								0.91960216	0.9915836	0.53847814	0.980363	0.74431264	0.96004665	0.8395087	FGA
2025-08-21	north	2								0.9196061	0.991677	0.53492695	0.9804832	0.74286395	0.9601405	0.83878934	FGA
2025-08-22	north	2								0.9195136	0.99176925	0.53137213	0.9806025	0.7414099	0.9602343	0.8379567	FGA
2025-08-23	north	2								0.9193852	0.9918605	0.52781385	0.980721	0.7399505	0.96032774	0.8371206	FGA
2025-08-24	north	2								0.9192725	0.9919508	0.5242525	0.98083884	0.7384857	0.9604461	0.83628094	FGA
2025-08-25	north	2								0.9191965	0.99204004	0.52068853	0.98095584	0.73701566	0.9605408	0.8354376	FGA
2025-08-26	north	2								0.9191152	0.9921284	0.5171222	0.981072	0.7355403	0.96064377	0.8345908	FGA
2025-08-27	north	2								0.9190305	0.9922157	0.513554	0.9811875	0.7340596	0.9607542	0.8337586	FGA
2025-08-28	north	2								0.91893023	0.992302	0.5099842	0.9813021	0.7325737	0.9608342	0.8330381	FGA
2025-08-29	north	2								0.91874933	0.9923873	0.5064132	0.9814152	0.7310825	0.96093285	0.83231497	FGA
2025-08-30	north	2								0.91870755	0.9924717	0.5028414	0.9815266	0.7295861	0.9610632	0.83158934	FGA
2025-08-31	north	2								0.9186664	0.9925552	0.49926913	0.98163724	0.7280843	0.9612347	0.83091164	FGA
2025-09-01	north	2								0.91860473	0.9926377	0.49569684	0.98174715	0.72657746	0.9614077	0.8302487	FGA
2025-09-02	north	2								0.9185206	0.99271935	0.4921248	0.9818564	0.7250654	0.9615801	0.8295837	FGA
2025-09-03	north	2								0.91843784	0.99280006	0.4885534	0.9819649	0.7235481	0.9617515	0.82871175	FGA
2025-09-04	north	2								0.91835487	0.9928798	0.4849831	0.9820728	0.72202563	0.9618987	0.82782584	FGA
2025-09-05	north	2								0.9182718	0.9929588	0.48141417	0.9821798	0.72049814	0.96199435	0.8269362	FGA
2025-09-06	north	2								0.9181886	0.9930368	0.47784695	0.9822863	0.7189654	0.96208364	0.8261491	FGA
2025-09-07	north	2								0.9181051	0.99311393	0.47428194	0.9823921	0.7174276	0.9621726	0.82539773	FGA
2025-09-08	north	2								0.9180217	0.9931903	0.47071946	0.9824971	0.715835	0.9622611	0.82464373	FGA
2025-09-09	north	2								0.917938	0.99326575	0.46715984	0.9826015	0.7141197	0.9623493	0.823887	FGA
2025-09-10	north	2								0.91784835	0.99334043	0.46360347	0.98270524	0.71239805	0.96243423	0.82312757	FGA
2025-09-11	north	2								0.91773564	0.9934142	0.4600507	0.98280823	0.71067035	0.9625318	0.82236546	FGA
2025-09-12	north	2								0.9176227	0.9934872	0.45650193	0.98291063	0.7089365	0.9626405	0.8216006	FGA
2025-09-13	north	2								0.91750956	0.99355936	0.4529575	0.98301244	0.70722073	0.9627489	0.820833	FGA
2025-09-14	north	2								0.9173962	0.9936307	0.44941777	0.98311347	0.7055023	0.96285665	0.82014936	FGA
2025-09-15	north	2								0.9172889	0.9937013	0.44588304	0.9832188	0.70399046	0.96296394	0.8194679	FGA
2025-09-16	north	2								0.9171958	0.993771	0.44235379	0.9833263	0.702295	0.96307075	0.81878436	FGA
2025-09-17	north	2								0.9171338	0.9938401	0.43883032	0.9834332	0.7002498	0.96317714	0.8180987	FGA
2025-09-18	north	2								0.91710436	0.99390835	0.43531293	0.9835393	0.698406	0.96328294	0.8174112	FGA
2025-09-19	north	2								0.91707486	0.9939758	0.43180197	0.98364484	0.69666356	0.9633883	0.81672144	FGA
2025-09-20	north	2								0.9170454	0.9940425	0.42829785	0.9837496	0.69499797	0.9634932	0.81602967	FGA
2025-09-21	north	2								0.91701585	0.99410856	0.42480096	0.9838537	0.6929898	0.9635838	0.81533587	FGA
2025-09-22	north	2								0.91698635	0.99417377	0.4213115	0.9839572	0.6910724	0.9636687	0.81444967	FGA
2025-09-23	north	2								0.9169265	0.9942384	0.4178299	0.98406	0.68922734	0.96374816	0.8135028	FGA
2025-09-24	north	2								0.91686213	0.9943022	0.41435644	0.98416215	0.6873761	0.96382177	0.812552	FGA
2025-09-25	north	2								0.9167977	0.99436533	0.4108915	0.98426354	0.6855189	0.9638884	0.8115972	FGA
2025-09-26	north	2								0.9167332	0.99442774	0.4074354	0.9843613	0.6836557	0.9639473	0.81065667	FGA
2025-03-31	north	22								0.06531001	0.1228084	0.033366427	0.102702424	0.041933272	0.08376627	0.054308027	FGA
2025-04-01	north	22								0.06527942	0.12383409	0.03301015	0.10319482	0.041761134	0.0844382	0.054110333	FGA
2025-04-02	north	22								0.06500684	0.12489134	0.032664143	0.10367101	0.04151359	0.085113086	0.053912163	FGA
2025-04-03	north	22								0.06502648	0.12602101	0.032431915	0.10410427	0.041107878	0.08558838	0.053659678	FGA
2025-04-04	north	22								0.064869925	0.12694658	0.03220445	0.10469005	0.040970847	0.08583924	0.053396627	FGA
2025-04-05	north	22								0.06495567	0.12794058	0.032014135	0.105082266	0.040956337	0.086058125	0.053192485	FGA
2025-04-06	north	22								0.06518358	0.12911898	0.03182844	0.10584913	0.04094142	0.086325824	0.05301507	FGA
2025-04-07	north	22								0.065154046	0.13073704	0.031644348	0.10693875	0.040926132	0.08656631	0.05283318	FGA
2025-04-08	north	22								0.06540124	0.13236742	0.031359307	0.1077929	0.04072198	0.08679482	0.0526271	FGA
2025-04-09	north	22								0.065661155	0.13401364	0.031044725	0.10848712	0.040475227	0.08706793	0.052497096	FGA
2025-04-10	north	22								0.06577983	0.13563578	0.030733103	0.109239094	0.0402622	0.087348685	0.05229869	FGA
2025-04-11	north	22								0.06579898	0.13714725	0.030424444	0.109933205	0.03991286	0.08750456	0.052296564	FGA
2025-04-12	north	22								0.06590377	0.13867036	0.030118788	0.11053071	0.039721757	0.08786394	0.052151497	FGA
2025-04-13	north	22								0.065883815	0.14022128	0.02981609	0.11112828	0.039598282	0.08836384	0.05192384	FGA
2025-04-14	north	22								0.0657786	0.14178526	0.02950332	0.11172601	0.0394752	0.08903292	0.05173667	FGA
2025-04-15	north	22								0.065882295	0.14336194	0.029157527	0.11258762	0.039345987	0.089719795	0.05157649	FGA
2025-04-16	north	22								0.06601085	0.14495136	0.028811304	0.11360874	0.039062377	0.08986581	0.05136131	FGA
2025-04-17	north	22								0.06606248	0.14655377	0.02846459	0.11463728	0.03878064	0.09018715	0.051144894	FGA
2025-04-18	north	22								0.06611216	0.14816926	0.028125582	0.11556783	0.038520545	0.09059196	0.051007837	FGA
2025-04-19	north	22								0.06625278	0.14979795	0.027911123	0.116404176	0.03820745	0.090935126	0.050949283	FGA
2025-04-20	north	22								0.06639348	0.15147956	0.027696198	0.11740836	0.03800281	0.09101701	0.05078866	FGA
2025-04-21	north	22								0.06653425	0.15325908	0.027474958	0.11847685	0.037721775	0.091480784	0.050722785	FGA
2025-04-22	north	22								0.06665456	0.15505455	0.027202666	0.1195133	0.037442535	0.09201504	0.05070235	FGA
2025-04-23	north	22								0.06674148	0.15686603	0.026924308	0.12014384	0.037177105	0.09252523	0.050474755	FGA
2025-04-24	north	22								0.06694451	0.15869363	0.02664872	0.12128924	0.036918845	0.09308885	0.050303575	FGA
2025-04-25	north	22								0.067098156	0.16047707	0.026375886	0.12250409	0.03668052	0.093619466	0.05015804	FGA
2025-04-26	north	22								0.06714628	0.1621768	0.02610577	0.12372899	0.036513954	0.09410001	0.050024353	FGA
2025-04-27	north	22								0.06710465	0.16389033	0.025838355	0.12476692	0.036279973	0.09458155	0.049921207	FGA
2025-04-28	north	22								0.06709143	0.16539885	0.02557362	0.12542352	0.03611203	0.095015675	0.049786583	FGA
2025-04-29	north	22								0.06702043	0.16678448	0.025311537	0.1260827	0.036018007	0.09544064	0.04965458	FGA
2025-04-30	north	22								0.06710005	0.16817978	0.025052086	0.12674452	0.035853956	0.09599646	0.049522642	FGA
2025-05-01	north	22								0.06716783	0.16981661	0.024784874	0.12809698	0.035700757	0.09651798	0.049376085	FGA
2025-05-02	north	22								0.067320205	0.1718667	0.024504473	0.12922336	0.035554994	0.097004846	0.049309365	FGA
2025-05-03	north	22								0.06748547	0.17394786	0.024227135	0.13007428	0.035409722	0.09749288	0.04923638	FGA
2025-05-04	north	22								0.06754875	0.17572758	0.023952827	0.1309293	0.035264943	0.09793954	0.049056422	FGA
2025-05-05	north	22								0.06770964	0.17736386	0.023681523	0.13173622	0.03512067	0.098284364	0.04889671	FGA
2025-05-06	north	22								0.0678706	0.17901744	0.023413194	0.13246535	0.034976885	0.098629676	0.048737675	FGA
2025-05-07	north	22								0.06799028	0.18068264	0.023147807	0.13319725	0.03483361	0.098974854	0.048557956	FGA
2025-05-08	north	22								0.0682175	0.18235959	0.022885334	0.13391235	0.03469084	0.099519774	0.04832855	FGA
2025-05-09	north	22								0.06837258	0.184103	0.022609672	0.13483527	0.034548495	0.099910274	0.04810008	FGA
2025-05-10	north	22								0.068543464	0.18607615	0.022325292	0.13547207	0.034352746	0.10054888	0.04787854	FGA
2025-05-11	north	22								0.06875807	0.1880648	0.022076644	0.13615283	0.034149233	0.10100295	0.047700573	FGA
2025-05-12	north	22								0.068963446	0.190069	0.021843635	0.13689889	0.033946827	0.10145593	0.047600828	FGA
2025-05-13	north	22								0.069121465	0.1920888	0.02161315	0.13764787	0.03374553	0.10194659	0.04755418	FGA
2025-05-14	north	22								0.06924713	0.19412422	0.021385178	0.1383998	0.03354533	0.10238832	0.047418274	FGA
2025-05-15	north	22								0.06928719	0.19617529	0.021159682	0.13930766	0.03330307	0.10283107	0.047271617	FGA
2025-05-16	north	22								0.069434665	0.1982421	0.020936644	0.14066151	0.03309527	0.10337288	0.047088988	FGA
2025-05-17	north	22								0.06953664	0.20034474	0.020716032	0.14205472	0.032888647	0.10401037	0.046907824	FGA
2025-05-18	north	22								0.069594145	0.20246586	0.020496706	0.14345911	0.032667164	0.10469397	0.04675941	FGA
2025-05-19	north	22								0.06969961	0.20460305	0.02028349	0.14456744	0.032339603	0.10538128	0.046637863	FGA
2025-05-20	north	22								0.06977326	0.20675637	0.020119837	0.14552802	0.032015193	0.106054	0.046525612	FGA
2025-05-21	north	22								0.06980905	0.20892578	0.019957446	0.14647743	0.031693902	0.10643964	0.04644223	FGA
2025-05-22	north	22								0.06985868	0.21111137	0.019796306	0.14755118	0.031392515	0.106643856	0.04633889	FGA
2025-05-23	north	22								0.070004754	0.2133131	0.019603394	0.1487525	0.03113841	0.10691364	0.04618314	FGA
2025-05-24	north	22								0.07007991	0.215531	0.01940325	0.14986244	0.030886253	0.107494965	0.045940056	FGA
2025-05-25	north	22								0.07014933	0.21776512	0.019201253	0.15086015	0.030636031	0.10813013	0.045734625	FGA
2025-05-26	north	22								0.07021877	0.22001535	0.019001335	0.15186314	0.030393101	0.10876851	0.045559812	FGA
2025-05-27	north	22								0.070288256	0.2221957	0.018803515	0.1528715	0.030161945	0.10944375	0.04538557	FGA
2025-05-28	north	22								0.07035776	0.22437271	0.018607765	0.1538852	0.029932449	0.11001752	0.045228142	FGA
2025-05-29	north	22								0.07042732	0.22656457	0.018409895	0.15490428	0.029704617	0.11057412	0.04512938	FGA
2025-05-30	north	22								0.07049692	0.22877131	0.018194733	0.15592875	0.029522229	0.11113317	0.04501855	FGA
2025-05-31	north	22								0.070566565	0.23099287	0.017982038	0.1569095	0.029359411	0.11169474	0.04486087	FGA
2025-06-01	north	22								0.070507005	0.23322926	0.017771782	0.15787864	0.02908994	0.112104736	0.044770062	FGA
2025-06-02	north	22								0.07044849	0.23548044	0.017563947	0.1588525	0.028882764	0.11262339	0.04467628	FGA
2025-06-03	north	22								0.07049996	0.23774642	0.017358497	0.15983127	0.028632747	0.11298721	0.044476185	FGA
2025-06-04	north	22								0.07075149	0.24002713	0.017155407	0.16081488	0.02852233	0.11333108	0.044354483	FGA
2025-06-05	north	22								0.07100391	0.24232258	0.016954651	0.16162276	0.028418425	0.113665506	0.044260383	FGA
2025-06-06	north	22								0.07125659	0.2446327	0.016756207	0.16233854	0.028314834	0.11443239	0.044166487	FGA
2025-06-07	north	22								0.071407765	0.24695747	0.016560048	0.16335464	0.028211553	0.115129374	0.04403477	FGA
2025-06-08	north	22								0.07155908	0.24929683	0.016366148	0.16433598	0.028108574	0.11584944	0.04384864	FGA
2025-06-09	north	22								0.07166389	0.25172606	0.01617448	0.16500142	0.02798001	0.11678353	0.04366324	FGA
2025-06-10	north	22								0.0717221	0.25436038	0.015985023	0.16566904	0.027833527	0.11750293	0.04347857	FGA
2025-06-11	north	22								0.071902424	0.25701275	0.015797751	0.16651383	0.027687749	0.11811948	0.043294623	FGA
2025-06-12	north	22								0.07203453	0.2596832	0.015612638	0.16775063	0.027542673	0.11864625	0.043125667	FGA
2025-06-13	north	22								0.07210115	0.2623715	0.0154296635	0.16899464	0.02739772	0.11916677	0.04300952	FGA
2025-06-14	north	22								0.07216783	0.2650777	0.0152488	0.17024589	0.027195612	0.11985365	0.042938046	FGA
2025-06-15	north	22								0.072234586	0.26756644	0.015070027	0.17150444	0.026994959	0.12036628	0.04287835	FGA
2025-06-16	north	22								0.0723014	0.26991656	0.01489332	0.17277028	0.026797004	0.120785445	0.04281872	FGA
2025-06-17	north	22								0.072406486	0.2722803	0.0147186555	0.17395104	0.026660118	0.12120576	0.04267327	FGA
2025-06-18	north	22								0.0725134	0.27465764	0.014546011	0.17506331	0.026528826	0.121627256	0.0424996	FGA
2025-06-19	north	22								0.07264357	0.27704844	0.0143753635	0.17618111	0.02640637	0.12201038	0.04232693	FGA
2025-06-20	north	22								0.07277954	0.27945265	0.0142066935	0.1772911	0.026291212	0.12257555	0.042243782	FGA
2025-06-21	north	22								0.0729157	0.28187025	0.014039975	0.1783986	0.02621427	0.12329501	0.042184584	FGA
2025-06-22	north	22								0.07305205	0.28430107	0.013875189	0.17951149	0.026077073	0.12353363	0.042125434	FGA
2025-06-23	north	22								0.07312614	0.28675902	0.013712309	0.18062967	0.025897725	0.123756945	0.042066325	FGA
2025-06-24	north	22								0.07319611	0.28926864	0.013551321	0.18175323	0.025760649	0.1239806	0.042007256	FGA
2025-06-25	north	22								0.07326615	0.29179174	0.013392199	0.18288215	0.025624316	0.12420456	0.041948237	FGA
2025-06-26	north	22								0.07333625	0.29432824	0.013234922	0.18401639	0.025456203	0.124435514	0.041827135	FGA
2025-06-27	north	22								0.07340641	0.2968781	0.013079471	0.18515605	0.025289178	0.12477614	0.041722525	FGA
2025-06-28	north	22								0.07347663	0.29944116	0.012925823	0.1863011	0.02513196	0.12511751	0.041615993	FGA
2025-06-29	north	22								0.07354691	0.30201733	0.012773962	0.18745154	0.024975702	0.12551521	0.04144628	FGA
2025-06-30	north	22								0.07361725	0.30460644	0.012623863	0.18860734	0.024820386	0.12616885	0.04127723	FGA
2025-07-01	north	22								0.07368766	0.30720842	0.012475509	0.18976855	0.024666019	0.12649378	0.04110886	FGA
2025-07-02	north	22								0.073758125	0.30982313	0.012337162	0.19112346	0.024512585	0.12677483	0.040941156	FGA
2025-07-03	north	22								0.07382865	0.31245047	0.012203701	0.19264156	0.024360087	0.12718007	0.04077412	FGA
2025-07-04	north	22								0.07389925	0.31509027	0.012071663	0.19392331	0.024208512	0.12755461	0.04060774	FGA
2025-07-05	north	22								0.07396221	0.3177424	0.011941036	0.1951491	0.024061467	0.12825026	0.04044203	FGA
2025-07-06	north	22								0.073988065	0.32040682	0.011811802	0.19638076	0.023952011	0.12884472	0.040301107	FGA
2025-07-07	north	22								0.07398473	0.3230832	0.011683949	0.19760725	0.023843052	0.12944146	0.040173367	FGA
2025-07-08	north	22								0.07396989	0.32577157	0.011557464	0.19879723	0.02373458	0.13004045	0.040046025	FGA
2025-07-09	north	22								0.07395509	0.3284717	0.011432328	0.19999255	0.023626592	0.13064173	0.039942786	FGA
2025-07-10	north	22								0.07394031	0.33118343	0.01130853	0.20119324	0.023519216	0.13124529	0.039857686	FGA
2025-07-11	north	22								0.07395713	0.33390665	0.011186057	0.2023993	0.023415552	0.13185114	0.039780743	FGA
2025-07-12	north	22								0.07405695	0.33673406	0.011064894	0.20361076	0.023283383	0.13245928	0.03974276	FGA
2025-07-13	north	22								0.074156955	0.33984345	0.010945026	0.2048276	0.023141902	0.13306975	0.039704844	FGA
2025-07-14	north	22								0.07425715	0.34296656	0.0108264405	0.20604984	0.02300126	0.13368255	0.0395516	FGA
2025-07-15	north	22								0.074357525	0.34610322	0.0107091265	0.20727746	0.022861445	0.13424414	0.039381362	FGA
2025-07-16	north	22								0.07438424	0.34917137	0.010593066	0.20851044	0.022722458	0.13478506	0.03922481	FGA
2025-07-17	north	22								0.07442801	0.35216746	0.010478252	0.20972243	0.022584287	0.1353277	0.039097417	FGA
2025-07-18	north	22								0.07450822	0.35517514	0.010364666	0.21102773	0.022446932	0.13587213	0.038976975	FGA
2025-07-19	north	22								0.074588545	0.35819423	0.010252299	0.21235241	0.022310393	0.13641831	0.038820803	FGA
2025-07-20	north	22								0.07466897	0.36122456	0.010141135	0.21368326	0.022174662	0.13696627	0.038660176	FGA
2025-07-21	north	22								0.07468934	0.36426586	0.010031164	0.21520758	0.022043332	0.13751602	0.038539667	FGA
2025-07-22	north	22								0.074761905	0.36731794	0.009922372	0.21685185	0.021930229	0.13806754	0.03841958	FGA
2025-07-23	north	22								0.074838	0.37038067	0.009814747	0.21850523	0.021787135	0.13862087	0.038299896	FGA
2025-07-24	north	22								0.07491429	0.37345377	0.009708276	0.21998931	0.021628503	0.139176	0.038180634	FGA
2025-07-25	north	22								0.07499077	0.37653705	0.009602949	0.22107276	0.021489024	0.13973293	0.03807596	FGA
2025-07-26	north	22								0.075067446	0.37963033	0.009498754	0.22214685	0.021350428	0.14029168	0.037979506	FGA
2025-07-27	north	22								0.07514431	0.38273332	0.009395676	0.22322455	0.021212714	0.14085221	0.037883285	FGA
2025-07-28	north	22								0.07524341	0.3858458	0.009293705	0.22430588	0.021075878	0.14141458	0.03778729	FGA
2025-07-29	north	22								0.075302646	0.38896763	0.009192831	0.22539085	0.020939915	0.14197877	0.0376487	FGA
2025-07-30	north	22								0.07532671	0.39209852	0.00909304	0.2265699	0.020804813	0.14254479	0.037498824	FGA
2025-07-31	north	22								0.07535078	0.39523822	0.008994322	0.22787651	0.020670727	0.14311263	0.03734953	FGA
2025-08-01	north	22								0.07532383	0.3983866	0.008896666	0.2290517	0.020541744	0.14383551	0.037200812	FGA
2025-08-02	north	22								0.075296834	0.4015433	0.00880006	0.23042834	0.020413542	0.14457574	0.03705268	FGA
2025-08-03	north	22								0.07530656	0.4047081	0.008704491	0.2318108	0.020286122	0.1452138	0.036905114	FGA
2025-08-04	north	22								0.07531648	0.40788084	0.0086099515	0.23319903	0.020159477	0.14580351	0.036758125	FGA
2025-08-05	north	22								0.07532663	0.4110612	0.008516431	0.23459305	0.020033605	0.14639533	0.036611702	FGA
2025-08-06	north	22								0.07533699	0.41424894	0.008423914	0.23597266	0.019908499	0.14698926	0.03646585	FGA
2025-08-07	north	22								0.07538557	0.4174438	0.008332394	0.23734531	0.019784156	0.14758524	0.036320567	FGA
2025-08-08	north	22								0.07550228	0.42064562	0.00824186	0.23872349	0.01966057	0.14818335	0.036175847	FGA
2025-08-09	north	22								0.07558201	0.42385408	0.008152301	0.2401071	0.019538153	0.14889312	0.036031686	FGA
2025-08-10	north	22								0.07560317	0.42706886	0.008063706	0.24149624	0.019420229	0.14974764	0.03588809	FGA
2025-08-11	north	22								0.075624384	0.43028978	0.007976066	0.24289079	0.01929601	0.15060619	0.035761617	FGA
2025-08-12	north	22								0.07564564	0.43351656	0.0078893695	0.24428667	0.019145472	0.15146875	0.035641722	FGA
2025-08-13	north	22								0.075666964	0.43677276	0.007803609	0.24567917	0.018996105	0.15233535	0.035522215	FGA
2025-08-14	north	22								0.07568832	0.44028863	0.007718772	0.24707702	0.018847907	0.15320411	0.035403095	FGA
2025-08-15	north	22								0.075766884	0.44381076	0.0076348498	0.2484917	0.01870087	0.15399976	0.035284366	FGA
2025-08-16	north	22								0.07589674	0.44733876	0.0075518317	0.24994229	0.018606035	0.1547989	0.035166025	FGA
2025-08-17	north	22								0.07602681	0.4508722	0.007469711	0.2513726	0.018518668	0.1556015	0.03504807	FGA
2025-08-18	north	22								0.07615711	0.4544109	0.0073884754	0.2528052	0.018431721	0.15640756	0.0349305	FGA
2025-08-19	north	22								0.076219924	0.45795432	0.007308115	0.25424325	0.0183452	0.15721714	0.034829423	FGA
2025-08-20	north	22								0.07627329	0.46150225	0.007228623	0.25568658	0.018244388	0.1580075	0.03473088	FGA
2025-08-21	north	22								0.0763267	0.46505424	0.0071499883	0.25713533	0.018127147	0.1586544	0.03463261	FGA
2025-08-22	north	22								0.07638015	0.46860993	0.0070722033	0.25858942	0.018010648	0.15930353	0.034534603	FGA
2025-08-23	north	22								0.07643362	0.472169	0.006995258	0.2600489	0.017897183	0.15995492	0.034436863	FGA
2025-08-24	north	22								0.07648714	0.47573107	0.006919143	0.26151365	0.017786924	0.16060856	0.034339387	FGA
2025-08-25	north	22								0.07654071	0.47929582	0.00684385	0.2629837	0.017677328	0.16116023	0.03424218	FGA
2025-08-26	north	22								0.07659431	0.48286283	0.0067693708	0.26445913	0.017568395	0.16169298	0.034145232	FGA
2025-08-27	north	22								0.07662502	0.48643172	0.006695697	0.2659398	0.017460115	0.16222714	0.034048557	FGA
2025-08-28	north	22								0.07667714	0.4900022	0.0066228197	0.2674258	0.017352493	0.16276275	0.03395214	FGA
2025-08-29	north	22								0.07673783	0.49357376	0.0065507283	0.26891705	0.017221248	0.1632998	0.033855986	FGA
2025-08-30	north	22								0.07679862	0.49714616	0.0064794165	0.27041346	0.017086515	0.16383831	0.033763114	FGA
2025-08-31	north	22								0.076859534	0.50071895	0.0064088763	0.2719152	0.01695283	0.16437826	0.03368192	FGA
2025-09-01	north	22								0.076920554	0.5042918	0.006339098	0.27342212	0.016820176	0.16491966	0.033600915	FGA
2025-09-02	north	22								0.0769817	0.5078644	0.0062700757	0.2749342	0.016688552	0.16546251	0.033520103	FGA
2025-09-03	north	22								0.07704295	0.5114363	0.0062017986	0.2764515	0.016557945	0.16605286	0.033439483	FGA
2025-09-04	north	22								0.077104315	0.5150071	0.0061342604	0.27797398	0.01642835	0.16686189	0.033359047	FGA
2025-09-05	north	22								0.0771658	0.5185765	0.006067114	0.27950156	0.01632125	0.16767411	0.033258982	FGA
2025-09-06	north	22								0.0772274	0.5221441	0.0059983805	0.2810343	0.016223788	0.16848949	0.033149414	FGA
2025-09-07	north	22								0.07728326	0.52570945	0.0059304223	0.28257215	0.016095301	0.16930804	0.033040185	FGA
2025-09-08	north	22								0.07731834	0.5292723	0.005863233	0.2841647	0.015967818	0.1701298	0.0329313	FGA
2025-09-09	north	22								0.07735345	0.5328323	0.005796802	0.28588006	0.015841331	0.17095476	0.032822765	FGA
2025-09-10	north	22								0.07742511	0.53638905	0.005731122	0.28760162	0.0157175	0.17178291	0.032722697	FGA
2025-09-11	north	22								0.07753144	0.53994215	0.0056661856	0.28932932	0.015602094	0.17261428	0.032637775	FGA
2025-09-12	north	22								0.07763792	0.54349124	0.005601982	0.29106322	0.015533508	0.17344886	0.03258405	FGA
2025-09-13	north	22								0.077744514	0.54703605	0.0055385046	0.29277915	0.01545067	0.17428666	0.032530434	FGA
2025-09-14	north	22								0.0778095	0.55057603	0.005475744	0.2944976	0.015336214	0.17512769	0.03247693	FGA
2025-09-15	north	22								0.07783039	0.55411106	0.0054136934	0.29600883	0.015224753	0.17597191	0.032423545	FGA
2025-09-16	north	22								0.077851415	0.55764055	0.0053523453	0.29768845	0.0151154045	0.17681938	0.03237027	FGA
2025-09-17	north	22								0.07787256	0.5611643	0.00529169	0.29973438	0.015006812	0.17767009	0.03231711	FGA
2025-09-18	north	22								0.07789383	0.56468195	0.0052317213	0.30159387	0.01489897	0.17852399	0.032254852	FGA
2025-09-19	north	22								0.077915214	0.5681931	0.0051724305	0.3033352	0.014794176	0.17933321	0.03217508	FGA
2025-09-20	north	22								0.07793674	0.57169735	0.0051138108	0.3050009	0.014707685	0.1801108	0.032086097	FGA
2025-09-21	north	22								0.077958375	0.57519454	0.0050558536	0.30667168	0.014621505	0.18089102	0.031967837	FGA
2025-09-22	north	22								0.07798013	0.5786842	0.0049985526	0.3083476	0.014535632	0.18167388	0.03184999	FGA
2025-09-23	north	22								0.07800202	0.582166	0.0049419003	0.31002852	0.014450066	0.1824594	0.031732555	FGA
2025-09-24	north	22								0.07802403	0.58563966	0.004885888	0.31171453	0.014364807	0.18325245	0.031615525	FGA
2025-09-25	north	22								0.07804617	0.5891047	0.0048305104	0.31340554	0.014279854	0.18414599	0.0314989	FGA
2025-09-26	north	22								0.078068435	0.592561	0.0047757593	0.3151015	0.014195201	0.18504295	0.03138268	FGA
2025-03-31	north	14								0.010014977	0.029882971	0.0025357027	0.020834753	0.0043845284	0.0145975575	0.0064975624	FGA
2025-04-01	north	14								0.009708979	0.029164305	0.0024127115	0.02066562	0.0042167883	0.014259303	0.006239607	FGA
2025-04-02	north	14								0.009369782	0.028784178	0.0023337333	0.019895678	0.004029127	0.013909697	0.005990787	FGA
2025-04-03	north	14								0.009098094	0.028186766	0.0021906958	0.01965063	0.003861492	0.013471614	0.0057736794	FGA
2025-04-04	north	14								0.008815216	0.027935479	0.0020694877	0.019147936	0.003675811	0.013183552	0.005585653	FGA
2025-04-05	north	14								0.008495241	0.0274653	0.001967253	0.01836661	0.0035067592	0.012887187	0.0053639915	FGA
2025-04-06	north	14								0.008175554	0.027001929	0.0018706048	0.017820776	0.0032991166	0.012523766	0.0051530027	FGA
2025-04-07	north	14								0.007883253	0.02654656	0.0017875466	0.017507927	0.0030917183	0.0121136345	0.0050045853	FGA
2025-04-08	north	14								0.007592175	0.02635058	0.0017077813	0.017028447	0.002977752	0.0117863435	0.004893897	FGA
2025-04-09	north	14								0.0073366966	0.026145473	0.0016077165	0.01685039	0.0028791851	0.0114823505	0.0046745404	FGA
2025-04-10	north	14								0.0070579164	0.026084559	0.0015264917	0.016958043	0.0027392576	0.011156175	0.0044620577	FGA
2025-04-11	north	14								0.0068179276	0.025870796	0.0014516104	0.01678882	0.0025848395	0.010846045	0.0042639677	FGA
2025-04-12	north	14								0.006505942	0.025760364	0.0013923588	0.016328247	0.002461324	0.01058611	0.004112418	FGA
2025-04-13	north	14								0.0063450276	0.025902865	0.0013549569	0.015647788	0.0023875006	0.01035371	0.0039605787	FGA
2025-04-14	north	14								0.006121803	0.0261058	0.0012836491	0.015220874	0.0022617953	0.010054234	0.0037987041	FGA
2025-04-15	north	14								0.0059298137	0.026006842	0.0012233183	0.014931349	0.0021408366	0.009827236	0.003610657	FGA
2025-04-16	north	14								0.0057147453	0.025855066	0.0011652374	0.014704007	0.0020295032	0.009561911	0.0034741627	FGA
2025-04-17	north	14								0.005516538	0.025985323	0.0011100012	0.014472128	0.0019374886	0.009337128	0.0033626338	FGA
2025-04-18	north	14								0.0053787157	0.02562729	0.0010574674	0.0141626205	0.0018305117	0.009077748	0.0032598404	FGA
2025-04-19	north	14								0.0052122087	0.025327232	0.0010057691	0.013929313	0.0017312671	0.0089006685	0.0031367973	FGA
2025-04-20	north	14								0.0050368193	0.02560376	0.00094556663	0.013687075	0.0016388737	0.0087355375	0.002988355	FGA
2025-04-21	north	14								0.0048785703	0.02591558	0.0008891077	0.0134441545	0.0015607383	0.008508446	0.0028799819	FGA
2025-04-22	north	14								0.004688512	0.02623159	0.00083555555	0.01315843	0.0014707935	0.00826823	0.0027302576	FGA
2025-04-23	north	14								0.004488008	0.026202625	0.000782249	0.012968314	0.0013831117	0.008045299	0.0026283155	FGA
2025-04-24	north	14								0.004400032	0.025965389	0.00073603017	0.012765301	0.0013171433	0.00786878	0.0025115057	FGA
2025-04-25	north	14								0.004240891	0.025724698	0.00069228036	0.012548029	0.0012505719	0.0076108947	0.0024140514	FGA
2025-04-26	north	14								0.004150333	0.025568355	0.00065518386	0.01233533	0.001185634	0.0074435417	0.0023105429	FGA
2025-04-27	north	14								0.003961808	0.025640164	0.0006200758	0.0119944345	0.0011273293	0.0072652046	0.0022186136	FGA
2025-04-28	north	14								0.0037818262	0.02571213	0.00058684964	0.011850294	0.0010770538	0.007126617	0.002130332	FGA
2025-04-29	north	14								0.003651287	0.02578425	0.00055540446	0.011663207	0.0010283266	0.006981273	0.0020460375	FGA
2025-04-30	north	14								0.0035265319	0.025856527	0.000525645	0.01151119	0.0009821699	0.006852256	0.0019656778	FGA
2025-05-01	north	14								0.003410048	0.025928967	0.0004974808	0.011328376	0.0009340829	0.006697286	0.0018884635	FGA
2025-05-02	north	14								0.0033133465	0.026001563	0.00046925945	0.011148601	0.0008770047	0.0065692747	0.0018004241	FGA
2025-05-03	north	14								0.0032173584	0.02608647	0.00044170857	0.011002631	0.00082411844	0.006357845	0.0017120264	FGA
2025-05-04	north	14								0.0030992061	0.026180193	0.0004157777	0.010926146	0.00078148267	0.006183502	0.0016419145	FGA
2025-05-05	north	14								0.0030108513	0.02627425	0.00039137158	0.010746273	0.00073896063	0.006004986	0.0015785611	FGA
2025-05-06	north	14								0.0029181303	0.026368642	0.0003684003	0.010727008	0.0006943888	0.0058617387	0.001501309	FGA
2025-05-07	north	14								0.0028321699	0.026463373	0.0003467795	0.010705975	0.00065588986	0.005685862	0.0014457032	FGA
2025-05-08	north	14								0.002735245	0.026558444	0.00032642958	0.010480586	0.0006347148	0.0055074915	0.0013771069	FGA
2025-05-09	north	14								0.0026704208	0.02665385	0.0003066431	0.010196945	0.0006060279	0.0053669387	0.0013188637	FGA
2025-05-10	north	14								0.002576044	0.026749603	0.0002865304	0.009917529	0.00057602517	0.0052481703	0.0012657689	FGA
2025-05-11	north	14								0.0024847968	0.026845697	0.0002677403	0.009645693	0.0005481368	0.0050884853	0.0012100852	FGA
2025-05-12	north	14								0.0024087667	0.026942143	0.00025018564	0.009613226	0.0005213123	0.005051508	0.0011537056	FGA
2025-05-13	north	14								0.002323411	0.027038936	0.00023378503	0.009480967	0.00049272896	0.0049591297	0.0010984966	FGA
2025-05-14	north	14								0.0022514786	0.027136076	0.00021885188	0.009273202	0.0004702545	0.0048457426	0.0010527353	FGA
2025-05-15	north	14								0.0021864488	0.027233565	0.00020618219	0.009057873	0.00043889362	0.004735801	0.0010020098	FGA
2025-05-16	north	14								0.0021227624	0.02733141	0.00019424882	0.008914973	0.0004134709	0.004627851	0.00095387176	FGA
2025-05-17	north	14								0.0020480175	0.027429607	0.00018300881	0.008808297	0.00039149	0.0045208577	0.00091935485	FGA
2025-05-18	north	14								0.0019760197	0.027528169	0.0001724217	0.008725415	0.0003688259	0.0044163214	0.0008757026	FGA
2025-05-19	north	14								0.001909114	0.027627084	0.00016243178	0.008640748	0.0003501287	0.004327935	0.0008467435	FGA
2025-05-20	north	14								0.0018433759	0.027726358	0.00015297797	0.008603641	0.0003313696	0.004224171	0.00081603805	FGA
2025-05-21	north	14								0.0017881854	0.027825994	0.00014352436	0.008531717	0.0003128166	0.004116887	0.00077932264	FGA
2025-05-22	north	14								0.0017367692	0.027925998	0.00013426108	0.008510483	0.00029414243	0.004012753	0.00074543717	FGA
2025-05-23	north	14								0.0016894252	0.028026367	0.00012558358	0.008355946	0.0002766908	0.0039285515	0.00071997225	FGA
2025-05-24	north	14								0.0016337015	0.028127104	0.00011744257	0.008242357	0.0002656195	0.0038376157	0.0006865435	FGA
2025-05-25	north	14								0.0015749484	0.02822821	0.000109829416	0.008252612	0.00025502976	0.0037487706	0.00065330334	FGA
2025-05-26	north	14								0.0015203913	0.028329687	0.0001025618	0.008147866	0.0002427725	0.0036619678	0.00062437577	FGA
2025-05-27	north	14								0.0014696053	0.028431537	9.528049e-05	0.008044741	0.0002310531	0.0035756337	0.00060057064	FGA
2025-05-28	north	14								0.0014178238	0.028533762	8.8516565e-05	0.007969111	0.00021759012	0.003491139	0.0005783567	FGA
2025-05-29	north	14								0.0013624091	0.028636366	8.221057e-05	0.007931137	0.0002068145	0.0034086276	0.0005562377	FGA
2025-05-30	north	14								0.0013106152	0.028709978	7.6346216e-05	0.007893398	0.00019764598	0.0033280533	0.0005331	FGA
2025-05-31	north	14								0.0012701838	0.028663939	7.090058e-05	0.007855892	0.00018862453	0.003249372	0.00050972746	FGA
2025-06-01	north	14								0.0012304995	0.028619053	6.584373e-05	0.007791257	0.00017949053	0.0031706605	0.00048614756	FGA
2025-06-02	north	14								0.0011912765	0.02857533	6.1856255e-05	0.0076006474	0.00017020352	0.0030936138	0.0004641546	FGA
2025-06-03	north	14								0.0011532453	0.028539382	5.811249e-05	0.007549636	0.00016025013	0.003018773	0.00044457242	FGA
2025-06-04	north	14								0.0011178071	0.02851589	5.4560456e-05	0.0074896044	0.0001510437	0.0029427859	0.00042738774	FGA
2025-06-05	north	14								0.0010834646	0.028493507	5.099542e-05	0.0074001793	0.00014420736	0.0028813132	0.0004074182	FGA
2025-06-06	north	14								0.0010508937	0.028722474	4.7544174e-05	0.007252888	0.00013768332	0.002834546	0.00038816722	FGA
2025-06-07	north	14								0.0010199235	0.028968671	4.4325952e-05	0.007108543	0.00013067333	0.0027642515	0.0003705577	FGA
2025-06-08	north	14								0.0009889612	0.02921728	4.1592495e-05	0.0069708633	0.000123047	0.0027183914	0.00035467304	FGA
2025-06-09	north	14								0.0009589671	0.029468333	3.9097646e-05	0.0069311466	0.00011586573	0.0026677274	0.00034204268	FGA
2025-06-10	north	14								0.00092662463	0.029729951	3.6737994e-05	0.00689098	0.000109124136	0.0026218074	0.00032963022	FGA
2025-06-11	north	14								0.0008940533	0.029996922	3.4522873e-05	0.006849625	0.00010173321	0.0025766974	0.0003153631	FGA
2025-06-12	north	14								0.00086357363	0.030113468	3.2443306e-05	0.0068085864	9.481515e-05	0.0025172345	0.00030153664	FGA
2025-06-13	north	14								0.0008309513	0.030221958	3.0490875e-05	0.0067342795	8.857294e-05	0.0024927598	0.00028665017	FGA
2025-06-14	north	14								0.00080143707	0.030330848	2.8657709e-05	0.0066305655	8.375337e-05	0.0024271267	0.0002725327	FGA
2025-06-15	north	14								0.0007777448	0.030440155	2.6936423e-05	0.006526543	7.919793e-05	0.0023728726	0.00025915733	FGA
2025-06-16	north	14								0.0007550848	0.030551579	2.5320087e-05	0.0064241346	7.501081e-05	0.002305503	0.00024644184	FGA
2025-06-17	north	14								0.00073284574	0.030666128	2.3783132e-05	0.006323316	7.1056566e-05	0.0022314552	0.00023435336	FGA
2025-06-18	north	14								0.00070912717	0.030781128	2.22434e-05	0.0062240614	6.7310444e-05	0.002177793	0.0002240507	FGA
2025-06-19	north	14								0.00068620767	0.030896576	2.0803436e-05	0.0061483253	6.370979e-05	0.0021249454	0.00021459712	FGA
2025-06-20	north	14								0.0006640596	0.031072136	1.9456776e-05	0.006058315	6.007398e-05	0.0020757087	0.00020514117	FGA
2025-06-21	north	14								0.0006426557	0.03127998	1.8197361e-05	0.005963122	5.6646324e-05	0.0020310972	0.00019631817	FGA
2025-06-22	north	14								0.00062051736	0.031489253	1.7019538e-05	0.005891987	5.341485e-05	0.001991422	0.00018789605	FGA
2025-06-23	north	14								0.00059718546	0.031702094	1.5918016e-05	0.005835032	5.084434e-05	0.001950799	0.00017983493	FGA
2025-06-24	north	14								0.00057479285	0.031919528	1.488785e-05	0.0057786247	4.8412283e-05	0.0019048905	0.00017211941	FGA
2025-06-25	north	14								0.0005520485	0.03213848	1.39244075e-05	0.005722759	4.5481414e-05	0.0018662857	0.00016441538	FGA
2025-06-26	north	14								0.0005302178	0.032358967	1.302337e-05	0.0056674303	4.2748805e-05	0.0018345105	0.00015654317	FGA
2025-06-27	north	14								0.0005092637	0.032581	1.218069e-05	0.0056126346	4.0281673e-05	0.0018016724	0.00014913104	FGA
2025-06-28	north	14								0.0004891505	0.032804582	1.1392583e-05	0.005558365	3.8248367e-05	0.0017624213	0.00014240449	FGA
2025-06-29	north	14								0.00047034444	0.033029735	1.06555135e-05	0.0055037593	3.608992e-05	0.0017228515	0.00013633491	FGA
2025-06-30	north	14								0.00045609378	0.033256453	9.966173e-06	0.0054085697	3.3928376e-05	0.0016835136	0.00013084536	FGA
2025-07-01	north	14								0.00044356598	0.033484764	9.3214685e-06	0.0053212033	3.210823e-05	0.001644268	0.00012463803	FGA
2025-07-02	north	14								0.00043139938	0.03371467	8.748268e-06	0.005266867	3.0385809e-05	0.0016082311	0.000118892654	FGA
2025-07-03	north	14								0.0004174439	0.03394618	8.223507e-06	0.005213081	2.875585e-05	0.0015775112	0.00011394424	FGA
2025-07-04	north	14								0.00040261692	0.034179308	7.721079e-06	0.0051592146	2.7216704e-05	0.0015444742	0.000109300105	FGA
2025-07-05	north	14								0.00038922572	0.034414068	7.2423622e-06	0.0051056156	2.5768919e-05	0.0015108782	0.000104258055	FGA
2025-07-06	north	14								0.00037662126	0.034658186	6.793445e-06	0.005052573	2.4398038e-05	0.0014780164	9.9291465e-05	FGA
2025-07-07	north	14								0.00036573023	0.034944687	6.361094e-06	0.0050000814	2.3104298e-05	0.001445873	9.392705e-05	FGA
2025-07-08	north	14								0.00035408424	0.03523346	5.9508952e-06	0.0049481336	2.1884533e-05	0.0014144314	8.909892e-05	FGA
2025-07-09	north	14								0.00034281623	0.035505604	5.567401e-06	0.0048961663	2.0728987e-05	0.0013824003	8.470914e-05	FGA
2025-07-10	north	14								0.00033277273	0.03565367	5.2088562e-06	0.004851568	1.9634284e-05	0.0013522764	8.087157e-05	FGA
2025-07-11	north	14								0.0003214893	0.035802785	4.866812e-06	0.0048019984	1.8597226e-05	0.0013251869	7.738921e-05	FGA
2025-07-12	north	14								0.00030950207	0.035952955	4.5401925e-06	0.0047529335	1.7614793e-05	0.0012986419	7.3980016e-05	FGA
2025-07-13	north	14								0.0003002299	0.0361042	4.2358793e-06	0.004704367	1.6684106e-05	0.0012726302	7.066518e-05	FGA
2025-07-14	north	14								0.00029123374	0.036256514	3.9523256e-06	0.004656294	1.5802456e-05	0.0012471407	6.766482e-05	FGA
2025-07-15	north	14								0.00028250483	0.03641049	3.6880895e-06	0.0046087094	1.49672605e-05	0.0012221633	6.478022e-05	FGA
2025-07-16	north	14								0.00027380968	0.036578335	3.4418356e-06	0.0045616077	1.417608e-05	0.0011948808	6.1603765e-05	FGA
2025-07-17	north	14								0.0002640221	0.036747385	3.2123178e-06	0.0045149853	1.3426602e-05	0.0011680756	5.8416215e-05	FGA
2025-07-18	north	14								0.00025579502	0.036816284	2.996858e-06	0.004468837	1.2717472e-05	0.001142072	5.564786e-05	FGA
2025-07-19	north	14								0.00024717348	0.036850125	2.794777e-06	0.0044231564	1.2048824e-05	0.0011240917	5.3077394e-05	FGA
2025-07-20	north	14								0.00023884396	0.03688398	2.6065609e-06	0.0043779407	1.1415244e-05	0.0011063972	5.0659808e-05	FGA
2025-07-21	north	14								0.00023079655	0.03691786	2.4236253e-06	0.0043331864	1.0814894e-05	0.0010832712	4.8388727e-05	FGA
2025-07-22	north	14								0.00022302158	0.03700715	2.2455565e-06	0.0042888857	1.0246038e-05	0.0010515274	4.6219615e-05	FGA
2025-07-23	north	14								0.00021496229	0.03711651	2.080578e-06	0.0042450354	9.694143e-06	0.0010223892	4.4120672e-05	FGA
2025-07-24	north	14								0.00020641391	0.037226308	1.9277263e-06	0.0042026457	9.144578e-06	0.001005132	4.208662e-05	FGA
2025-07-25	north	14								0.00019850713	0.037336554	1.7861101e-06	0.0041610026	8.62619e-06	0.0009883139	4.0146304e-05	FGA
2025-07-26	north	14								0.00019102565	0.037449244	1.6549029e-06	0.0041197725	8.137209e-06	0.00097254326	3.829542e-05	FGA
2025-07-27	north	14								0.00018383004	0.03756794	1.5333395e-06	0.00407895	7.675966e-06	0.00095702574	3.6529833e-05	FGA
2025-07-28	north	14								0.00017690926	0.037687134	1.4207103e-06	0.004038533	7.240887e-06	0.00094175746	3.4845627e-05	FGA
2025-07-29	north	14								0.00017025268	0.037806824	1.3163585e-06	0.003998515	6.8304857e-06	0.00092546607	3.323904e-05	FGA
2025-07-30	north	14								0.00016427954	0.037927017	1.2196756e-06	0.003958895	6.41332e-06	0.00090748124	3.1706506e-05	FGA
2025-07-31	north	14								0.00015879772	0.038047716	1.1300975e-06	0.0039196666	6.038981e-06	0.00089086674	3.0244613e-05	FGA
2025-08-01	north	14								0.00015349878	0.038168922	1.0471022e-06	0.0039021922	5.723551e-06	0.00087670283	2.8602914e-05	FGA
2025-08-02	north	14								0.0001483766	0.038274977	9.702052e-07	0.0038713603	5.4001925e-06	0.00086235575	2.7024122e-05	FGA
2025-08-03	north	14								0.0001434253	0.038347233	8.9895855e-07	0.0038150828	5.0988706e-06	0.00084780075	2.5533249e-05	FGA
2025-08-04	north	14								0.00013863921	0.038419623	8.3294674e-07	0.0037659884	4.846086e-06	0.00083349145	2.4238263e-05	FGA
2025-08-05	north	14								0.00013420908	0.03849215	7.7178504e-07	0.0037292812	4.605834e-06	0.0008194237	2.3052924e-05	FGA
2025-08-06	north	14								0.0001299142	0.038564797	7.151167e-07	0.0036903447	4.3607965e-06	0.00080396316	2.1926198e-05	FGA
2025-08-07	north	14								0.00012533521	0.038637582	6.643947e-07	0.0036507973	4.107743e-06	0.000783135	2.0855156e-05	FGA
2025-08-08	north	14								0.000121039164	0.038710505	6.1822215e-07	0.0036116824	3.8691837e-06	0.00076204014	1.9875857e-05	FGA
2025-08-09	north	14								0.000116999916	0.038783565	5.752551e-07	0.0035729934	3.6443e-06	0.0007412035	1.8961455e-05	FGA
2025-08-10	north	14								0.00011279063	0.038856752	5.352712e-07	0.0035347266	3.4323186e-06	0.00072093727	1.8089078e-05	FGA
2025-08-11	north	14								0.00010887532	0.03893007	4.980637e-07	0.0034968776	3.232509e-06	0.0007012261	1.7256805e-05	FGA
2025-08-12	north	14								0.000105681844	0.039003525	4.6343973e-07	0.0034502211	3.044182e-06	0.0006820548	1.646279e-05	FGA
2025-08-13	north	14								0.000102507336	0.039077118	4.312202e-07	0.0033984573	2.8666861e-06	0.0006656037	1.5705275e-05	FGA
2025-08-14	north	14								9.9308134e-05	0.039150845	4.012383e-07	0.0033474765	2.6994069e-06	0.0006526244	1.4982585e-05	FGA
2025-08-15	north	14								9.620907e-05	0.039224703	3.733388e-07	0.003309593	2.605649e-06	0.000639904	1.429312e-05	FGA
2025-08-16	north	14								9.320703e-05	0.0392987	3.473771e-07	0.0032739227	2.4839865e-06	0.0006274368	1.3635354e-05	FGA
2025-08-17	north	14								9.0113506e-05	0.039432354	3.232188e-07	0.0032386363	2.3375433e-06	0.0006152178	1.3007496e-05	FGA
2025-08-18	north	14								8.691529e-05	0.039607454	3.0073875e-07	0.0032037282	2.1997034e-06	0.0006043148	1.237759e-05	FGA
2025-08-19	north	14								8.384183e-05	0.039783426	2.7982045e-07	0.0031691957	2.0705677e-06	0.00058742514	1.1778178e-05	FGA
2025-08-20	north	14								8.117628e-05	0.039960273	2.6035553e-07	0.0031350343	1.9493382e-06	0.00057009375	1.1207783e-05	FGA
2025-08-21	north	14								7.859478e-05	0.040138002	2.4224312e-07	0.0031012397	1.8253427e-06	0.00055385043	1.0665e-05	FGA
2025-08-22	north	14								7.60947e-05	0.04031662	2.2538931e-07	0.0030678085	1.7069366e-06	0.00053807255	1.0141068e-05	FGA
2025-08-23	north	14								7.3673495e-05	0.040496126	2.0970677e-07	0.0030347365	1.6035909e-06	0.00052569737	9.636561e-06	FGA
2025-08-24	north	14								7.1328686e-05	0.040676527	1.9511413e-07	0.00300202	1.5147559e-06	0.0005144792	9.274803e-06	FGA
2025-08-25	north	14								6.9057874e-05	0.04085783	1.8153577e-07	0.0029696554	1.4308412e-06	0.0005035008	8.8159995e-06	FGA
2025-08-26	north	14								6.685873e-05	0.041040033	1.6890124e-07	0.0029376382	1.3522341e-06	0.0004921333	8.379835e-06	FGA
2025-08-27	north	14								6.472904e-05	0.04122315	1.5714501e-07	0.0029059653	1.2725616e-06	0.0004805422	7.965196e-06	FGA
2025-08-28	north	14								6.2666586e-05	0.04140718	1.462061e-07	0.0028746328	1.1975726e-06	0.00046922514	7.571024e-06	FGA
2025-08-29	north	14								6.06693e-05	0.041592125	1.3602772e-07	0.0028436377	1.1269926e-06	0.00045817567	7.1963077e-06	FGA
2025-08-30	north	14								5.8735106e-05	0.04178291	1.2655707e-07	0.002812976	1.060563e-06	0.0004473874	6.840093e-06	FGA
2025-08-31	north	14								5.6795463e-05	0.04197795	1.17745e-07	0.0027826438	9.980403e-07	0.0004368542	6.5014674e-06	FGA
2025-09-01	north	14								5.487542e-05	0.042173993	1.0954574e-07	0.0027526375	9.391949e-07	0.00042656987	6.179563e-06	FGA
2025-09-02	north	14								5.3020296e-05	0.04237105	1.0191676e-07	0.002722954	8.8381125e-07	0.00041730993	5.8797605e-06	FGA
2025-09-03	north	14								5.12279e-05	0.04256912	9.481839e-08	0.00269359	8.31686e-07	0.00040974698	5.604292e-06	FGA
2025-09-04	north	14								4.9496106e-05	0.042768203	8.821381e-08	0.0026797277	7.8262804e-07	0.00040232096	5.3438143e-06	FGA
2025-09-05	north	14								4.8659997e-05	0.04296832	8.2068695e-08	0.002678738	7.364571e-07	0.00039449506	5.12488e-06	FGA
2025-09-06	north	14								4.707106e-05	0.04316946	7.63511e-08	0.0026777773	6.9300376e-07	0.00038675615	4.918556e-06	FGA
2025-09-07	north	14								4.553364e-05	0.043371644	7.103134e-08	0.0026553108	6.521084e-07	0.0003791037	4.7034077e-06	FGA
2025-09-08	north	14								4.404608e-05	0.043574862	6.6081746e-08	0.0026312044	6.1362084e-07	0.00037000977	4.5025567e-06	FGA
2025-09-09	north	14								4.2606775e-05	0.043779127	6.1476605e-08	0.0026073437	5.773995e-07	0.0003613246	4.3110567e-06	FGA
2025-09-10	north	14								4.121416e-05	0.043984443	5.719197e-08	0.0025837272	5.433113e-07	0.00035469898	4.1060293e-06	FGA
2025-09-11	north	14								3.986673e-05	0.04419081	5.3205557e-08	0.0025603524	5.1123084e-07	0.00034819474	3.9038487e-06	FGA
2025-09-12	north	14								3.8563026e-05	0.04439824	4.949665e-08	0.0025360042	4.8104033e-07	0.00034180976	3.712782e-06	FGA
2025-09-13	north	14								3.730163e-05	0.04460674	4.6045937e-08	0.0025103418	4.5262848e-07	0.0003354924	3.5390453e-06	FGA
2025-09-14	north	14								3.6084064e-05	0.044816308	4.283547e-08	0.0024849377	4.2589073e-07	0.00032909354	3.3904878e-06	FGA
2025-09-15	north	14								3.4928045e-05	0.045026954	3.9848544e-08	0.0024597896	4.0108418e-07	0.0003228165	3.2507694e-06	FGA
2025-09-16	north	14								3.376794e-05	0.04523869	3.7069615e-08	0.0024348951	3.779714e-07	0.0003207627	3.1168822e-06	FGA
2025-09-17	north	14								3.2614917e-05	0.0454515	3.4484216e-08	0.0024102516	3.5618953e-07	0.00031522164	2.9885803e-06	FGA
2025-09-18	north	14								3.1501295e-05	0.045665406	3.2078887e-08	0.0023858568	3.35662e-07	0.0003090505	2.865627e-06	FGA
2025-09-19	north	14								3.0425725e-05	0.045880422	2.9841097e-08	0.0023617079	3.1631654e-07	0.00030299975	2.7713095e-06	FGA
2025-09-20	north	14								2.9386909e-05	0.046096534	2.7759198e-08	0.0023378027	2.9808518e-07	0.00029683876	2.6733771e-06	FGA
2025-09-21	north	14								2.8383583e-05	0.04631376	2.582234e-08	0.002314138	2.809038e-07	0.00029069948	2.5487986e-06	FGA
2025-09-22	north	14								2.7414544e-05	0.046532094	2.4020434e-08	0.0022907124	2.64712e-07	0.00028468634	2.4306232e-06	FGA
2025-09-23	north	14								2.6478614e-05	0.04668643	2.2344087e-08	0.002267523	2.4945282e-07	0.00027879677	2.3179227e-06	FGA
2025-09-24	north	14								2.5574656e-05	0.04683539	2.0784562e-08	0.0022445675	2.3507256e-07	0.00027316337	2.2104437e-06	FGA
2025-09-25	north	14								2.4701589e-05	0.046984795	1.933373e-08	0.0022218437	2.2152061e-07	0.0002684743	2.107944e-06	FGA
2025-09-26	north	14								2.3858343e-05	0.04713464	1.7984027e-08	0.0021993488	2.0877226e-07	0.00026377037	2.0101934e-06	FGA
